sale_date,year,month,quarter,day_of_week,is_weekend,total_units_sold,total_revenue,total_gross_profit,total_marketing_spend,revenue_lag_1day,revenue_lag_7day,revenue_lag_30day,revenue_lag_365day,ma_7day,ma_30day,has_campaign,is_holiday_season,is_december
2023-01-01,2023,1,1,6,1,16787,1133417.94,571302.6,802.5,,,,,1133418.0,1133418.0,1,0,0
2023-01-02,2023,1,1,0,0,10585,698894.69,352514.94,802.5,1133417.94,,,,916156.0,916156.0,1,0,0
2023-01-03,2023,1,1,1,0,10541,713164.86,360638.85,802.5,698894.69,,,,848492.0,848492.0,1,0,0
2023-01-04,2023,1,1,2,0,10713,700771.7,353719.94,802.5,713164.86,,,,811562.0,811562.0,1,0,0
2023-01-05,2023,1,1,3,0,10582,720935.33,363840.52,802.5,700771.7,,,,793437.0,793437.0,1,0,0
2023-01-06,2023,1,1,4,0,13875,941099.22,475369.35,802.5,720935.33,,,,818047.0,818047.0,1,0,0
2023-01-07,2023,1,1,5,1,16157,1083316.15,546145.43,802.5,941099.22,,,,855943.0,855943.0,1,0,0
2023-01-08,2023,1,1,6,1,16544,1100131.59,555019.59,802.5,1083316.15,1133417.94,,,851188.0,886466.0,1,0,0
2023-01-09,2023,1,1,0,0,10710,711756.15,359672.23,802.5,1100131.59,698894.69,,,853025.0,867054.0,1,0,0
2023-01-10,2023,1,1,1,0,10612,703350.47,354701.42,802.5,711756.15,713164.86,,,851623.0,850684.0,1,0,0
2023-01-11,2023,1,1,2,0,10490,711812.89,358485.89,802.5,703350.47,700771.7,,,853200.0,838059.0,1,0,0
2023-01-12,2023,1,1,3,0,10375,703804.62,354419.09,802.5,711812.89,720935.33,,,850753.0,826871.0,1,0,0
2023-01-13,2023,1,1,4,0,14469,951520.2,480967.85,802.5,703804.62,941099.22,,,852242.0,836460.0,1,0,0
2023-01-14,2023,1,1,5,1,16719,1102734.76,557120.26,802.5,951520.2,1083316.15,,,855016.0,855479.0,1,0,0
2023-01-15,2023,1,1,6,1,16541,1104377.4,556975.0,802.5,1102734.76,1100131.59,,,855622.0,872073.0,1,0,0
2023-01-16,2023,1,1,0,0,9756,629898.73,317643.92,0.0,1104377.4,711756.15,,,843928.0,856937.0,0,0,0
2023-01-17,2023,1,1,1,0,9882,647896.38,327438.69,0.0,629898.73,703350.47,,,836006.0,844640.0,0,0,0
2023-01-18,2023,1,1,2,0,9834,644189.66,326378.9,0.0,647896.38,711812.89,,,826346.0,833504.0,0,0,0
2023-01-19,2023,1,1,3,0,9943,663343.75,335289.68,0.0,644189.66,703804.62,,,820566.0,824548.0,0,0,0
2023-01-20,2023,1,1,4,0,13467,867312.6,438718.97,0.0,663343.75,951520.2,,,808536.0,826686.0,0,0,0
2023-01-21,2023,1,1,5,1,15287,976054.32,492735.17,0.0,867312.6,1102734.76,,,790439.0,833799.0,0,0,0
2023-01-22,2023,1,1,6,1,15620,1008928.76,510077.56,0.0,976054.32,1104377.4,,,776803.0,841760.0,0,0,0
2023-01-23,2023,1,1,0,0,9948,645105.0,325771.7,0.0,1008928.76,629898.73,,,778976.0,833209.0,0,0,0
2023-01-24,2023,1,1,1,0,10238,654856.93,330374.11,0.0,645105.0,647896.38,,,779970.0,825778.0,0,0,0
2023-01-25,2023,1,1,2,0,9919,647477.72,327105.61,0.0,654856.93,644189.66,,,780440.0,818646.0,0,0,0
2023-01-26,2023,1,1,3,0,9990,646707.34,327111.94,0.0,647477.72,663343.75,,,778063.0,812033.0,0,0,0
2023-01-27,2023,1,1,4,0,13453,849624.92,430029.18,0.0,646707.34,867312.6,,,775536.0,813425.0,0,0,0
2023-01-28,2023,1,1,5,1,15507,1002923.42,507522.88,0.0,849624.92,976054.32,,,779375.0,820193.0,0,0,0
2023-01-29,2023,1,1,6,1,15001,1005928.14,508751.07,0.0,1002923.42,1008928.76,,,778946.0,826598.0,0,0,0
2023-01-30,2023,1,1,0,0,9654,622316.66,314950.68,0.0,1005928.14,645105.0,,,775691.0,819788.0,0,0,0
2023-01-31,2023,1,1,1,0,9900,638586.83,323098.32,0.0,622316.66,654856.93,1133417.94,,773366.0,803294.0,0,0,0
2023-02-01,2023,2,1,2,0,9702,643255.67,325387.41,0.0,638586.83,647477.72,698894.69,,772763.0,801439.0,0,0,0
2023-02-02,2023,2,1,3,0,9927,659254.81,333307.01,0.0,643255.67,646707.34,713164.86,,774556.0,799642.0,0,0,0
2023-02-03,2023,2,1,4,0,13150,860411.78,434564.64,0.0,659254.81,849624.92,700771.7,,776097.0,804964.0,0,0,0
2023-02-04,2023,2,1,5,1,15396,983917.23,497981.17,0.0,860411.78,1002923.42,720935.33,,773382.0,813730.0,0,0,0
2023-02-05,2023,2,1,6,1,15538,1013528.28,512153.56,0.0,983917.23,1005928.14,941099.22,,774467.0,816144.0,0,0,0
2023-02-06,2023,2,1,0,0,10007,645497.24,326275.08,0.0,1013528.28,622316.66,1083316.15,,777779.0,801550.0,0,0,0
2023-02-07,2023,2,1,1,0,9733,635579.56,321305.87,0.0,645497.24,638586.83,1100131.59,,777349.0,786065.0,0,0,0
2023-02-08,2023,2,1,2,0,9735,645178.03,326026.17,0.0,635579.56,643255.67,711756.15,,777624.0,783846.0,0,0,0
2023-02-09,2023,2,1,3,0,10061,640096.73,324177.55,0.0,645178.03,659254.81,703350.47,,774887.0,781737.0,0,0,0
2023-02-10,2023,2,1,4,0,12963,856165.01,432931.15,0.0,640096.73,860411.78,711812.89,,774280.0,786549.0,0,0,0
2023-02-11,2023,2,1,5,1,15538,990529.56,500953.11,0.0,856165.01,983917.23,703804.62,,775225.0,796107.0,0,0,0
2023-02-12,2023,2,1,6,1,15480,995158.08,503992.41,0.0,990529.56,1013528.28,951520.2,,772601.0,797561.0,0,0,0
2023-02-13,2023,2,1,0,0,9890,640658.71,323358.23,0.0,995158.08,645497.24,1102734.76,,771909.0,782159.0,0,0,0
2023-02-14,2023,2,1,1,0,10029,645632.98,326772.6,0.0,640658.71,635579.56,1104377.4,,773346.0,766867.0,0,0,0
2023-02-15,2023,2,1,2,0,9719,623617.34,315390.14,0.0,645632.98,645178.03,629898.73,,770265.0,766658.0,0,0,0
2023-02-16,2023,2,1,3,0,9811,649601.15,328371.9,0.0,623617.34,640096.73,647896.38,,771623.0,766715.0,0,0,0
2023-02-17,2023,2,1,4,0,12982,840792.01,424416.54,0.0,649601.15,856165.01,644189.66,,769427.0,773268.0,0,0,0
2023-02-18,2023,2,1,5,1,15401,1000291.27,505541.42,0.0,840792.01,990529.56,663343.75,,770822.0,784500.0,0,0,0
2023-02-19,2023,2,1,6,1,15509,1007497.74,509248.8,0.0,1000291.27,995158.08,867312.6,,772584.0,789172.0,0,0,0
2023-02-20,2023,2,1,0,0,9785,645693.66,326333.08,0.0,1007497.74,640658.71,976054.32,,773304.0,778160.0,0,0,0
2023-02-21,2023,2,1,1,0,9618,644198.65,324671.19,0.0,645693.66,645632.98,1008928.76,,773099.0,766003.0,0,0,0
2023-02-22,2023,2,1,2,0,9828,640273.43,323682.97,0.0,644198.65,623617.34,645105.0,,775478.0,765842.0,0,0,0
2023-02-23,2023,2,1,3,0,10016,638737.65,322567.85,0.0,640273.43,649601.15,654856.93,,773926.0,765304.0,0,0,0
2023-02-24,2023,2,1,4,0,13025,842806.84,426731.15,0.0,638737.65,840792.01,647477.72,,774214.0,771815.0,0,0,0
2023-02-25,2023,2,1,5,1,15576,1028542.18,519888.71,0.0,842806.84,1000291.27,646707.34,,778250.0,784543.0,0,0,0
2023-02-26,2023,2,1,6,1,15508,1007736.7,509546.99,0.0,1028542.18,1007497.74,849624.92,,778284.0,789814.0,0,0,0
2023-02-27,2023,2,1,0,0,9724,637517.61,321336.23,0.0,1007736.7,645693.66,1002923.42,,777116.0,777633.0,0,0,0
2023-02-28,2023,2,1,1,0,9944,633863.11,319880.15,0.0,637517.61,644198.65,1005928.14,,775640.0,765231.0,0,0,0
2023-03-01,2023,3,1,2,0,10768,749248.92,377634.52,0.0,633863.11,640273.43,622316.66,,791208.0,769462.0,0,0,0
2023-03-02,2023,3,1,3,0,10433,729033.82,367456.89,0.0,749248.92,638737.65,638586.83,,804107.0,772477.0,0,0,0
2023-03-03,2023,3,1,4,0,13958,965977.62,486775.94,0.0,729033.82,842806.84,643255.67,,821703.0,783235.0,0,0,0
2023-03-04,2023,3,1,5,1,16393,1139334.56,575601.04,0.0,965977.62,1028542.18,659254.81,,837530.0,799237.0,0,0,0
2023-03-05,2023,3,1,6,1,16725,1139094.72,574946.19,0.0,1139334.56,1007736.7,860411.78,,856296.0,808527.0,0,0,0
2023-03-06,2023,3,1,0,0,10528,721627.62,363584.16,0.0,1139094.72,637517.61,983917.23,,868311.0,799784.0,0,0,0
2023-03-07,2023,3,1,1,0,10637,732990.19,369962.43,0.0,721627.62,633863.11,1013528.28,,882472.0,790432.0,0,0,0
2023-03-08,2023,3,1,2,0,10600,723992.26,365064.55,0.0,732990.19,749248.92,645497.24,,878864.0,793049.0,0,0,0
2023-03-09,2023,3,1,3,0,10495,721589.5,363829.46,0.0,723992.26,729033.82,635579.56,,877801.0,795916.0,0,0,0
2023-03-10,2023,3,1,4,0,13932,969452.94,489226.89,0.0,721589.5,965977.62,645178.03,,878297.0,806725.0,0,0,0
2023-03-11,2023,3,1,5,1,16269,1149758.69,580006.25,0.0,969452.94,1139334.56,640096.73,,879787.0,823714.0,0,0,0
2023-03-12,2023,3,1,6,1,16136,1122606.32,565484.22,0.0,1149758.69,1139094.72,856165.01,,877431.0,832595.0,0,0,0
2023-03-13,2023,3,1,0,0,10369,723208.52,365348.97,0.0,1122606.32,721627.62,990529.56,,877657.0,823684.0,0,0,0
2023-03-14,2023,3,1,1,0,10522,720982.94,363565.87,0.0,723208.52,732990.19,995158.08,,875942.0,814545.0,0,0,0
2023-03-15,2023,3,1,2,0,10696,732041.65,368890.65,0.0,720982.94,723992.26,640658.71,,877092.0,817591.0,0,0,0
2023-03-16,2023,3,1,3,0,10515,728053.8,367125.19,0.0,732041.65,721589.5,645632.98,,878015.0,820339.0,0,0,0
2023-03-17,2023,3,1,4,0,13678,959361.79,484101.47,0.0,728053.8,969452.94,623617.34,,876573.0,831530.0,0,0,0
2023-03-18,2023,3,1,5,1,16546,1124334.48,567966.62,0.0,959361.79,1149758.69,649601.15,,872941.0,847355.0,0,0,0
2023-03-19,2023,3,1,6,1,16500,1160414.56,586309.24,0.0,1124334.48,1122606.32,840792.01,,878343.0,858009.0,0,0,0
2023-03-20,2023,3,1,0,0,10670,737646.56,371658.76,0.0,1160414.56,723208.52,1000291.27,,880405.0,849254.0,0,0,0
2023-03-21,2023,3,1,1,0,10516,702681.7,354448.33,0.0,737646.56,720982.94,1007497.74,,877791.0,839093.0,0,0,0
2023-03-22,2023,3,1,2,0,16157,982348.36,495335.73,661.5,702681.7,732041.65,645693.66,,913549.0,850315.0,1,0,0
2023-03-23,2023,3,1,3,0,16059,987207.05,497221.42,661.5,982348.36,728053.8,644198.65,,950571.0,861749.0,1,0,0
2023-03-24,2023,3,1,4,0,21829,1272394.81,641018.12,661.5,987207.05,959361.79,640273.43,,995290.0,882820.0,1,0,0
2023-03-25,2023,3,1,5,1,24957,1526497.32,767637.4,661.5,1272394.81,1124334.48,638737.65,,1052741.0,912412.0,1,0,0
2023-03-26,2023,3,1,6,1,24909,1514232.39,762052.27,661.5,1526497.32,1160414.56,842806.84,,1103287.0,934792.0,1,0,0
2023-03-27,2023,3,1,0,0,16263,976074.28,491193.7,661.5,1514232.39,737646.56,1028542.18,,1137348.0,933043.0,1,0,0
2023-03-28,2023,3,1,1,0,15710,984770.61,496375.8,661.5,976074.28,702681.7,1007736.7,,1177646.0,932278.0,1,0,0
2023-03-29,2023,3,1,2,0,16482,988814.31,498789.82,661.5,984770.61,982348.36,637517.61,,1178570.0,943988.0,1,0,0
2023-03-30,2023,3,1,3,0,15988,957492.96,482565.73,661.5,988814.31,987207.05,633863.11,,1174325.0,954776.0,1,0,0
2023-03-31,2023,3,1,4,0,21648,1303855.54,657118.42,661.5,957492.96,1272394.81,749248.92,,1178820.0,973262.0,1,0,0
2023-04-01,2023,4,2,5,1,25371,1536689.13,774103.53,661.5,1303855.54,1526497.32,729033.82,,1180276.0,1000184.0,1,0,0
2023-04-02,2023,4,2,6,1,24469,1542578.52,776692.09,661.5,1536689.13,1514232.39,965977.62,,1184325.0,1019404.0,1,0,0
2023-04-03,2023,4,2,0,0,16267,987921.98,498066.11,661.5,1542578.52,976074.28,1139334.56,,1186018.0,1014357.0,1,0,0
2023-04-04,2023,4,2,1,0,16307,976500.07,492296.04,661.5,987921.98,984770.61,1139094.72,,1184836.0,1008937.0,1,0,0
2023-04-05,2023,4,2,2,0,15742,961009.71,483938.36,661.5,976500.07,988814.31,721627.62,,1180864.0,1016917.0,1,0,0
2023-04-06,2023,4,2,3,0,15975,981392.72,494551.99,661.5,961009.71,957492.96,732990.19,,1184278.0,1025197.0,1,0,0
2023-04-07,2023,4,2,4,0,20822,1304471.19,659072.56,661.5,981392.72,1303855.54,723992.26,,1184366.0,1044546.0,1,0,0
2023-04-08,2023,4,2,5,1,24960,1520687.97,764327.26,661.5,1304471.19,1536689.13,721589.5,,1182080.0,1071183.0,1,0,0
2023-04-09,2023,4,2,6,1,25458,1563143.3,788372.27,661.5,1520687.97,1542578.52,969452.94,,1185018.0,1090972.0,1,0,0
2023-04-10,2023,4,2,0,0,16167,986921.97,497374.04,661.5,1563143.3,987921.98,1149758.69,,1184875.0,1085545.0,1,0,0
2023-04-11,2023,4,2,1,0,15805,977362.66,492394.35,661.5,986921.97,976500.07,1122606.32,,1184999.0,1080703.0,1,0,0
2023-04-12,2023,4,2,2,0,16542,1002191.18,504984.88,661.5,977362.66,961009.71,723208.52,,1190882.0,1090003.0,1,0,0
2023-04-13,2023,4,2,3,0,16147,980771.02,494077.97,661.5,1002191.18,981392.72,720982.94,,1190793.0,1098662.0,1,0,0
2023-04-14,2023,4,2,4,0,21465,1280773.47,645506.6,661.5,980771.02,1304471.19,732041.65,,1187407.0,1116953.0,1,0,0
2023-04-15,2023,4,2,5,1,25166,1514365.15,763787.1,661.5,1280773.47,1520687.97,728053.8,,1186504.0,1143164.0,1,0,0
2023-04-16,2023,4,2,6,1,24408,1507560.24,759117.2,661.5,1514365.15,1563143.3,959361.79,,1178564.0,1161437.0,1,0,0
2023-04-17,2023,4,2,0,0,15512,966467.16,486962.2,661.5,1507560.24,986921.97,1124334.48,,1175642.0,1156175.0,1,0,0
2023-04-18,2023,4,2,1,0,16177,988586.77,498466.83,661.5,966467.16,977362.66,1160414.56,,1177245.0,1150447.0,1,0,0
2023-04-19,2023,4,2,2,0,16075,995855.63,501499.95,661.5,988586.77,1002191.18,737646.56,,1176340.0,1159054.0,1,0,0
2023-04-20,2023,4,2,3,0,16301,975407.99,491718.02,661.5,995855.63,980771.02,702681.7,,1175574.0,1168145.0,1,0,0
2023-04-21,2023,4,2,4,0,40056,2278702.11,1155711.15,4189.5,975407.99,1280773.47,982348.36,,1318135.0,1211357.0,1,0,0
2023-04-22,2023,4,2,5,1,29583,1995480.9,1013738.53,4000.5,2278702.11,1514365.15,987207.05,,1386866.0,1244966.0,1,0,0
2023-04-23,2023,4,2,6,1,29665,2000632.36,1012175.01,4000.5,1995480.9,1507560.24,1272394.81,,1457305.0,1269240.0,1,0,0
2023-04-24,2023,4,2,0,0,18974,1272410.7,644253.79,4000.5,2000632.36,966467.16,1526497.32,,1501011.0,1260771.0,1,0,0
2023-04-25,2023,4,2,1,0,19571,1278246.59,645945.29,4000.5,1272410.7,988586.77,1514232.39,,1542391.0,1252905.0,1,0,0
2023-04-26,2023,4,2,2,0,19624,1268414.94,643598.45,4000.5,1278246.59,995855.63,976074.28,,1581328.0,1262649.0,1,0,0
2023-04-27,2023,4,2,3,0,19683,1296943.31,656652.4,4000.5,1268414.94,975407.99,984770.61,,1627262.0,1273055.0,1,0,0
2023-04-28,2023,4,2,4,0,25532,1687610.2,854356.09,4000.5,1296943.31,2278702.11,988814.31,,1542820.0,1296348.0,1,0,0
2023-04-29,2023,4,2,5,1,16533,1148652.26,580515.07,0.0,1687610.2,1995480.9,957492.96,,1421844.0,1302720.0,0,0,0
2023-04-30,2023,4,2,6,1,16669,1165614.28,588690.63,0.0,1148652.26,2000632.36,1303855.54,,1302556.0,1298112.0,0,0,0
2023-05-01,2023,5,2,0,0,9988,682655.16,345429.28,0.0,1165614.28,1272410.7,1536689.13,,1218305.0,1269644.0,0,0,0
2023-05-02,2023,5,2,1,0,9778,678805.57,343006.84,0.0,682655.16,1278246.59,1542578.52,,1132671.0,1240852.0,0,0,0
2023-05-03,2023,5,2,2,0,9817,686899.56,347373.28,0.0,678805.57,1268414.94,987921.98,,1049597.0,1230818.0,0,0,0
2023-05-04,2023,5,2,3,0,10264,715091.13,362115.93,0.0,686899.56,1296943.31,976500.07,,966475.0,1222104.0,0,0,0
2023-05-05,2023,5,2,4,0,13338,923474.12,467692.75,0.0,715091.13,1687610.2,961009.71,,857313.0,1220853.0,0,0,0
2023-05-06,2023,5,2,5,1,16029,1100303.07,557135.03,0.0,923474.12,1148652.26,981392.72,,850406.0,1224817.0,0,0,0
2023-05-07,2023,5,2,6,1,15512,1087346.0,550559.67,0.0,1100303.07,1165614.28,1304471.19,,839225.0,1217579.0,0,0,0
2023-05-08,2023,5,2,0,0,9957,692126.5,349821.11,0.0,1087346.0,682655.16,1520687.97,,840578.0,1189961.0,0,0,0
2023-05-09,2023,5,2,1,0,10195,705279.47,357153.38,0.0,692126.5,678805.57,1563143.3,,844360.0,1161365.0,0,0,0
2023-05-10,2023,5,2,2,0,9979,679310.42,344234.53,0.0,705279.47,686899.56,986921.97,,843276.0,1151111.0,0,0,0
2023-05-11,2023,5,2,3,0,10101,684420.44,346817.16,0.0,679310.42,715091.13,977362.66,,838894.0,1141347.0,0,0,0
2023-05-12,2023,5,2,4,0,13081,902144.2,456820.76,0.0,684420.44,923474.12,1002191.18,,835847.0,1138012.0,0,0,0
2023-05-13,2023,5,2,5,1,15516,1079867.69,547138.69,0.0,902144.2,1100303.07,980771.02,,832928.0,1141315.0,0,0,0
2023-05-14,2023,5,2,6,1,15526,1052876.12,531691.26,0.0,1079867.69,1087346.0,1280773.47,,828004.0,1133718.0,0,0,0
2023-05-15,2023,5,2,0,0,9898,679829.11,343573.9,0.0,1052876.12,692126.5,1514365.15,,826247.0,1105900.0,0,0,0
2023-05-16,2023,5,2,1,0,10007,693577.56,351162.57,0.0,679829.11,705279.47,1507560.24,,824575.0,1078768.0,0,0,0
2023-05-17,2023,5,2,2,0,9804,685874.63,346522.5,0.0,693577.56,679310.42,966467.16,,825513.0,1069415.0,0,0,0
2023-05-18,2023,5,2,3,0,10008,699986.99,354151.25,0.0,685874.63,684420.44,988586.77,,827737.0,1059795.0,0,0,0
2023-05-19,2023,5,2,4,0,13051,922204.62,466778.65,0.0,699986.99,902144.2,995855.63,,830602.0,1057340.0,0,0,0
2023-05-20,2023,5,2,5,1,15683,1096494.7,555527.47,0.0,922204.62,1079867.69,975407.99,,832978.0,1061376.0,0,0,0
2023-05-21,2023,5,2,6,1,15158,1066637.49,539374.55,0.0,1096494.7,1052876.12,2278702.11,,834944.0,1020974.0,0,0,0
2023-05-22,2023,5,2,0,0,10035,697476.89,352864.32,0.0,1066637.49,679829.11,1995480.9,,837465.0,977707.0,0,0,0
2023-05-23,2023,5,2,1,0,9967,707124.05,358108.42,0.0,697476.89,693577.56,2000632.36,,839400.0,934590.0,0,0,0
2023-05-24,2023,5,2,2,0,9998,700284.02,354296.45,0.0,707124.05,685874.63,1272410.7,,841458.0,915519.0,0,0,0
2023-05-25,2023,5,2,3,0,10057,689011.07,348685.17,0.0,700284.02,699986.99,1278246.59,,839890.0,895878.0,0,0,0
2023-05-26,2023,5,2,4,0,13373,930640.56,471049.44,0.0,689011.07,922204.62,1268414.94,,841096.0,884619.0,0,0,0
2023-05-27,2023,5,2,5,1,15568,1063563.52,539462.78,0.0,930640.56,1096494.7,1296943.31,,836391.0,876839.0,0,0,0
2023-05-28,2023,5,2,6,1,15561,1085969.0,549213.09,0.0,1063563.52,1066637.49,1687610.2,,839153.0,856785.0,0,0,0
2023-05-29,2023,5,2,0,0,9917,695281.52,351985.38,0.0,1085969.0,697476.89,1148652.26,,838839.0,841672.0,0,0,0
2023-05-30,2023,5,2,1,0,9948,686400.99,347300.5,0.0,695281.52,707124.05,1165614.28,,835879.0,825699.0,0,0,0
2023-05-31,2023,5,2,2,0,9933,697941.54,353100.11,0.0,686400.99,700284.02,682655.16,,835544.0,826208.0,0,0,0
2023-06-01,2023,6,2,3,0,9996,677487.92,342481.11,0.0,697941.54,689011.07,678805.57,,833898.0,826164.0,0,0,0
2023-06-02,2023,6,2,4,0,13207,923014.7,467771.7,0.0,677487.92,930640.56,686899.56,,832808.0,834035.0,0,0,0
2023-06-03,2023,6,2,5,1,15424,1082724.98,547033.24,0.0,923014.7,1063563.52,715091.13,,835546.0,846289.0,0,0,0
2023-06-04,2023,6,2,6,1,15629,1077452.43,545572.59,0.0,1082724.98,1085969.0,923474.12,,834329.0,851422.0,0,0,0
2023-06-05,2023,6,2,0,0,10065,673387.37,340855.68,0.0,1077452.43,695281.52,1100303.07,,831201.0,837191.0,0,0,0
2023-06-06,2023,6,2,1,0,9919,668392.14,338316.09,0.0,673387.37,686400.99,1087346.0,,828629.0,823226.0,0,0,0
2023-06-07,2023,6,2,2,0,10076,684623.24,346050.78,0.0,668392.14,697941.54,692126.5,,826726.0,822976.0,0,0,0
2023-06-08,2023,6,2,3,0,10027,705192.08,356951.44,0.0,684623.24,677487.92,705279.47,,830684.0,822973.0,0,0,0
2023-06-09,2023,6,2,4,0,13183,949862.12,482166.1,0.0,705192.08,923014.7,679310.42,,834519.0,831991.0,0,0,0
2023-06-10,2023,6,2,5,1,15554,1098107.88,556700.85,0.0,949862.12,1082724.98,684420.44,,836717.0,845781.0,0,0,0
2023-06-11,2023,6,2,6,1,15549,1082047.83,547626.41,0.0,1098107.88,1077452.43,902144.2,,837373.0,851778.0,0,0,0
2023-06-12,2023,6,2,0,0,9678,682957.44,345647.99,0.0,1082047.83,673387.37,1079867.69,,838740.0,838547.0,0,0,0
2023-06-13,2023,6,2,1,0,9847,689670.1,348965.45,0.0,682957.44,668392.14,1052876.12,,841780.0,826441.0,0,0,0
2023-06-14,2023,6,2,2,0,10003,685308.5,346325.27,0.0,689670.1,684623.24,679829.11,,841878.0,826623.0,0,0,0
2023-06-15,2023,6,2,3,0,11455,838626.94,422880.73,542.5,685308.5,705192.08,693577.56,,860940.0,831458.0,1,0,0
2023-06-16,2023,6,2,4,0,15540,1117774.89,564487.3,542.5,838626.94,949862.12,685874.63,,884928.0,845855.0,1,0,0
2023-06-17,2023,6,2,5,1,17815,1281379.94,647378.53,542.5,1117774.89,1098107.88,699986.99,,911109.0,865235.0,1,0,0
2023-06-18,2023,6,2,6,1,17982,1312926.68,662480.84,542.5,1281379.94,1082047.83,922204.62,,944092.0,878259.0,1,0,0
2023-06-19,2023,6,2,0,0,11491,821426.88,414069.38,542.5,1312926.68,682957.44,1096494.7,,963873.0,869090.0,1,0,0
2023-06-20,2023,6,2,1,0,11250,830340.89,419866.56,542.5,821426.88,689670.1,1066637.49,,983969.0,861213.0,1,0,0
2023-06-21,2023,6,2,2,0,11546,842143.17,425772.92,542.5,830340.89,685308.5,697476.89,,1006374.0,866035.0,1,0,0
2023-06-22,2023,6,2,3,0,11549,824013.59,415761.42,542.5,842143.17,838626.94,707124.05,,1004287.0,869932.0,1,0,0
2023-06-23,2023,6,2,4,0,15146,1059660.15,534233.32,542.5,824013.59,1117774.89,700284.02,,995984.0,881911.0,1,0,0
2023-06-24,2023,6,2,5,1,17590,1292333.43,652083.2,542.5,1059660.15,1281379.94,689011.07,,997549.0,902022.0,1,0,0
2023-06-25,2023,6,2,6,1,17569,1267277.96,639554.59,542.5,1292333.43,1312926.68,930640.56,,991028.0,913243.0,1,0,0
2023-06-26,2023,6,2,0,0,11155,821280.39,414555.88,542.5,1267277.96,821426.88,1063563.52,,991007.0,905167.0,1,0,0
2023-06-27,2023,6,2,1,0,11539,816354.83,412397.45,542.5,821280.39,830340.89,1085969.0,,989009.0,896180.0,1,0,0
2023-06-28,2023,6,2,2,0,11516,823003.63,415052.45,542.5,816354.83,842143.17,695281.52,,986275.0,900437.0,1,0,0
2023-06-29,2023,6,2,3,0,11469,845774.49,427081.85,542.5,823003.63,824013.59,686400.99,,989384.0,905750.0,1,0,0
2023-06-30,2023,6,2,4,0,15253,1112831.77,562234.3,542.5,845774.49,1059660.15,697941.54,,996980.0,919579.0,1,0,0
2023-07-01,2023,7,3,5,1,17086,1217897.71,615625.62,542.5,1112831.77,1292333.43,677487.92,,986346.0,937593.0,1,0,0
2023-07-02,2023,7,3,6,1,16961,1206820.92,609086.61,542.5,1217897.71,1267277.96,923014.7,,977709.0,947053.0,1,0,0
2023-07-03,2023,7,3,0,0,11116,787706.79,398250.55,542.5,1206820.92,821280.39,1082724.98,,972913.0,937219.0,1,0,0
2023-07-04,2023,7,3,1,0,11000,785997.36,397544.21,542.5,787706.79,816354.83,1077452.43,,968576.0,927504.0,1,0,0
2023-07-05,2023,7,3,2,0,10907,766365.49,387035.36,542.5,785997.36,823003.63,673387.37,,960485.0,930603.0,1,0,0
2023-07-06,2023,7,3,3,0,10842,766359.01,386680.14,542.5,766365.49,845774.49,668392.14,,949140.0,933869.0,1,0,0
2023-07-07,2023,7,3,4,0,14714,1063262.32,537764.59,542.5,766359.01,1112831.77,684623.24,,942059.0,946490.0,1,0,0
2023-07-08,2023,7,3,5,1,16803,1224234.09,619107.45,542.5,1063262.32,1217897.71,705192.08,,942964.0,963792.0,1,0,0
2023-07-09,2023,7,3,6,1,17154,1213132.2,612811.07,542.5,1224234.09,1206820.92,949862.12,,943865.0,972567.0,1,0,0
2023-07-10,2023,7,3,0,0,11070,782157.08,395112.01,542.5,1213132.2,787706.79,1098107.88,,943073.0,962036.0,1,0,0
2023-07-11,2023,7,3,1,0,11041,787323.42,398799.11,542.5,782157.08,785997.36,1082047.83,,943262.0,952211.0,1,0,0
2023-07-12,2023,7,3,2,0,10870,778862.12,393505.67,542.5,787323.42,766365.49,682957.44,,945047.0,955408.0,1,0,0
2023-07-13,2023,7,3,3,0,10479,776075.41,391738.59,542.5,778862.12,766359.01,689670.1,,946435.0,958288.0,1,0,0
2023-07-14,2023,7,3,4,0,14488,1036389.27,522931.23,542.5,776075.41,1063262.32,685308.5,,942596.0,969991.0,1,0,0
2023-07-15,2023,7,3,5,1,17249,1222376.41,617359.75,542.5,1036389.27,1224234.09,838626.94,,942331.0,982783.0,1,0,0
2023-07-16,2023,7,3,6,1,14693,1024173.91,519895.54,0.0,1222376.41,1213132.2,1117774.89,,915337.0,979663.0,0,0,0
2023-07-17,2023,7,3,0,0,9390,662465.45,335239.45,0.0,1024173.91,782157.08,1281379.94,,898238.0,959032.0,0,0,0
2023-07-18,2023,7,3,1,0,9758,645399.66,327453.2,0.0,662465.45,787323.42,1312926.68,,877963.0,936781.0,0,0,0
2023-07-19,2023,7,3,2,0,9537,644261.55,326414.89,0.0,645399.66,778862.12,821426.88,,858735.0,930876.0,0,0,0
2023-07-20,2023,7,3,3,0,9601,669410.0,339487.33,0.0,644261.55,776075.41,830340.89,,843497.0,925511.0,0,0,0
2023-07-21,2023,7,3,4,0,12585,872364.28,441721.12,0.0,669410.0,1036389.27,842143.17,,820064.0,926519.0,0,0,0
2023-07-22,2023,7,3,5,1,14846,1008762.13,512372.0,0.0,872364.28,1222376.41,824013.59,,789548.0,932677.0,0,0,0
2023-07-23,2023,7,3,6,1,14822,1025863.89,518986.24,0.0,1008762.13,1024173.91,1059660.15,,789790.0,931551.0,0,0,0
2023-07-24,2023,7,3,0,0,9463,675617.71,342191.05,0.0,1025863.89,662465.45,1292333.43,,791668.0,910993.0,0,0,0
2023-07-25,2023,7,3,1,0,9479,649975.46,329930.81,0.0,675617.71,645399.66,1267277.96,,792322.0,890417.0,0,0,0
2023-07-26,2023,7,3,2,0,9617,669833.82,339675.33,0.0,649975.46,644261.55,821280.39,,795975.0,885368.0,0,0,0
2023-07-27,2023,7,3,3,0,9504,658377.73,332924.47,0.0,669833.82,669410.0,816354.83,,794399.0,880103.0,0,0,0
2023-07-28,2023,7,3,4,0,12997,893056.37,453190.02,0.0,658377.73,872364.28,823003.63,,797355.0,882438.0,0,0,0
2023-07-29,2023,7,3,5,1,14974,1035228.5,524736.39,0.0,893056.37,1008762.13,845774.49,,801136.0,888753.0,0,0,0
2023-07-30,2023,7,3,6,1,14760,1028964.14,521401.74,0.0,1035228.5,1025863.89,1112831.77,,801579.0,885957.0,0,0,0
2023-07-31,2023,7,3,0,0,9559,650049.12,328777.21,0.0,1028964.14,675617.71,1217897.71,,797926.0,867029.0,0,0,0
2023-08-01,2023,8,3,1,0,9413,647254.87,328017.69,0.0,650049.12,649975.46,1206820.92,,797538.0,848377.0,0,0,0
2023-08-02,2023,8,3,2,0,9449,669339.13,339028.56,0.0,647254.87,669833.82,787706.79,,797467.0,844431.0,0,0,0
2023-08-03,2023,8,3,3,0,9461,649395.15,328543.0,0.0,669339.13,658377.73,785997.36,,796184.0,839878.0,0,0,0
2023-08-04,2023,8,3,4,0,12813,879314.77,445503.81,0.0,649395.15,893056.37,766365.49,,794221.0,843643.0,0,0,0
2023-08-05,2023,8,3,5,1,14872,1023882.13,519726.76,0.0,879314.77,1035228.5,766359.01,,792600.0,852227.0,0,0,0
2023-08-06,2023,8,3,6,1,14724,1002685.32,508448.22,0.0,1023882.13,1028964.14,1063262.32,,788846.0,850208.0,0,0,0
2023-08-07,2023,8,3,0,0,9688,654138.62,330404.3,0.0,1002685.32,650049.12,1224234.09,,789430.0,831204.0,0,0,0
2023-08-08,2023,8,3,1,0,9486,665202.42,337302.39,0.0,654138.62,647254.87,1213132.2,,791994.0,812940.0,0,0,0
2023-08-09,2023,8,3,2,0,9580,658518.25,333677.73,0.0,665202.42,669339.13,782157.08,,790448.0,808819.0,0,0,0
2023-08-10,2023,8,3,3,0,9814,665642.34,337677.32,0.0,658518.25,649395.15,787323.42,,792769.0,804763.0,0,0,0
2023-08-11,2023,8,3,4,0,13063,902134.91,457415.75,0.0,665642.34,879314.77,778862.12,,796029.0,808872.0,0,0,0
2023-08-12,2023,8,3,5,1,14724,994666.02,502892.9,0.0,902134.91,1023882.13,776075.41,,791855.0,816158.0,0,0,0
2023-08-13,2023,8,3,6,1,14827,1035077.82,523887.14,0.0,994666.02,1002685.32,1036389.27,,796483.0,816114.0,0,0,0
2023-08-14,2023,8,3,0,0,9550,652145.19,330757.34,0.0,1035077.82,654138.62,1222376.41,,796198.0,797107.0,0,0,0
2023-08-15,2023,8,3,1,0,11249,880276.23,447115.83,672.5,652145.19,665202.42,1024173.91,,826923.0,792310.0,1,0,0
2023-08-16,2023,8,3,2,0,11218,862406.17,437945.89,672.5,880276.23,658518.25,662465.45,,856050.0,798975.0,1,0,0
2023-08-17,2023,8,3,3,0,11119,878502.2,445533.15,672.5,862406.17,665642.34,645399.66,,886458.0,806745.0,1,0,0
2023-08-18,2023,8,3,4,0,14763,1190174.64,603816.03,672.5,878502.2,902134.91,644261.55,,927607.0,824942.0,1,0,0
2023-08-19,2023,8,3,5,1,17453,1348905.04,684330.08,672.5,1190174.64,994666.02,669410.0,,978212.0,847592.0,1,0,0
2023-08-20,2023,8,3,6,1,17166,1395747.26,708155.42,672.5,1348905.04,1035077.82,872364.28,,1029737.0,865038.0,1,0,0
2023-08-21,2023,8,3,0,0,11302,904645.87,458319.64,672.5,1395747.26,652145.19,1008762.13,,1065808.0,861567.0,1,0,0
2023-08-22,2023,8,3,1,0,11219,894212.92,453200.94,672.5,904645.87,880276.23,1025863.89,,1067799.0,857179.0,1,0,0
2023-08-23,2023,8,3,2,0,11294,907580.79,459856.04,672.5,894212.92,862406.17,675617.71,,1074253.0,864911.0,1,0,0
2023-08-24,2023,8,3,3,0,11151,875542.94,444228.95,672.5,907580.79,878502.2,649975.46,,1073830.0,872430.0,1,0,0
2023-08-25,2023,8,3,4,0,15020,1184862.49,599751.4,672.5,875542.94,1190174.64,669833.82,,1073071.0,889598.0,1,0,0
2023-08-26,2023,8,3,5,1,17473,1381271.27,701036.18,672.5,1184862.49,1348905.04,658377.73,,1077695.0,913694.0,1,0,0
2023-08-27,2023,8,3,6,1,17224,1352038.41,685258.58,672.5,1381271.27,1395747.26,893056.37,,1071451.0,928993.0,1,0,0
2023-08-28,2023,8,3,0,0,11112,881580.61,447766.72,672.5,1352038.41,904645.87,1035228.5,,1068156.0,923872.0,1,0,0
2023-08-29,2023,8,3,1,0,11493,914540.44,464424.37,672.5,881580.61,894212.92,1028964.14,,1071060.0,920058.0,1,0,0
2023-08-30,2023,8,3,2,0,11018,879160.6,445992.73,672.5,914540.44,907580.79,650049.12,,1067000.0,927695.0,1,0,0
2023-08-31,2023,8,3,3,0,11281,882417.57,447578.29,672.5,879160.6,875542.94,647254.87,,1067982.0,935534.0,1,0,0
2023-09-01,2023,9,3,4,0,15592,1231620.99,623357.75,672.5,882417.57,1184862.49,669339.13,,1074661.0,954276.0,1,0,0
2023-09-02,2023,9,3,5,1,18448,1429360.49,723245.4,672.5,1231620.99,1381271.27,649395.15,,1081531.0,980275.0,1,0,0
2023-09-03,2023,9,3,6,1,18351,1460734.67,739582.11,672.5,1429360.49,1352038.41,879314.77,,1097059.0,999656.0,1,0,0
2023-09-04,2023,9,3,0,0,11579,933421.7,472976.03,672.5,1460734.67,881580.61,1023882.13,,1104465.0,996640.0,1,0,0
2023-09-05,2023,9,3,1,0,11758,951895.19,482883.56,672.5,933421.7,914540.44,1002685.32,,1109802.0,994947.0,1,0,0
2023-09-06,2023,9,3,2,0,11677,944427.2,479065.61,672.5,951895.19,879160.6,654138.62,,1119125.0,1004624.0,1,0,0
2023-09-07,2023,9,3,3,0,11769,921176.95,466939.52,672.5,944427.2,882417.57,665202.42,,1124662.0,1013156.0,1,0,0
2023-09-08,2023,9,3,4,0,15764,1263959.88,641847.02,672.5,921176.95,1231620.99,658518.25,,1129282.0,1033338.0,1,0,0
2023-09-09,2023,9,3,5,1,18197,1421420.84,720273.67,672.5,1263959.88,1429360.49,665642.34,,1128148.0,1058530.0,1,0,0
2023-09-10,2023,9,3,6,1,18603,1464908.6,741952.6,672.5,1421420.84,1460734.67,902134.91,,1128744.0,1077289.0,1,0,0
2023-09-11,2023,9,3,0,0,9902,687873.22,347507.61,0.0,1464908.6,933421.7,994666.02,,1093666.0,1067063.0,0,0,0
2023-09-12,2023,9,3,1,0,10040,699466.5,354757.17,0.0,687873.22,951895.19,1035077.82,,1057605.0,1055876.0,0,0,0
2023-09-13,2023,9,3,2,0,9894,693434.19,350960.99,0.0,699466.5,944427.2,652145.19,,1021749.0,1057252.0,0,0,0
2023-09-14,2023,9,3,3,0,9760,682879.92,345896.15,0.0,693434.19,921176.95,880276.23,,987706.0,1050672.0,0,0,0
2023-09-15,2023,9,3,4,0,12970,914042.36,462128.34,0.0,682879.92,1263959.88,862406.17,,937718.0,1052394.0,0,0,0
2023-09-16,2023,9,3,5,1,15645,1074934.95,543161.41,0.0,914042.36,1421420.84,878502.2,,888220.0,1058941.0,0,0,0
2023-09-17,2023,9,3,6,1,15806,1066038.09,539448.9,0.0,1074934.95,1464908.6,1190174.64,,831238.0,1054803.0,0,0,0
2023-09-18,2023,9,3,0,0,10126,694234.49,351318.02,0.0,1066038.09,687873.22,1348905.04,,832147.0,1032981.0,0,0,0
2023-09-19,2023,9,3,1,0,9893,687131.53,348130.67,0.0,694234.49,699466.5,1395747.26,,830385.0,1009361.0,0,0,0
2023-09-20,2023,9,3,2,0,9955,690710.65,349729.84,0.0,687131.53,693434.19,904645.87,,829996.0,1002229.0,0,0,0
2023-09-21,2023,9,3,3,0,9796,697639.2,353973.97,0.0,690710.65,682879.92,894212.92,,832104.0,995677.0,0,0,0
2023-09-22,2023,9,3,4,0,13504,925509.2,468759.48,0.0,697639.2,914042.36,907580.79,,833743.0,996275.0,0,0,0
2023-09-23,2023,9,3,5,1,15530,1089259.88,550946.58,0.0,925509.2,1074934.95,875542.94,,835789.0,1003398.0,0,0,0
2023-09-24,2023,9,3,6,1,15321,1049474.61,530884.14,0.0,1089259.88,1066038.09,1184862.49,,833423.0,998885.0,0,0,0
2023-09-25,2023,9,3,0,0,10072,687412.42,347902.27,0.0,1049474.61,694234.49,1381271.27,,832448.0,975757.0,0,0,0
2023-09-26,2023,9,3,1,0,10149,696617.7,352851.82,0.0,687412.42,687131.53,1352038.41,,833803.0,953909.0,0,0,0
2023-09-27,2023,9,3,2,0,10033,687272.78,347721.16,0.0,696617.7,690710.65,881580.61,,833312.0,947433.0,0,0,0
2023-09-28,2023,9,3,3,0,10262,694334.66,350976.49,0.0,687272.78,697639.2,914540.44,,832840.0,940092.0,0,0,0
2023-09-29,2023,9,3,4,0,13053,917105.69,464421.4,0.0,694334.66,925509.2,879160.6,,831640.0,941357.0,0,0,0
2023-09-30,2023,9,3,5,1,15415,1071917.15,542603.48,0.0,917105.69,1089259.88,882417.57,,829162.0,947674.0,0,0,0
2023-10-01,2023,10,4,6,1,16390,1146266.8,578134.06,0.0,1071917.15,1049474.61,1231620.99,,842990.0,944829.0,0,0,0
2023-10-02,2023,10,4,0,0,11110,756689.57,381118.99,0.0,1146266.8,687412.42,1429360.49,,852886.0,922406.0,0,0,0
2023-10-03,2023,10,4,1,0,10619,735336.67,370703.9,0.0,756689.57,696617.7,1460734.67,,858418.0,898226.0,0,0,0
2023-10-04,2023,10,4,2,0,10869,758512.44,381559.8,0.0,735336.67,687272.78,933421.7,,868595.0,892396.0,0,0,0
2023-10-05,2023,10,4,3,0,10858,745679.97,376207.92,0.0,758512.44,694334.66,951895.19,,875930.0,885522.0,0,0,0
2023-10-06,2023,10,4,4,0,14405,996241.71,502148.92,0.0,745679.97,917105.69,944427.2,,887235.0,887249.0,0,0,0
2023-10-07,2023,10,4,5,1,16282,1128976.26,569183.87,0.0,996241.71,1071917.15,921176.95,,895386.0,894176.0,0,0,0
2023-10-08,2023,10,4,6,1,16424,1168184.49,588687.45,0.0,1128976.26,1146266.8,1263959.88,,898517.0,890984.0,0,0,0
2023-10-09,2023,10,4,0,0,10538,741815.08,374069.37,0.0,1168184.49,756689.57,1421420.84,,896392.0,868330.0,0,0,0
2023-10-10,2023,10,4,1,0,10661,732837.19,369066.81,0.0,741815.08,735336.67,1464908.6,,896035.0,843928.0,0,0,0
2023-10-11,2023,10,4,2,0,10796,728482.01,366677.1,0.0,732837.19,758512.44,687873.22,,891745.0,845281.0,0,0,0
2023-10-12,2023,10,4,3,0,10487,726558.63,366037.8,0.0,728482.01,745679.97,699466.5,,889014.0,846184.0,0,0,0
2023-10-13,2023,10,4,4,0,14337,991941.88,499367.59,0.0,726558.63,996241.71,693434.19,,888399.0,856135.0,0,0,0
2023-10-14,2023,10,4,5,1,16560,1136126.22,572605.83,0.0,991941.88,1128976.26,682879.92,,889421.0,871243.0,0,0,0
2023-10-15,2023,10,4,6,1,17200,1174157.59,591951.04,0.0,1136126.22,1168184.49,914042.36,,890274.0,879913.0,0,0,0
2023-10-16,2023,10,4,0,0,10712,745990.51,376194.66,0.0,1174157.59,741815.08,1074934.95,,890871.0,868949.0,0,0,0
2023-10-17,2023,10,4,1,0,10731,752182.98,378916.31,0.0,745990.51,732837.19,1066038.09,,893634.0,858487.0,0,0,0
2023-10-18,2023,10,4,2,0,10907,744990.22,375451.64,0.0,752182.98,728482.01,694234.49,,895993.0,860179.0,0,0,0
2023-10-19,2023,10,4,3,0,10725,744443.34,374940.16,0.0,744990.22,726558.63,687131.53,,898548.0,862089.0,0,0,0
2023-10-20,2023,10,4,4,0,14488,1001505.54,505191.9,0.0,744443.34,991941.88,690710.65,,899914.0,872449.0,0,0,0
2023-10-21,2023,10,4,5,1,17067,1156268.23,583254.62,0.0,1001505.54,1136126.22,697639.2,,902791.0,887736.0,0,0,0
2023-10-22,2023,10,4,6,1,16989,1156807.56,583128.72,0.0,1156268.23,1174157.59,925509.2,,900313.0,895446.0,0,0,0
2023-10-23,2023,10,4,0,0,10837,738261.55,372506.12,0.0,1156807.56,745990.51,1089259.88,,899208.0,883746.0,0,0,0
2023-10-24,2023,10,4,1,0,10829,759185.69,382906.43,0.0,738261.55,752182.98,1049474.61,,900209.0,874070.0,0,0,0
2023-10-25,2023,10,4,2,0,10615,739187.41,372164.05,0.0,759185.69,744990.22,687412.42,,899380.0,875796.0,0,0,0
2023-10-26,2023,10,4,3,0,10680,736094.81,369880.4,0.0,739187.41,744443.34,696617.7,,898187.0,877112.0,0,0,0
2023-10-27,2023,10,4,4,0,14484,972838.23,490236.18,0.0,736094.81,1001505.54,687272.78,,894092.0,886631.0,0,0,0
2023-10-28,2023,10,4,5,1,16555,1155247.11,582612.22,0.0,972838.23,1156268.23,694334.66,,893946.0,901994.0,0,0,0
2023-10-29,2023,10,4,6,1,16844,1173599.23,590986.53,0.0,1155247.11,1156807.56,917105.69,,896345.0,910544.0,0,0,0
2023-10-30,2023,10,4,0,0,11109,761553.01,383555.35,0.0,1173599.23,738261.55,1071917.15,,899672.0,900199.0,0,0,0
2023-10-31,2023,10,4,1,0,10683,742987.23,374493.91,0.0,761553.01,759185.69,1146266.8,,897358.0,886756.0,0,0,0
2023-11-01,2023,11,4,2,0,12209,1013238.11,510441.85,0.0,742987.23,739187.41,756689.57,,936508.0,895308.0,0,1,0
2023-11-02,2023,11,4,3,0,12791,1044301.92,526915.68,0.0,1013238.11,736094.81,735336.67,,980538.0,905607.0,0,1,0
2023-11-03,2023,11,4,4,0,17196,1375407.7,692423.74,0.0,1044301.92,972838.23,758512.44,,1038048.0,926170.0,0,1,0
2023-11-04,2023,11,4,5,1,19674,1635576.9,826873.51,0.0,1375407.7,1155247.11,745679.97,,1106666.0,955833.0,0,1,0
2023-11-05,2023,11,4,6,1,19837,1601447.81,808996.86,0.0,1635576.9,1173599.23,996241.71,,1167788.0,976006.0,0,1,0
2023-11-06,2023,11,4,0,0,12701,1041217.74,525568.07,0.0,1601447.81,761553.01,1128976.26,,1207740.0,973081.0,0,1,0
2023-11-07,2023,11,4,1,0,12392,1016080.43,511457.95,0.0,1041217.74,742987.23,1168184.49,,1246753.0,968011.0,0,1,0
2023-11-08,2023,11,4,2,0,12764,1047190.91,528195.12,0.0,1016080.43,1013238.11,741815.08,,1251603.0,978190.0,0,1,0
2023-11-09,2023,11,4,3,0,12646,1072606.64,541259.12,0.0,1047190.91,1044301.92,732837.19,,1255647.0,989516.0,0,1,0
2023-11-10,2023,11,4,4,0,16897,1391603.5,702421.44,0.0,1072606.64,1375407.7,728482.01,,1257961.0,1011620.0,0,1,0
2023-11-11,2023,11,4,5,1,19513,1627350.04,822089.77,0.0,1391603.5,1635576.9,726558.63,,1256785.0,1041646.0,0,1,0
2023-11-12,2023,11,4,6,1,19461,1637281.7,827018.72,0.0,1627350.04,1601447.81,991941.88,,1261904.0,1063158.0,0,1,0
2023-11-13,2023,11,4,0,0,12602,1025206.97,517157.41,0.0,1637281.7,1041217.74,1136126.22,,1259617.0,1059460.0,0,1,0
2023-11-14,2023,11,4,1,0,12624,1036708.84,522157.18,0.0,1025206.97,1016080.43,1174157.59,,1262564.0,1054879.0,0,1,0
2023-11-15,2023,11,4,2,0,12441,1024731.34,517825.05,0.0,1036708.84,1047190.91,745990.51,,1259356.0,1064170.0,0,1,0
2023-11-16,2023,11,4,3,0,12847,1052325.68,531899.01,0.0,1024731.34,1072606.64,752182.98,,1256458.0,1074175.0,0,1,0
2023-11-17,2023,11,4,4,0,16713,1384911.7,698361.31,0.0,1052325.68,1391603.5,744990.22,,1255502.0,1095506.0,0,1,0
2023-11-18,2023,11,4,5,1,19857,1626392.57,823441.65,0.0,1384911.7,1627350.04,744443.34,,1255366.0,1124904.0,0,1,0
2023-11-19,2023,11,4,6,1,19861,1653910.61,835000.89,0.0,1626392.57,1637281.7,1001505.54,,1257741.0,1146651.0,0,1,0
2023-11-20,2023,11,4,0,0,12889,1046417.54,527961.05,0.0,1653910.61,1025206.97,1156268.23,,1260771.0,1142989.0,0,1,0
2023-11-21,2023,11,4,1,0,12684,1049396.64,529668.94,0.0,1046417.54,1036708.84,1156807.56,,1262584.0,1139409.0,0,1,0
2023-11-22,2023,11,4,2,0,12720,1056573.44,532843.16,0.0,1049396.64,1024731.34,738261.55,,1267133.0,1150019.0,0,1,0
2023-11-23,2023,11,4,3,0,12369,1032212.74,520965.34,0.0,1056573.44,1052325.68,759185.69,,1264259.0,1159120.0,0,1,0
2023-11-24,2023,11,4,4,0,33830,3845702.54,1943283.75,15554.0,1032212.74,1384911.7,739187.41,,1615801.0,1262670.0,1,1,0
2023-11-25,2023,11,4,5,1,39659,4457216.55,2252351.81,15554.0,3845702.54,1626392.57,736094.81,,2020204.0,1386708.0,1,1,0
2023-11-26,2023,11,4,6,1,38626,4326387.63,2183828.77,15554.0,4457216.55,1653910.61,972838.23,,2401987.0,1498493.0,1,1,0
2023-11-27,2023,11,4,0,0,29105,4636323.71,2362993.13,31110.0,4326387.63,1046417.54,1155247.11,,2914830.0,1614529.0,1,1,0
2023-11-28,2023,11,4,1,0,14121,1658327.0,844016.41,20000.0,4636323.71,1049396.64,1173599.23,,3001821.0,1630686.0,1,1,0
2023-11-29,2023,11,4,2,0,12669,1028244.01,518046.92,0.0,1658327.0,1056573.44,761553.01,,2997773.0,1639576.0,0,1,0
2023-11-30,2023,11,4,3,0,12434,1035637.27,522150.92,0.0,1028244.01,1032212.74,742987.23,,2998263.0,1649331.0,0,1,0
2023-12-01,2023,12,4,4,0,18412,1448445.58,727621.19,0.0,1035637.27,3845702.54,1013238.11,,2655797.0,1663838.0,0,1,1
2023-12-02,2023,12,4,5,1,21288,1706132.17,856763.9,0.0,1448445.58,4457216.55,1044301.92,,2262785.0,1685899.0,0,1,1
2023-12-03,2023,12,4,6,1,21113,1732637.41,870229.11,0.0,1706132.17,4326387.63,1375407.7,,1892250.0,1697807.0,0,1,1
2023-12-04,2023,12,4,0,0,13886,1097829.85,551838.07,0.0,1732637.41,4636323.71,1635576.9,,1386750.0,1679882.0,0,1,1
2023-12-05,2023,12,4,1,0,13634,1089527.36,548184.97,0.0,1097829.85,1658327.0,1601447.81,,1305493.0,1662818.0,0,1,1
2023-12-06,2023,12,4,2,0,13627,1081140.26,542782.95,0.0,1089527.36,1028244.01,1041217.74,,1313050.0,1664148.0,0,1,1
2023-12-07,2023,12,4,3,0,13876,1108644.97,557343.94,0.0,1081140.26,1035637.27,1016080.43,,1323480.0,1667234.0,0,1,1
2023-12-08,2023,12,4,4,0,18266,1477272.16,743599.4,0.0,1108644.97,1448445.58,1047190.91,,1327598.0,1681570.0,0,1,1
2023-12-09,2023,12,4,5,1,20873,1715565.62,863536.65,0.0,1477272.16,1706132.17,1072606.64,,1328945.0,1703002.0,0,1,1
2023-12-10,2023,12,4,6,1,36318,3600566.39,1807725.87,2400.0,1715565.62,1732637.41,1391603.5,,1595792.0,1776634.0,1,1,1
2023-12-11,2023,12,4,0,0,23964,2367261.81,1189070.26,2400.0,3600566.39,1097829.85,1627350.04,,1777140.0,1801298.0,1,1,1
2023-12-12,2023,12,4,1,0,22927,2267572.17,1137044.23,2400.0,2367261.81,1089527.36,1637281.7,,1945432.0,1822307.0,1,1,1
2023-12-13,2023,12,4,2,0,23668,2328896.72,1165583.07,2400.0,2267572.17,1081140.26,1025206.97,,2123683.0,1865764.0,1,1,1
2023-12-14,2023,12,4,3,0,23822,2311624.19,1157703.65,2400.0,2328896.72,1108644.97,1036708.84,,2295537.0,1908261.0,1,1,1
2023-12-15,2023,12,4,4,0,31114,3114212.08,1562031.58,2400.0,2311624.19,1477272.16,1024731.34,,2529386.0,1977910.0,1,1,1
2023-12-16,2023,12,4,5,1,36662,3684857.57,1848326.4,2400.0,3114212.08,1715565.62,1052325.68,,2810713.0,2065661.0,1,1,1
2023-12-17,2023,12,4,6,1,36873,3655387.72,1833972.97,2400.0,3684857.57,3600566.39,1384911.7,,2818545.0,2141344.0,1,1,1
2023-12-18,2023,12,4,0,0,23539,2310328.06,1158680.26,2400.0,3655387.72,2367261.81,1626392.57,,2810411.0,2164142.0,1,1,1
2023-12-19,2023,12,4,1,0,23141,2309554.77,1160565.6,2400.0,2310328.06,2267572.17,1653910.61,,2816409.0,2185997.0,1,1,1
2023-12-20,2023,12,4,2,0,23444,2343687.12,1173949.21,2400.0,2309554.77,2328896.72,1046417.54,,2818522.0,2229239.0,1,1,1
2023-12-21,2023,12,4,3,0,23548,2344651.41,1177088.64,2400.0,2343687.12,2311624.19,1049396.64,,2823240.0,2272414.0,1,1,1
2023-12-22,2023,12,4,4,0,30872,3097567.42,1556306.87,2400.0,2344651.41,3114212.08,1056573.44,,2820862.0,2340447.0,1,1,1
2023-12-23,2023,12,4,5,1,36988,3666959.78,1841305.8,2400.0,3097567.42,3684857.57,1032212.74,,2818305.0,2428272.0,1,1,1
2023-12-24,2023,12,4,6,1,36229,3663118.22,1835674.09,2400.0,3666959.78,3655387.72,3845702.54,,2819410.0,2422186.0,1,1,1
2023-12-25,2023,12,4,0,0,23781,2341923.16,1174774.78,2400.0,3663118.22,2310328.06,4457216.55,,2823923.0,2351676.0,1,1,1
2023-12-26,2023,12,4,1,0,13915,1113748.72,559681.43,0.0,2341923.16,2309554.77,4326387.63,,2653094.0,2244588.0,0,1,1
2023-12-27,2023,12,4,2,0,13419,1100909.34,553952.22,0.0,1113748.72,2343687.12,4636323.71,,2475554.0,2126741.0,0,1,1
2023-12-28,2023,12,4,3,0,13351,1087981.04,547446.92,0.0,1100909.34,2344651.41,1658327.0,,2296030.0,2107729.0,0,1,1
2023-12-29,2023,12,4,4,0,18088,1464228.38,737174.46,0.0,1087981.04,3097567.42,1028244.01,,2062696.0,2122262.0,0,1,1
2023-12-30,2023,12,4,5,1,21178,1722042.19,866294.43,0.0,1464228.38,3666959.78,1035637.27,,1784850.0,2145142.0,0,1,1
2023-12-31,2023,12,4,6,1,20977,1707128.69,858411.85,0.0,1722042.19,3663118.22,1448445.58,,1505423.0,2153765.0,0,1,1
2024-01-01,2024,1,1,0,0,11181,740475.8,373140.76,892.5,1707128.69,2341923.16,1706132.17,1133417.94,1276645.0,2121577.0,1,0,0
2024-01-02,2024,1,1,1,0,11040,744848.14,374755.85,892.5,740475.8,1113748.72,1732637.41,698894.69,1223945.0,2088650.0,1,0,0
2024-01-03,2024,1,1,2,0,11266,748970.33,378497.89,892.5,744848.14,1100909.34,1097829.85,713164.86,1173668.0,2077022.0,1,0,0
2024-01-04,2024,1,1,3,0,10940,733370.36,369672.68,892.5,748970.33,1087981.04,1089527.36,700771.7,1123009.0,2065150.0,1,0,0
2024-01-05,2024,1,1,4,0,14248,971750.01,490079.2,892.5,733370.36,1464228.38,1081140.26,720935.33,1052655.0,2061503.0,1,0,0
2024-01-06,2024,1,1,5,1,17189,1139869.6,575729.82,892.5,971750.01,1722042.19,1108644.97,941099.22,969488.0,2062544.0,1,0,0
2024-01-07,2024,1,1,6,1,17131,1162519.6,586136.99,892.5,1139869.6,1707128.69,1477272.16,1083316.15,891686.0,2052053.0,1,0,0
2024-01-08,2024,1,1,0,0,11024,750617.6,377869.22,892.5,1162519.6,740475.8,1715565.62,1100131.59,893135.0,2019888.0,1,0,0
2024-01-09,2024,1,1,1,0,10882,732942.85,368841.77,892.5,750617.6,744848.14,3600566.39,711756.15,891434.0,1924300.0,1,0,0
2024-01-10,2024,1,1,2,0,10919,729618.63,367694.49,892.5,732942.85,748970.33,2367261.81,703350.47,888670.0,1869712.0,1,0,0
2024-01-11,2024,1,1,3,0,11192,752238.17,379739.69,892.5,729618.63,733370.36,2267572.17,711812.89,891365.0,1819201.0,1,0,0
2024-01-12,2024,1,1,4,0,14831,995414.59,502203.95,892.5,752238.17,971750.01,2328896.72,703804.62,894746.0,1774752.0,1,0,0
2024-01-13,2024,1,1,5,1,17258,1159500.56,585843.56,892.5,995414.59,1139869.6,2311624.19,951520.2,897550.0,1736347.0,1,0,0
2024-01-14,2024,1,1,6,1,17052,1146677.09,578673.63,892.5,1159500.56,1162519.6,3114212.08,1102734.76,895287.0,1670763.0,1,0,0
2024-01-15,2024,1,1,0,0,10936,756562.45,381145.88,892.5,1146677.09,750617.6,3684857.57,1104377.4,896136.0,1573153.0,1,0,0
2024-01-16,2024,1,1,1,0,9766,626137.82,316619.95,0.0,756562.45,732942.85,3655387.72,629898.73,880878.0,1472178.0,0,0,0
2024-01-17,2024,1,1,2,0,9609,633914.69,320420.38,0.0,626137.82,729618.63,2310328.06,647896.38,867206.0,1416298.0,0,0,0
2024-01-18,2024,1,1,3,0,9646,622388.25,313494.25,0.0,633914.69,752238.17,2309554.77,644189.66,848656.0,1360059.0,0,0,0
2024-01-19,2024,1,1,4,0,13370,859027.6,434402.26,0.0,622388.25,995414.59,2343687.12,663343.75,829173.0,1310570.0,0,0,0
2024-01-20,2024,1,1,5,1,15448,1000474.51,506875.81,0.0,859027.6,1159500.56,2344651.41,867312.6,806455.0,1265764.0,0,0,0
2024-01-21,2024,1,1,6,1,15097,974651.46,492391.8,0.0,1000474.51,1146677.09,3097567.42,976054.32,781880.0,1195000.0,0,0,0
2024-01-22,2024,1,1,0,0,9517,624066.49,315101.26,0.0,974651.46,756562.45,3666959.78,1008928.76,762952.0,1093571.0,0,0,0
2024-01-23,2024,1,1,1,0,10015,643187.65,325333.05,0.0,624066.49,626137.82,3663118.22,645105.0,765387.0,992906.0,0,0,0
2024-01-24,2024,1,1,2,0,9606,635972.5,321949.71,0.0,643187.65,633914.69,2341923.16,654856.93,765681.0,936041.0,0,0,0
2024-01-25,2024,1,1,3,0,9740,642023.48,324307.69,0.0,635972.5,622388.25,1113748.72,647477.72,768486.0,920317.0,0,0,0
2024-01-26,2024,1,1,4,0,13268,841720.39,425329.97,0.0,642023.48,859027.6,1100909.34,646707.34,766014.0,911677.0,0,0,0
2024-01-27,2024,1,1,5,1,15703,999015.67,504848.0,0.0,841720.39,1000474.51,1087981.04,849624.92,765805.0,908712.0,0,0,0
2024-01-28,2024,1,1,6,1,15552,1013707.41,513180.0,0.0,999015.67,974651.46,1464228.38,1002923.42,771385.0,893694.0,0,0,0
2024-01-29,2024,1,1,0,0,9899,634597.73,320750.98,0.0,1013707.41,624066.49,1722042.19,1005928.14,772889.0,857446.0,0,0,0
2024-01-30,2024,1,1,1,0,9775,635042.58,320540.8,0.0,634597.73,643187.65,1707128.69,622316.66,771726.0,821710.0,0,0,0
2024-01-31,2024,1,1,2,0,9827,629401.11,318226.15,0.0,635042.58,635972.5,740475.8,638586.83,770787.0,818008.0,0,0,0
2024-02-01,2024,2,1,3,0,9859,638062.1,322673.58,0.0,629401.11,642023.48,744848.14,643255.67,770221.0,814448.0,0,0,0
2024-02-02,2024,2,1,4,0,13316,846934.09,427487.38,0.0,638062.1,841720.39,748970.33,659254.81,770966.0,817714.0,0,0,0
2024-02-03,2024,2,1,5,1,15401,990288.13,501481.23,0.0,846934.09,999015.67,733370.36,860411.78,769719.0,826277.0,0,0,0
2024-02-04,2024,2,1,6,1,15544,1009972.45,510002.92,0.0,990288.13,1013707.41,971750.01,983917.23,769185.0,827552.0,0,0,0
2024-02-05,2024,2,1,0,0,9672,633768.26,320691.16,0.0,1009972.45,634597.73,1139869.6,1013528.28,769067.0,810682.0,0,0,0
2024-02-06,2024,2,1,1,0,9657,631592.19,319213.84,0.0,633768.26,635042.58,1162519.6,645497.24,768574.0,792984.0,0,0,0
2024-02-07,2024,2,1,2,0,9833,633894.84,321108.71,0.0,631592.19,629401.11,750617.6,635579.56,769216.0,789093.0,0,0,0
2024-02-08,2024,2,1,3,0,9839,636497.81,322422.85,0.0,633894.84,638062.1,732942.85,645178.03,768993.0,785878.0,0,0,0
2024-02-09,2024,2,1,4,0,13278,843826.59,426817.2,0.0,636497.81,846934.09,729618.63,640096.73,768549.0,789685.0,0,0,0
2024-02-10,2024,2,1,5,1,15166,982803.17,496740.46,0.0,843826.59,990288.13,752238.17,856165.01,767479.0,797371.0,0,0,0
2024-02-11,2024,2,1,6,1,15285,991178.29,501759.55,0.0,982803.17,1009972.45,995414.59,990529.56,764794.0,797230.0,0,0,0
2024-02-12,2024,2,1,0,0,9631,625464.41,315828.86,0.0,991178.29,633768.26,1159500.56,995158.08,763608.0,779428.0,0,0,0
2024-02-13,2024,2,1,1,0,9903,636288.23,322254.2,0.0,625464.41,631592.19,1146677.09,640658.71,764279.0,762415.0,0,0,0
2024-02-14,2024,2,1,2,0,10052,636191.11,321423.73,0.0,636288.23,633894.84,756562.45,645632.98,764607.0,758403.0,0,0,0
2024-02-15,2024,2,1,3,0,9957,638912.1,323047.89,0.0,636191.11,636497.81,626137.82,623617.34,764952.0,758829.0,0,0,0
2024-02-16,2024,2,1,4,0,12955,840245.18,424585.47,0.0,638912.1,843826.59,633914.69,649601.15,764440.0,765707.0,0,0,0
2024-02-17,2024,2,1,5,1,15382,998217.19,504723.12,0.0,840245.18,982803.17,622388.25,840792.01,766642.0,778234.0,0,0,0
2024-02-18,2024,2,1,6,1,15498,999273.72,505605.98,0.0,998217.19,991178.29,859027.6,1000291.27,767799.0,782909.0,0,0,0
2024-02-19,2024,2,1,0,0,9598,638332.32,321860.09,0.0,999273.72,625464.41,1000474.51,1007497.74,769637.0,770838.0,0,0,0
2024-02-20,2024,2,1,1,0,9779,641729.22,324645.24,0.0,638332.32,636288.23,974651.46,645693.66,770414.0,759740.0,0,0,0
2024-02-21,2024,2,1,2,0,10000,643747.45,325560.09,0.0,641729.22,636191.11,624066.49,644198.65,771494.0,760396.0,0,0,0
2024-02-22,2024,2,1,3,0,9807,632938.1,320072.62,0.0,643747.45,638912.1,643187.65,640273.43,770640.0,760055.0,0,0,0
2024-02-23,2024,2,1,4,0,13108,848620.27,428104.36,0.0,632938.1,840245.18,635972.5,638737.65,771837.0,767143.0,0,0,0
2024-02-24,2024,2,1,5,1,15263,989105.96,499434.15,0.0,848620.27,998217.19,642023.48,842806.84,770535.0,778712.0,0,0,0
2024-02-25,2024,2,1,6,1,15567,983835.75,497794.57,0.0,989105.96,999273.72,841720.39,1028542.18,768330.0,783449.0,0,0,0
2024-02-26,2024,2,1,0,0,9867,637873.18,322341.58,0.0,983835.75,638332.32,999015.67,1007736.7,768264.0,771411.0,0,0,0
2024-02-27,2024,2,1,1,0,9772,644502.84,325931.39,0.0,637873.18,641729.22,1013707.41,637517.61,768661.0,759105.0,0,0,0
2024-02-28,2024,2,1,2,0,9715,633250.81,320154.61,0.0,644502.84,643747.45,634597.73,633863.11,767161.0,759060.0,0,0,0
2024-02-29,2024,2,1,3,0,9908,636298.51,322449.6,0.0,633250.81,632938.1,635042.58,749248.92,767641.0,759102.0,0,0,0
2024-03-01,2024,3,1,4,0,14282,958984.03,484184.56,0.0,636298.51,848620.27,629401.11,729033.82,783407.0,770088.0,0,0,0
2024-03-02,2024,3,1,5,1,16577,1150047.14,580505.64,0.0,958984.03,989105.96,638062.1,965977.62,806399.0,787154.0,0,0,0
2024-03-03,2024,3,1,6,1,16812,1160516.55,585530.06,0.0,1150047.14,983835.75,846934.09,1139334.56,831639.0,797607.0,0,0,0
2024-03-04,2024,3,1,0,0,10755,743505.9,375155.36,0.0,1160516.55,637873.18,990288.13,1139094.72,846729.0,789380.0,0,0,0
2024-03-05,2024,3,1,1,0,10263,720210.19,363587.52,0.0,743505.9,644502.84,1009972.45,721627.62,857545.0,779722.0,0,0,0
2024-03-06,2024,3,1,2,0,10716,728258.81,367848.46,0.0,720210.19,633250.81,633768.26,732990.19,871117.0,782871.0,0,0,0
2024-03-07,2024,3,1,3,0,10349,723462.71,364296.08,0.0,728258.81,636298.51,631592.19,723992.26,883569.0,785934.0,0,0,0
2024-03-08,2024,3,1,4,0,14245,969867.76,488699.92,0.0,723462.71,958984.03,633894.84,721589.5,885124.0,797133.0,0,0,0
2024-03-09,2024,3,1,5,1,16767,1158108.44,583926.09,0.0,969867.76,1150047.14,636497.81,969452.94,886276.0,814520.0,0,0,0
2024-03-10,2024,3,1,6,1,16330,1151410.2,580823.42,0.0,1158108.44,1160516.55,843826.59,1149758.69,884975.0,824773.0,0,0,0
2024-03-11,2024,3,1,0,0,17023,1026444.62,517860.9,738.5,1151410.2,743505.9,982803.17,1122606.32,925395.0,826227.0,1,0,0
2024-03-12,2024,3,1,1,0,17117,1021139.29,514424.85,738.5,1026444.62,720210.19,991178.29,723208.52,968385.0,827226.0,1,0,0
2024-03-13,2024,3,1,2,0,17063,1031107.72,519672.24,738.5,1021139.29,728258.81,625464.41,720982.94,1011649.0,840748.0,1,0,0
2024-03-14,2024,3,1,3,0,16996,1018291.76,512644.54,738.5,1031107.72,723462.71,636288.23,732041.65,1053767.0,853481.0,1,0,0
2024-03-15,2024,3,1,4,0,23124,1361278.32,684534.88,738.5,1018291.76,969867.76,636191.11,728053.8,1109683.0,877651.0,1,0,0
2024-03-16,2024,3,1,5,1,26524,1582561.21,797816.12,738.5,1361278.32,1158108.44,638912.1,959361.79,1170319.0,909106.0,1,0,0
2024-03-17,2024,3,1,6,1,27006,1597813.25,805618.71,738.5,1582561.21,1151410.2,840245.18,1124334.48,1234091.0,934358.0,1,0,0
2024-03-18,2024,3,1,0,0,17016,1034509.44,521458.53,738.5,1597813.25,1026444.62,998217.19,1160414.56,1235243.0,935568.0,1,0,0
2024-03-19,2024,3,1,1,0,17051,1018020.11,512833.05,738.5,1034509.44,1021139.29,999273.72,737646.56,1234797.0,936192.0,1,0,0
2024-03-20,2024,3,1,2,0,17219,1039334.98,523664.49,738.5,1018020.11,1031107.72,638332.32,702681.7,1235973.0,949559.0,1,0,0
2024-03-21,2024,3,1,3,0,17132,1024531.43,517021.91,738.5,1039334.98,1018291.76,641729.22,982348.36,1236864.0,962319.0,1,0,0
2024-03-22,2024,3,1,4,0,22146,1334391.33,671483.99,738.5,1024531.43,1361278.32,643747.45,987207.05,1233023.0,985341.0,1,0,0
2024-03-23,2024,3,1,5,1,27051,1617106.85,814003.61,738.5,1334391.33,1582561.21,632938.1,1272394.81,1237958.0,1018146.0,1,0,0
2024-03-24,2024,3,1,6,1,26340,1563570.47,787014.06,738.5,1617106.85,1597813.25,848620.27,1526497.32,1233066.0,1041978.0,1,0,0
2024-03-25,2024,3,1,0,0,16757,997643.55,502688.86,738.5,1563570.47,1034509.44,989105.96,1514232.39,1227800.0,1042263.0,1,0,0
2024-03-26,2024,3,1,1,0,17539,1054783.56,531291.3,738.5,997643.55,1018020.11,983835.75,976074.28,1233052.0,1044627.0,1,0,0
2024-03-27,2024,3,1,2,0,17174,1012366.0,510155.65,738.5,1054783.56,1039334.98,637873.18,984770.61,1229199.0,1057111.0,1,0,0
2024-03-28,2024,3,1,3,0,16935,1019450.14,513457.46,738.5,1012366.0,1024531.43,644502.84,988814.31,1228473.0,1069609.0,1,0,0
2024-03-29,2024,3,1,4,0,22904,1365897.94,687545.58,738.5,1019450.14,1334391.33,633250.81,957492.96,1232974.0,1094030.0,1,0,0
2024-03-30,2024,3,1,5,1,26241,1571032.83,791971.89,738.5,1365897.94,1617106.85,636298.51,1303855.54,1226392.0,1125188.0,1,0,0
2024-03-31,2024,3,1,6,1,26179,1594383.23,803665.1,738.5,1571032.83,1563570.47,958984.03,1536689.13,1230794.0,1146368.0,1,0,0
2024-04-01,2024,4,2,0,0,17096,1033631.35,520552.34,738.5,1594383.23,997643.55,1150047.14,1542578.52,1235935.0,1142488.0,1,0,0
2024-04-02,2024,4,2,1,0,17094,1007437.88,506900.77,738.5,1033631.35,1054783.56,1160516.55,987921.98,1229171.0,1137385.0,1,0,0
2024-04-03,2024,4,2,2,0,16739,991163.93,498561.92,738.5,1007437.88,1012366.0,743505.9,976500.07,1226142.0,1145640.0,1,0,0
2024-04-04,2024,4,2,3,0,16877,1039444.44,523739.22,738.5,991163.93,1019450.14,720210.19,961009.71,1228999.0,1156281.0,1,0,0
2024-04-05,2024,4,2,4,0,22486,1364252.33,686710.27,738.5,1039444.44,1365897.94,728258.81,981392.72,1228764.0,1177481.0,1,0,0
2024-04-06,2024,4,2,5,1,26620,1582028.53,796590.44,738.5,1364252.33,1571032.83,723462.71,1304471.19,1230335.0,1206100.0,1,0,0
2024-04-07,2024,4,2,6,1,26392,1591278.46,800169.26,738.5,1582028.53,1594383.23,969867.76,1520687.97,1229891.0,1226814.0,1,0,0
2024-04-08,2024,4,2,0,0,17530,1033534.56,520552.99,738.5,1591278.46,1033631.35,1158108.44,1563143.3,1229877.0,1222661.0,1,0,0
2024-04-09,2024,4,2,1,0,16860,1017315.33,512994.33,738.5,1033534.56,1007437.88,1151410.2,986921.97,1231288.0,1218191.0,1,0,0
2024-04-10,2024,4,2,2,0,33035,1837996.04,929750.77,4544.0,1017315.33,991163.93,1026444.62,977362.66,1352264.0,1245243.0,1,0,0
2024-04-11,2024,4,2,3,0,20172,1279278.19,647721.11,4333.0,1837996.04,1039444.44,1021139.29,1002191.18,1386526.0,1253848.0,1,0,0
2024-04-12,2024,4,2,4,0,27226,1772205.75,899893.67,4333.0,1279278.19,1364252.33,1031107.72,980771.02,1444805.0,1278551.0,1,0,0
2024-04-13,2024,4,2,5,1,31148,2037529.91,1032976.65,4333.0,1772205.75,1582028.53,1018291.76,1280773.47,1509877.0,1312526.0,1,0,0
2024-04-14,2024,4,2,6,1,31341,2075234.44,1051352.48,4333.0,2037529.91,1591278.46,1361278.32,1514365.15,1579013.0,1336324.0,1,0,0
2024-04-15,2024,4,2,0,0,20596,1347177.77,684571.41,4333.0,2075234.44,1033534.56,1582561.21,1507560.24,1623820.0,1328478.0,1,0,0
2024-04-16,2024,4,2,1,0,20667,1313428.62,666952.49,4333.0,1347177.77,1017315.33,1597813.25,966467.16,1666122.0,1318999.0,1,0,0
2024-04-17,2024,4,2,2,0,20571,1330105.2,671927.03,4333.0,1313428.62,1837996.04,1034509.44,988586.77,1593566.0,1328852.0,1,0,0
2024-04-18,2024,4,2,3,0,10492,734119.85,370265.57,0.0,1330105.2,1279278.19,1018020.11,995855.63,1515686.0,1319388.0,0,0,0
2024-04-19,2024,4,2,4,0,14300,990448.87,500036.16,0.0,734119.85,1772205.75,1039334.98,975407.99,1404006.0,1317759.0,0,0,0
2024-04-20,2024,4,2,5,1,16406,1101820.07,555546.35,0.0,990448.87,2037529.91,1024531.43,2278702.11,1270334.0,1320335.0,0,0,0
2024-04-21,2024,4,2,6,1,16413,1137983.58,574226.63,0.0,1101820.07,2075234.44,1334391.33,1995480.9,1136441.0,1313788.0,0,0,0
2024-04-22,2024,4,2,0,0,10650,742395.86,374807.27,0.0,1137983.58,1347177.77,1617106.85,2000632.36,1050043.0,1284631.0,0,0,0
2024-04-23,2024,4,2,1,0,10390,733639.79,369427.97,0.0,742395.86,1313428.62,1563570.47,1272410.7,967216.0,1256967.0,0,0,0
2024-04-24,2024,4,2,2,0,10388,715865.25,361093.56,0.0,733639.79,1330105.2,997643.55,1278246.59,879468.0,1247574.0,0,0,0
2024-04-25,2024,4,2,3,0,10687,741061.22,373902.96,0.0,715865.25,734119.85,1054783.56,1268414.94,880459.0,1237117.0,0,0,0
2024-04-26,2024,4,2,4,0,14078,966237.42,487003.28,0.0,741061.22,990448.87,1012366.0,1296943.31,877000.0,1235579.0,0,0,0
2024-04-27,2024,4,2,5,1,16127,1125856.86,568993.57,0.0,966237.42,1101820.07,1019450.14,1687610.2,880434.0,1239126.0,0,0,0
2024-04-28,2024,4,2,6,1,16284,1133351.57,570445.12,0.0,1125856.86,1137983.58,1365897.94,1148652.26,879773.0,1231375.0,0,0,0
2024-04-29,2024,4,2,0,0,10644,750614.86,378435.81,0.0,1133351.57,742395.86,1571032.83,1165614.28,880947.0,1204027.0,0,0,0
2024-04-30,2024,4,2,1,0,10436,706182.44,356033.4,0.0,750614.86,733639.79,1594383.23,682655.16,877024.0,1174421.0,0,0,0
2024-05-01,2024,5,2,2,0,9890,695204.41,352404.23,0.0,706182.44,715865.25,1033631.35,678805.57,874073.0,1163140.0,0,0,0
2024-05-02,2024,5,2,3,0,9928,693296.78,350170.1,0.0,695204.41,741061.22,1007437.88,686899.56,867249.0,1152668.0,0,0,0
2024-05-03,2024,5,2,4,0,13230,929271.9,470408.6,0.0,693296.78,966237.42,991163.93,715091.13,861968.0,1150605.0,0,0,0
2024-05-04,2024,5,2,5,1,15719,1072508.76,542813.94,0.0,929271.9,1125856.86,1039444.44,923474.12,854347.0,1151707.0,0,0,0
2024-05-05,2024,5,2,6,1,15130,1061444.0,537493.8,0.0,1072508.76,1133351.57,1364252.33,1100303.07,844075.0,1141614.0,0,0,0
2024-05-06,2024,5,2,0,0,9896,689822.91,349228.99,0.0,1061444.0,750614.86,1582028.53,1087346.0,835390.0,1111874.0,0,0,0
2024-05-07,2024,5,2,1,0,9962,686864.43,347554.37,0.0,689822.91,706182.44,1591278.46,692126.5,832630.0,1081727.0,0,0,0
2024-05-08,2024,5,2,2,0,10166,693133.5,350298.29,0.0,686864.43,695204.41,1033534.56,705279.47,832335.0,1070380.0,0,0,0
2024-05-09,2024,5,2,3,0,10106,678292.74,342810.96,0.0,693133.5,693296.78,1017315.33,679310.42,830191.0,1059079.0,0,0,0
2024-05-10,2024,5,2,4,0,13186,926447.84,470275.54,0.0,678292.74,929271.9,1837996.04,684420.44,829788.0,1028694.0,0,0,0
2024-05-11,2024,5,2,5,1,15613,1057990.14,535091.29,0.0,926447.84,1072508.76,1279278.19,902144.2,827714.0,1021318.0,0,0,0
2024-05-12,2024,5,2,6,1,15366,1084098.83,548528.7,0.0,1057990.14,1061444.0,1772205.75,1079867.69,830950.0,998381.0,0,0,0
2024-05-13,2024,5,2,0,0,9976,687770.44,348079.1,0.0,1084098.83,689822.91,2037529.91,1052876.12,830657.0,953389.0,0,0,0
2024-05-14,2024,5,2,1,0,9736,679169.17,344477.53,0.0,687770.44,686864.43,2075234.44,679829.11,829558.0,906854.0,0,0,0
2024-05-15,2024,5,2,2,0,9951,690436.81,349028.34,0.0,679169.17,693133.5,1347177.77,693577.56,829172.0,884962.0,0,0,0
2024-05-16,2024,5,2,3,0,9948,699458.28,354819.45,0.0,690436.81,678292.74,1313428.62,685874.63,832196.0,864496.0,0,0,0
2024-05-17,2024,5,2,4,0,13398,952256.77,482806.95,0.0,699458.28,926447.84,1330105.2,699986.99,835883.0,851902.0,0,0,0
2024-05-18,2024,5,2,5,1,15315,1060004.62,537291.21,0.0,952256.77,1057990.14,734119.85,922204.62,836171.0,862764.0,0,0,0
2024-05-19,2024,5,2,6,1,15679,1062804.43,537751.29,0.0,1060004.62,1084098.83,990448.87,1096494.7,833129.0,865176.0,0,0,0
2024-05-20,2024,5,2,0,0,10246,698718.73,353783.19,0.0,1062804.43,687770.44,1101820.07,1066637.49,834693.0,851739.0,0,0,0
2024-05-21,2024,5,2,1,0,10109,690929.84,350035.5,0.0,698718.73,679169.17,1137983.58,697476.89,836373.0,836838.0,0,0,0
2024-05-22,2024,5,2,2,0,9994,692263.25,350407.14,0.0,690929.84,690436.81,742395.86,707124.05,836634.0,835167.0,0,0,0
2024-05-23,2024,5,2,3,0,10157,703238.2,356585.11,0.0,692263.25,699458.28,733639.79,700284.02,837174.0,834153.0,0,0,0
2024-05-24,2024,5,2,4,0,13520,931775.08,471535.73,0.0,703238.2,952256.77,715865.25,689011.07,834248.0,841350.0,0,0,0
2024-05-25,2024,5,2,5,1,15219,1057527.15,534270.34,0.0,931775.08,1060004.62,741061.22,930640.56,833894.0,851899.0,0,0,0
2024-05-26,2024,5,2,6,1,15039,1053827.89,533306.84,0.0,1057527.15,1062804.43,966237.42,1063563.52,832611.0,854819.0,0,0,0
2024-05-27,2024,5,2,0,0,10099,688293.38,348513.85,0.0,1053827.89,698718.73,1125856.86,1085969.0,831122.0,840233.0,0,0,0
2024-05-28,2024,5,2,1,0,9893,692519.45,350335.26,0.0,688293.38,690929.84,1133351.57,695281.52,831349.0,825539.0,0,0,0
2024-05-29,2024,5,2,2,0,9595,683429.26,345803.05,0.0,692519.45,692263.25,750614.86,686400.99,830087.0,823299.0,0,0,0
2024-05-30,2024,5,2,3,0,10213,690590.78,348631.59,0.0,683429.26,703238.2,706182.44,697941.54,828280.0,822780.0,0,0,0
2024-05-31,2024,5,2,4,0,13215,933191.09,472245.49,0.0,690590.78,931775.08,695204.41,677487.92,828483.0,830713.0,0,0,0
2024-06-01,2024,6,2,5,1,15648,1064610.08,537080.78,0.0,933191.09,1057527.15,693296.78,923014.7,829495.0,843090.0,0,0,0
2024-06-02,2024,6,2,6,1,15305,1062418.52,536452.27,0.0,1064610.08,1053827.89,929271.9,1082724.98,830722.0,847528.0,0,0,0
2024-06-03,2024,6,2,0,0,9808,692791.01,350230.35,0.0,1062418.52,688293.38,1072508.76,1077452.43,831364.0,834871.0,0,0,0
2024-06-04,2024,6,2,1,0,9897,692264.73,350768.52,0.0,692791.01,692519.45,1061444.0,673387.37,831328.0,822565.0,0,0,0
2024-06-05,2024,6,2,2,0,10052,706053.15,357926.13,0.0,692264.73,683429.26,689822.91,668392.14,834560.0,823106.0,0,0,0
2024-06-06,2024,6,2,3,0,9915,690597.16,350016.6,0.0,706053.15,690590.78,686864.43,684623.24,834561.0,823230.0,0,0,0
2024-06-07,2024,6,2,4,0,12956,928972.01,470286.81,0.0,690597.16,933191.09,693133.5,705192.08,833958.0,831091.0,0,0,0
2024-06-08,2024,6,2,5,1,15639,1106280.45,561027.73,0.0,928972.01,1064610.08,678292.74,949862.12,839911.0,845358.0,0,0,0
2024-06-09,2024,6,2,6,1,15364,1078752.27,545970.83,0.0,1106280.45,1062418.52,926447.84,1098107.88,842244.0,850434.0,0,0,0
2024-06-10,2024,6,2,0,0,9828,691476.7,349428.6,0.0,1078752.27,692791.01,1057990.14,1082047.83,842057.0,838217.0,0,0,0
2024-06-11,2024,6,2,1,0,10211,701129.37,355588.96,0.0,691476.7,692264.73,1084098.83,682957.44,843323.0,825452.0,0,0,0
2024-06-12,2024,6,2,2,0,9991,697803.35,352637.13,0.0,701129.37,706053.15,687770.44,689670.1,842144.0,825786.0,0,0,0
2024-06-13,2024,6,2,3,0,10196,699272.36,353702.11,0.0,697803.35,690597.16,679169.17,685308.5,843384.0,826456.0,0,0,0
2024-06-14,2024,6,2,4,0,13616,923366.86,468174.26,0.0,699272.36,928972.01,690436.81,838626.94,842583.0,834221.0,0,0,0
2024-06-15,2024,6,2,5,1,18067,1334898.41,674550.34,625.0,923366.86,1106280.45,699458.28,1117774.89,875243.0,855402.0,1,0,0
2024-06-16,2024,6,2,6,1,18684,1353778.9,683245.84,625.0,1334898.41,1078752.27,952256.77,1281379.94,914532.0,868786.0,1,0,0
2024-06-17,2024,6,2,0,0,12149,859114.06,432655.73,625.0,1353778.9,691476.7,1060004.62,1312926.68,938480.0,862090.0,1,0,0
2024-06-18,2024,6,2,1,0,11809,859181.34,433725.18,625.0,859114.06,701129.37,1062804.43,821426.88,961059.0,855302.0,1,0,0
2024-06-19,2024,6,2,2,0,11802,855274.11,431486.5,625.0,859181.34,697803.35,698718.73,830340.89,983555.0,860521.0,1,0,0
2024-06-20,2024,6,2,3,0,11948,874542.8,441687.54,625.0,855274.11,699272.36,690929.84,842143.17,1008594.0,866641.0,1,0,0
2024-06-21,2024,6,2,4,0,15842,1173691.5,591319.64,625.0,874542.8,923366.86,692263.25,824013.59,1044354.0,882689.0,1,0,0
2024-06-22,2024,6,2,5,1,18379,1344440.11,677883.3,625.0,1173691.5,1334898.41,703238.2,1059660.15,1045718.0,904062.0,1,0,0
2024-06-23,2024,6,2,6,1,18454,1316350.78,663843.22,625.0,1344440.11,1353778.9,931775.08,1292333.43,1040371.0,916881.0,1,0,0
2024-06-24,2024,6,2,0,0,11950,859854.44,432641.88,625.0,1316350.78,859114.06,1057527.15,1267277.96,1040476.0,910292.0,1,0,0
2024-06-25,2024,6,2,1,0,11899,871642.42,439473.98,625.0,859854.44,859181.34,1053827.89,821280.39,1042257.0,904219.0,1,0,0
2024-06-26,2024,6,2,2,0,11605,858794.71,434165.96,625.0,871642.42,855274.11,688293.38,816354.83,1042760.0,909903.0,1,0,0
2024-06-27,2024,6,2,3,0,11709,872921.74,440239.57,625.0,858794.71,874542.8,692519.45,823003.63,1042528.0,915916.0,1,0,0
2024-06-28,2024,6,2,4,0,15533,1151593.18,582623.84,625.0,872921.74,1173691.5,683429.26,845774.49,1039371.0,931522.0,1,0,0
2024-06-29,2024,6,2,5,1,18858,1359318.57,685119.01,625.0,1151593.18,1344440.11,690590.78,1112831.77,1041497.0,953813.0,1,0,0
2024-06-30,2024,6,2,6,1,18393,1344080.75,678271.53,625.0,1359318.57,1316350.78,933191.09,1217897.71,1045458.0,967509.0,1,0,0
2024-07-01,2024,7,3,0,0,11314,809479.36,408576.38,625.0,1344080.75,859854.44,1064610.08,1206820.92,1038262.0,959005.0,1,0,0
2024-07-02,2024,7,3,1,0,11243,809917.61,408737.48,625.0,809479.36,871642.42,1062418.52,787706.79,1029444.0,950588.0,1,0,0
2024-07-03,2024,7,3,2,0,11367,820609.03,415010.9,625.0,809917.61,858794.71,692791.01,785997.36,1023989.0,954848.0,1,0,0
2024-07-04,2024,7,3,3,0,11576,831545.83,420088.21,625.0,820609.03,872921.74,692264.73,766365.49,1018078.0,959491.0,1,0,0
2024-07-05,2024,7,3,4,0,14911,1094209.22,552171.25,625.0,831545.83,1151593.18,706053.15,766359.01,1009880.0,972430.0,1,0,0
2024-07-06,2024,7,3,5,1,17628,1242163.65,628672.15,625.0,1094209.22,1359318.57,690597.16,1063262.32,993144.0,990815.0,1,0,0
2024-07-07,2024,7,3,6,1,16968,1228692.36,620292.0,625.0,1242163.65,1344080.75,928972.01,1224234.09,976660.0,1000806.0,1,0,0
2024-07-08,2024,7,3,0,0,11308,813202.32,410869.61,625.0,1228692.36,809479.36,1106280.45,1213132.2,977191.0,991037.0,1,0,0
2024-07-09,2024,7,3,1,0,11045,805364.81,406512.75,625.0,813202.32,809917.61,1078752.27,782157.08,976541.0,981924.0,1,0,0
2024-07-10,2024,7,3,2,0,11007,801864.32,405358.75,625.0,805364.81,820609.03,691476.7,787323.42,973863.0,985603.0,1,0,0
2024-07-11,2024,7,3,3,0,11108,810226.82,409798.28,625.0,801864.32,831545.83,701129.37,778862.12,970818.0,989240.0,1,0,0
2024-07-12,2024,7,3,4,0,15535,1104375.82,558026.02,625.0,810226.82,1094209.22,697803.35,776075.41,972270.0,1002792.0,1,0,0
2024-07-13,2024,7,3,5,1,18433,1282391.37,647029.19,625.0,1104375.82,1242163.65,699272.36,1036389.27,978017.0,1022230.0,1,0,0
2024-07-14,2024,7,3,6,1,17762,1275064.14,643230.4,625.0,1282391.37,1228692.36,923366.86,1222376.41,984641.0,1033953.0,1,0,0
2024-07-15,2024,7,3,0,0,11411,801509.99,404855.51,625.0,1275064.14,813202.32,1334898.41,1024173.91,982971.0,1016173.0,1,0,0
2024-07-16,2024,7,3,1,0,9443,652086.07,330262.07,0.0,801509.99,805364.81,1353778.9,662465.45,961074.0,992783.0,0,0,0
2024-07-17,2024,7,3,2,0,9426,660998.57,334264.86,0.0,652086.07,801864.32,859114.06,645399.66,940950.0,986180.0,0,0,0
2024-07-18,2024,7,3,3,0,9498,668607.57,338739.26,0.0,660998.57,810226.82,859181.34,644261.55,920719.0,979827.0,0,0,0
2024-07-19,2024,7,3,4,0,12528,866640.67,438595.91,0.0,668607.57,1104375.82,855274.11,669410.0,886757.0,980206.0,0,0,0
2024-07-20,2024,7,3,5,1,14897,1060637.81,537592.68,0.0,866640.67,1282391.37,874542.8,872364.28,855078.0,986409.0,0,0,0
2024-07-21,2024,7,3,6,1,14768,1034343.06,525279.77,0.0,1060637.81,1275064.14,1173691.5,1008762.13,820689.0,981764.0,0,0,0
2024-07-22,2024,7,3,0,0,9635,661471.2,335216.42,0.0,1034343.06,801509.99,1344440.11,1025863.89,800684.0,958999.0,0,0,0
2024-07-23,2024,7,3,1,0,9593,658210.93,333328.15,0.0,661471.2,652086.07,1316350.78,675617.71,801559.0,937061.0,0,0,0
2024-07-24,2024,7,3,2,0,9618,659315.52,334105.88,0.0,658210.93,660998.57,859854.44,649975.46,801318.0,930376.0,0,0,0
2024-07-25,2024,7,3,3,0,9695,655999.15,332560.1,0.0,659315.52,668607.57,871642.42,669833.82,799517.0,923188.0,0,0,0
2024-07-26,2024,7,3,4,0,12607,867690.89,438494.05,0.0,655999.15,866640.67,858794.71,658377.73,799667.0,923484.0,0,0,0
2024-07-27,2024,7,3,5,1,14991,1033937.61,522876.8,0.0,867690.89,1060637.81,872921.74,893056.37,795853.0,928852.0,0,0,0
2024-07-28,2024,7,3,6,1,14750,1024090.44,519660.69,0.0,1033937.61,1034343.06,1151593.18,1035228.5,794388.0,924602.0,0,0,0
2024-07-29,2024,7,3,0,0,9701,669424.3,339904.37,0.0,1024090.44,661471.2,1359318.57,1028964.14,795524.0,901605.0,0,0,0
2024-07-30,2024,7,3,1,0,9508,654249.97,331334.53,0.0,669424.3,658210.93,1344080.75,650049.12,794958.0,878611.0,0,0,0
2024-07-31,2024,7,3,2,0,9580,662269.63,335841.41,0.0,654249.97,659315.52,809479.36,647254.87,795380.0,873704.0,0,0,0
2024-08-01,2024,8,3,3,0,9734,660965.07,335267.1,0.0,662269.63,655999.15,809917.61,669339.13,796090.0,868739.0,0,0,0
2024-08-02,2024,8,3,4,0,12962,886921.82,448815.74,0.0,660965.07,867690.89,820609.03,649395.15,798837.0,870949.0,0,0,0
2024-08-03,2024,8,3,5,1,14644,1001981.12,507900.18,0.0,886921.82,1033937.61,831545.83,879314.77,794272.0,876630.0,0,0,0
2024-08-04,2024,8,3,6,1,14829,1023074.17,519553.19,0.0,1001981.12,1024090.44,1094209.22,1023882.13,794127.0,874259.0,0,0,0
2024-08-05,2024,8,3,0,0,9623,650737.06,329838.97,0.0,1023074.17,669424.3,1242163.65,1002685.32,791457.0,854545.0,0,0,0
2024-08-06,2024,8,3,1,0,9623,673642.9,341315.16,0.0,650737.06,654249.97,1228692.36,654138.62,794227.0,836043.0,0,0,0
2024-08-07,2024,8,3,2,0,9713,661125.41,334646.26,0.0,673642.9,662269.63,813202.32,665202.42,794064.0,830974.0,0,0,0
2024-08-08,2024,8,3,3,0,9747,668492.72,338792.86,0.0,661125.41,660965.07,805364.81,658518.25,795139.0,826412.0,0,0,0
2024-08-09,2024,8,3,4,0,12928,871670.18,440742.49,0.0,668492.72,886921.82,801864.32,665642.34,792961.0,828738.0,0,0,0
2024-08-10,2024,8,3,5,1,14767,1030453.08,521958.62,0.0,871670.18,1001981.12,810226.82,902134.91,797028.0,836079.0,0,0,0
2024-08-11,2024,8,3,6,1,15184,1040665.28,526948.96,0.0,1030453.08,1023074.17,1104375.82,994666.02,799541.0,833956.0,0,0,0
2024-08-12,2024,8,3,0,0,9699,652695.22,330324.06,0.0,1040665.28,650737.06,1282391.37,1035077.82,799821.0,812966.0,0,0,0
2024-08-13,2024,8,3,1,0,9804,668711.78,338656.4,0.0,652695.22,673642.9,1275064.14,652145.19,799116.0,792754.0,0,0,0
2024-08-14,2024,8,3,2,0,9793,653075.7,331044.43,0.0,668711.78,661125.41,801509.99,880276.23,797966.0,787806.0,0,0,0
2024-08-15,2024,8,3,3,0,11274,936195.06,475106.31,770.0,653075.7,668492.72,652086.07,862406.17,836209.0,797276.0,1,0,0
2024-08-16,2024,8,3,4,0,15521,1257437.46,638894.97,770.0,936195.06,871670.18,660998.57,878502.2,891319.0,817158.0,1,0,0
2024-08-17,2024,8,3,5,1,18068,1481652.59,751738.97,770.0,1257437.46,1030453.08,668607.57,1190174.64,955776.0,844259.0,1,0,0
2024-08-18,2024,8,3,6,1,17863,1450184.49,736649.59,770.0,1481652.59,1040665.28,866640.67,1348905.04,1014279.0,863711.0,1,0,0
2024-08-19,2024,8,3,0,0,11534,921160.67,466709.43,770.0,1450184.49,652695.22,1060637.81,1395747.26,1052631.0,859061.0,1,0,0
2024-08-20,2024,8,3,1,0,11471,921535.98,468090.68,770.0,921160.67,668711.78,1034343.06,904645.87,1088749.0,855301.0,1,0,0
2024-08-21,2024,8,3,2,0,11471,928001.98,470185.8,770.0,921535.98,653075.7,661471.2,894212.92,1128024.0,864186.0,1,0,0
2024-08-22,2024,8,3,3,0,11726,942940.46,477693.36,770.0,928001.98,936195.06,658210.93,907580.79,1128988.0,873677.0,1,0,0
2024-08-23,2024,8,3,4,0,15436,1255672.45,637421.99,770.0,942940.46,1257437.46,659315.52,875542.94,1128736.0,893555.0,1,0,0
2024-08-24,2024,8,3,5,1,17820,1422479.72,721562.31,770.0,1255672.45,1481652.59,655999.15,1184862.49,1120282.0,919105.0,1,0,0
2024-08-25,2024,8,3,6,1,17913,1486638.39,752724.5,770.0,1422479.72,1450184.49,867690.89,1381271.27,1125490.0,939736.0,1,0,0
2024-08-26,2024,8,3,0,0,11708,925493.37,469875.93,770.0,1486638.39,921160.67,1033937.61,1352038.41,1126109.0,936121.0,1,0,0
2024-08-27,2024,8,3,1,0,11346,942283.78,477624.98,770.0,925493.37,921535.98,1024090.44,881580.61,1129073.0,933394.0,1,0,0
2024-08-28,2024,8,3,2,0,11514,942879.92,478311.7,770.0,942283.78,928001.98,669424.3,914540.44,1131198.0,942510.0,1,0,0
2024-08-29,2024,8,3,3,0,11542,963854.93,489833.91,770.0,942879.92,942940.46,654249.97,879160.6,1134186.0,952830.0,1,0,0
2024-08-30,2024,8,3,4,0,14896,1201719.86,610470.54,770.0,963854.93,1255672.45,662269.63,882417.57,1126479.0,970811.0,1,0,0
2024-08-31,2024,8,3,5,1,17601,1487558.91,753740.45,770.0,1201719.86,1422479.72,660965.07,1231620.99,1135776.0,998365.0,1,0,0
2024-09-01,2024,9,3,6,1,18506,1538203.23,779397.96,770.0,1487558.91,1486638.39,886921.82,1429360.49,1143142.0,1020074.0,1,0,0
2024-09-02,2024,9,3,0,0,11905,977547.46,495426.92,770.0,1538203.23,925493.37,1001981.12,1460734.67,1150578.0,1019259.0,1,0,0
2024-09-03,2024,9,3,1,0,11864,959176.89,486227.45,770.0,977547.46,942283.78,1023074.17,933421.7,1152992.0,1017130.0,1,0,0
2024-09-04,2024,9,3,2,0,12059,984993.89,497924.79,770.0,959176.89,942879.92,650737.06,951895.19,1159008.0,1028271.0,1,0,0
2024-09-05,2024,9,3,3,0,11966,983665.06,499395.31,770.0,984993.89,963854.93,673642.9,944427.2,1161838.0,1038606.0,1,0,0
2024-09-06,2024,9,3,4,0,16022,1287507.25,652013.23,770.0,983665.06,1201719.86,661125.41,921176.95,1174093.0,1059485.0,1,0,0
2024-09-07,2024,9,3,5,1,18492,1515562.99,769126.55,770.0,1287507.25,1487558.91,668492.72,1263959.88,1178094.0,1087721.0,1,0,0
2024-09-08,2024,9,3,6,1,18735,1523387.05,771529.93,770.0,1515562.99,1538203.23,871670.18,1421420.84,1175977.0,1109444.0,1,0,0
2024-09-09,2024,9,3,0,0,12200,972261.17,492620.46,770.0,1523387.05,977547.46,1030453.08,1464908.6,1175222.0,1107505.0,1,0,0
2024-09-10,2024,9,3,1,0,12028,987154.92,500775.41,770.0,972261.17,959176.89,1040665.28,687873.22,1179219.0,1105721.0,1,0,0
2024-09-11,2024,9,3,2,0,10250,722764.96,366219.68,0.0,987154.92,984993.89,652695.22,699466.5,1141758.0,1108057.0,0,0,0
2024-09-12,2024,9,3,3,0,9909,695572.46,352124.19,0.0,722764.96,983665.06,668711.78,693434.19,1100602.0,1108952.0,0,0,0
2024-09-13,2024,9,3,4,0,13662,931429.59,471845.36,0.0,695572.46,1287507.25,653075.7,682879.92,1049733.0,1118231.0,0,0,0
2024-09-14,2024,9,3,5,1,15656,1087486.06,549537.84,0.0,931429.59,1515562.99,936195.06,914042.36,988579.0,1123274.0,0,0,0
2024-09-15,2024,9,3,6,1,15580,1085114.78,549503.75,0.0,1087486.06,1523387.05,1257437.46,1074934.95,925969.0,1117530.0,0,0,0
2024-09-16,2024,9,3,0,0,10159,708270.58,358104.24,0.0,1085114.78,972261.17,1481652.59,1066038.09,888256.0,1091750.0,0,0,0
2024-09-17,2024,9,3,1,0,9958,672273.75,339923.67,0.0,708270.58,987154.92,1450184.49,694234.49,843273.0,1065820.0,0,0,0
2024-09-18,2024,9,3,2,0,9877,693609.65,351409.98,0.0,672273.75,722764.96,921160.67,687131.53,839108.0,1058235.0,0,0,0
2024-09-19,2024,9,3,3,0,9873,689693.77,349337.32,0.0,693609.65,695572.46,921535.98,690710.65,838268.0,1050507.0,0,0,0
2024-09-20,2024,9,3,4,0,13157,933599.32,472287.36,0.0,689693.77,931429.59,928001.98,697639.2,838578.0,1050693.0,0,0,0
2024-09-21,2024,9,3,5,1,15084,1049965.8,531680.38,0.0,933599.32,1087486.06,942940.46,925509.2,833218.0,1054261.0,0,0,0
2024-09-22,2024,9,3,6,1,15786,1077739.55,546201.79,0.0,1049965.8,1085114.78,1255672.45,1089259.88,832165.0,1048330.0,0,0,0
2024-09-23,2024,9,3,0,0,9734,677161.05,342307.61,0.0,1077739.55,708270.58,1422479.72,1049474.61,827720.0,1023486.0,0,0,0
2024-09-24,2024,9,3,1,0,9839,705031.87,356004.1,0.0,677161.05,672273.75,1486638.39,687412.42,832400.0,997432.0,0,0,0
2024-09-25,2024,9,3,2,0,9961,679314.51,343822.54,0.0,705031.87,693609.65,925493.37,696617.7,830358.0,989226.0,0,0,0
2024-09-26,2024,9,3,3,0,9901,678604.61,343759.56,0.0,679314.51,689693.77,942283.78,687272.78,828774.0,980437.0,0,0,0
2024-09-27,2024,9,3,4,0,13616,929021.99,470957.64,0.0,678604.61,933599.32,942879.92,694334.66,828120.0,979975.0,0,0,0
2024-09-28,2024,9,3,5,1,15361,1086094.24,550324.81,0.0,929021.99,1049965.8,963854.93,917105.69,833281.0,984050.0,0,0,0
2024-09-29,2024,9,3,6,1,15197,1078847.83,546484.53,0.0,1086094.24,1077739.55,1201719.86,1071917.15,833439.0,979954.0,0,0,0
2024-09-30,2024,9,3,0,0,9808,679413.81,344031.14,0.0,1078847.83,677161.05,1487558.91,1146266.8,833761.0,953016.0,0,0,0
2024-10-01,2024,10,4,1,0,10895,744102.03,375319.81,0.0,679413.81,705031.87,1538203.23,756689.57,839343.0,926546.0,0,0,0
2024-10-02,2024,10,4,2,0,10597,726867.13,366194.1,0.0,744102.03,679314.51,977547.46,735336.67,846136.0,918190.0,0,0,0
2024-10-03,2024,10,4,3,0,10688,748262.46,377476.7,0.0,726867.13,678604.61,959176.89,758512.44,856087.0,911159.0,0,0,0
2024-10-04,2024,10,4,4,0,14547,995774.85,501022.99,0.0,748262.46,929021.99,984993.89,745679.97,865623.0,911519.0,0,0,0
2024-10-05,2024,10,4,5,1,16673,1161484.44,584914.57,0.0,995774.85,1086094.24,983665.06,996241.71,876393.0,917446.0,0,0,0
2024-10-06,2024,10,4,6,1,16967,1164659.72,586227.43,0.0,1161484.44,1078847.83,1287507.25,1128976.26,888652.0,913351.0,0,0,0
2024-10-07,2024,10,4,0,0,10668,740246.96,373455.42,0.0,1164659.72,679413.81,1515562.99,1168184.49,897343.0,887507.0,0,0,0
2024-10-08,2024,10,4,1,0,10849,730906.27,369224.53,0.0,740246.96,744102.03,1523387.05,741815.08,895457.0,861091.0,0,0,0
2024-10-09,2024,10,4,2,0,11135,768485.02,387361.06,0.0,730906.27,726867.13,972261.17,732837.19,901403.0,854298.0,0,0,0
2024-10-10,2024,10,4,3,0,10809,745522.38,376205.22,0.0,768485.02,748262.46,987154.92,728482.01,901011.0,846244.0,0,0,0
2024-10-11,2024,10,4,4,0,14583,991253.58,499244.26,0.0,745522.38,995774.85,722764.96,726558.63,900365.0,855194.0,0,0,0
2024-10-12,2024,10,4,5,1,16550,1162840.07,584489.73,0.0,991253.58,1161484.44,695572.46,991941.88,900559.0,870769.0,0,0,0
2024-10-13,2024,10,4,6,1,17120,1161378.7,583910.09,0.0,1162840.07,1164659.72,931429.59,1136126.22,900090.0,878434.0,0,0,0
2024-10-14,2024,10,4,0,0,11020,748603.17,377420.48,0.0,1161378.7,740246.96,1087486.06,1174157.59,901284.0,867138.0,0,0,0
2024-10-15,2024,10,4,1,0,11003,748932.62,377431.56,0.0,748603.17,730906.27,1085114.78,745990.51,903859.0,855932.0,0,0,0
2024-10-16,2024,10,4,2,0,10796,750634.46,378327.4,0.0,748932.62,768485.02,708270.58,752182.98,901309.0,857344.0,0,0,0
2024-10-17,2024,10,4,3,0,10556,739059.0,371993.57,0.0,750634.46,745522.38,672273.75,744990.22,900386.0,859570.0,0,0,0
2024-10-18,2024,10,4,4,0,14094,994227.25,501556.47,0.0,739059.0,991253.58,693609.65,744443.34,900811.0,869591.0,0,0,0
2024-10-19,2024,10,4,5,1,16797,1169581.05,590305.66,0.0,994227.25,1162840.07,689693.77,1001505.54,901774.0,885587.0,0,0,0
2024-10-20,2024,10,4,6,1,16849,1157123.28,583469.74,0.0,1169581.05,1161378.7,933599.32,1156268.23,901166.0,893038.0,0,0,0
2024-10-21,2024,10,4,0,0,10766,745988.55,376523.4,0.0,1157123.28,748603.17,1049965.8,1156807.56,900792.0,882905.0,0,0,0
2024-10-22,2024,10,4,1,0,10667,743431.36,375515.25,0.0,745988.55,748932.62,1077739.55,738261.55,900006.0,871762.0,0,0,0
2024-10-23,2024,10,4,2,0,10735,753145.78,379231.51,0.0,743431.36,750634.46,677161.05,759185.69,900365.0,874295.0,0,0,0
2024-10-24,2024,10,4,3,0,10792,744699.41,376059.88,0.0,753145.78,739059.0,705031.87,739187.41,901171.0,875617.0,0,0,0
2024-10-25,2024,10,4,4,0,14312,993680.72,500733.08,0.0,744699.41,994227.25,679314.51,736094.81,901093.0,886096.0,0,0,0
2024-10-26,2024,10,4,5,1,16824,1168873.22,589910.6,0.0,993680.72,1169581.05,678604.61,972838.23,900992.0,902438.0,0,0,0
2024-10-27,2024,10,4,6,1,16592,1144101.75,576628.17,0.0,1168873.22,1157123.28,929021.99,1155247.11,899132.0,909607.0,0,0,0
2024-10-28,2024,10,4,0,0,10828,752615.03,378769.1,0.0,1144101.75,745988.55,1086094.24,1173599.23,900078.0,898491.0,0,0,0
2024-10-29,2024,10,4,1,0,10703,734224.56,369749.67,0.0,752615.03,743431.36,1078847.83,761553.01,898763.0,887004.0,0,0,0
2024-10-30,2024,10,4,2,0,10942,752559.38,380185.5,0.0,734224.56,753145.78,679413.81,742987.23,898679.0,889442.0,0,0,0
2024-10-31,2024,10,4,3,0,10781,743356.13,375089.62,0.0,752559.38,744699.41,744102.03,1013238.11,898487.0,889417.0,0,0,0
2024-11-01,2024,11,4,4,0,17078,1401578.55,707626.85,0.0,743356.13,993680.72,726867.13,1044301.92,956758.0,911908.0,0,1,0
2024-11-02,2024,11,4,5,1,19308,1581992.35,798183.51,0.0,1401578.55,1168873.22,748262.46,1375407.7,1015775.0,939699.0,0,1,0
2024-11-03,2024,11,4,6,1,19849,1641979.15,828931.61,0.0,1581992.35,1144101.75,995774.85,1635576.9,1086901.0,961239.0,0,1,0
2024-11-04,2024,11,4,0,0,12607,1046651.72,528289.99,0.0,1641979.15,752615.03,1161484.44,1601447.81,1128906.0,957411.0,0,1,0
2024-11-05,2024,11,4,1,0,12769,1029298.6,518571.88,0.0,1046651.72,734224.56,1164659.72,1041217.74,1171059.0,952899.0,0,1,0
2024-11-06,2024,11,4,2,0,12696,1020857.46,514763.7,0.0,1029298.6,752559.38,740246.96,1016080.43,1209388.0,962253.0,0,1,0
2024-11-07,2024,11,4,3,0,12458,1023539.62,515893.18,0.0,1020857.46,743356.13,730906.27,1047190.91,1249414.0,972007.0,0,1,0
2024-11-08,2024,11,4,4,0,16853,1388249.55,700982.78,0.0,1023539.62,1401578.55,768485.02,1072606.64,1247510.0,992666.0,0,1,0
2024-11-09,2024,11,4,5,1,19732,1608623.17,810880.87,0.0,1388249.55,1581992.35,745522.38,1391603.5,1251314.0,1021436.0,0,1,0
2024-11-10,2024,11,4,6,1,20006,1647602.44,832524.2,0.0,1608623.17,1641979.15,991253.58,1627350.04,1252118.0,1043314.0,0,1,0
2024-11-11,2024,11,4,0,0,12241,1030258.93,519236.16,0.0,1647602.44,1046651.72,1162840.07,1637281.7,1249776.0,1038895.0,0,1,0
2024-11-12,2024,11,4,1,0,12751,1023853.49,516737.05,0.0,1030258.93,1029298.6,1161378.7,1025206.97,1248998.0,1034311.0,0,1,0
2024-11-13,2024,11,4,2,0,12937,1064870.49,537203.21,0.0,1023853.49,1020857.46,748603.17,1036708.84,1255285.0,1044853.0,0,1,0
2024-11-14,2024,11,4,3,0,12818,1034398.86,522654.03,0.0,1064870.49,1023539.62,748932.62,1024731.34,1256837.0,1054369.0,0,1,0
2024-11-15,2024,11,4,4,0,16569,1368977.23,690087.79,0.0,1034398.86,1388249.55,750634.46,1052325.68,1254084.0,1074980.0,0,1,0
2024-11-16,2024,11,4,5,1,19680,1602070.65,809730.39,0.0,1368977.23,1608623.17,739059.0,1384911.7,1253147.0,1103747.0,0,1,0
2024-11-17,2024,11,4,6,1,19412,1621757.52,818879.92,0.0,1602070.65,1647602.44,994227.25,1626392.57,1249455.0,1124665.0,0,1,0
2024-11-18,2024,11,4,0,0,12714,1030358.21,519398.5,0.0,1621757.52,1030258.93,1169581.05,1653910.61,1249469.0,1120024.0,0,1,0
2024-11-19,2024,11,4,1,0,12448,1034056.3,521281.08,0.0,1030358.21,1023853.49,1157123.28,1046417.54,1250927.0,1115922.0,0,1,0
2024-11-20,2024,11,4,2,0,12897,1042310.89,525605.03,0.0,1034056.3,1064870.49,745988.55,1049396.64,1247704.0,1125799.0,0,1,0
2024-11-21,2024,11,4,3,0,12868,1072655.94,542287.43,0.0,1042310.89,1034398.86,743431.36,1056573.44,1253170.0,1136773.0,0,1,0
2024-11-22,2024,11,4,4,0,16893,1409424.99,710248.28,0.0,1072655.94,1368977.23,753145.78,1032212.74,1258948.0,1158649.0,0,1,0
2024-11-23,2024,11,4,5,1,20022,1647229.91,828812.41,0.0,1409424.99,1602070.65,744699.41,3845702.54,1265399.0,1188734.0,0,1,0
2024-11-24,2024,11,4,6,1,19601,1590426.1,802063.25,0.0,1647229.91,1621757.52,993680.72,4457216.55,1260923.0,1208625.0,0,1,0
2024-11-25,2024,11,4,0,0,12764,1025628.12,516395.66,0.0,1590426.1,1030358.21,1168873.22,4326387.63,1260247.0,1203850.0,0,1,0
2024-11-26,2024,11,4,1,0,12850,1066537.04,538097.38,0.0,1025628.12,1034056.3,1144101.75,4636323.71,1264888.0,1201265.0,0,1,0
2024-11-27,2024,11,4,2,0,12693,1040263.2,524883.8,0.0,1066537.04,1042310.89,752615.03,1658327.0,1264595.0,1210853.0,0,1,0
2024-11-28,2024,11,4,3,0,12691,1021289.32,517079.32,0.0,1040263.2,1072655.94,734224.56,1028244.01,1257257.0,1220422.0,0,1,0
2024-11-29,2024,11,4,4,0,35076,3855798.6,1945194.53,17111.5,1021289.32,1409424.99,752559.38,1035637.27,1606739.0,1323863.0,1,1,0
2024-11-30,2024,11,4,5,1,40375,4587709.36,2317215.29,17111.5,3855798.6,1647229.91,743356.13,1448445.58,2026807.0,1452008.0,1,1,0
2024-12-01,2024,12,4,6,1,42270,4850672.68,2450181.64,17111.5,4587709.36,1590426.1,1401578.55,1706132.17,2492557.0,1566978.0,1,1,1
2024-12-02,2024,12,4,0,0,32337,5227095.73,2652530.88,34222.5,4850672.68,1025628.12,1581992.35,1732637.41,3092767.0,1688482.0,1,1,1
2024-12-03,2024,12,4,1,0,15163,1805821.65,915478.97,22000.0,5227095.73,1066537.04,1641979.15,1097829.85,3198379.0,1693943.0,1,1,1
2024-12-04,2024,12,4,2,0,13453,1113979.84,560163.1,0.0,1805821.65,1040263.2,1046651.72,1089527.36,3208910.0,1696187.0,0,1,1
2024-12-05,2024,12,4,3,0,13588,1109967.36,559042.06,0.0,1113979.84,1021289.32,1029298.6,1081140.26,3221578.0,1698876.0,0,1,1
2024-12-06,2024,12,4,4,0,18394,1466200.09,736183.46,0.0,1109967.36,3855798.6,1020857.46,1108644.97,2880207.0,1713721.0,0,1,1
2024-12-07,2024,12,4,5,1,21511,1714917.29,861093.05,0.0,1466200.09,4587709.36,1023539.62,1477272.16,2469808.0,1736767.0,0,1,1
2024-12-08,2024,12,4,6,1,21204,1712174.97,861148.54,0.0,1714917.29,4850672.68,1388249.55,1715565.62,2021451.0,1747564.0,0,1,1
2024-12-09,2024,12,4,0,0,13418,1089973.9,548334.71,0.0,1712174.97,5227095.73,1608623.17,3600566.39,1430434.0,1730276.0,0,1,1
2024-12-10,2024,12,4,1,0,24053,2430066.5,1217807.34,2600.0,1089973.9,1805821.65,1647602.44,2367261.81,1519611.0,1756358.0,1,1,1
2024-12-11,2024,12,4,2,0,24592,2459589.28,1235452.82,2600.0,2430066.5,1113979.84,1030258.93,2267572.17,1711841.0,1804003.0,1,1,1
2024-12-12,2024,12,4,3,0,23749,2422472.4,1218064.22,2600.0,2459589.28,1109967.36,1023853.49,2328896.72,1899342.0,1850623.0,1,1,1
2024-12-13,2024,12,4,4,0,32735,3263375.51,1640749.98,2600.0,2422472.4,1466200.09,1064870.49,2311624.19,2156081.0,1923907.0,1,1,1
2024-12-14,2024,12,4,5,1,37774,3761632.4,1885510.83,2600.0,3263375.51,1714917.29,1034398.86,3114212.08,2448469.0,2014814.0,1,1,1
2024-12-15,2024,12,4,6,1,37872,3804203.77,1905086.86,2600.0,3761632.4,1712174.97,1368977.23,3684857.57,2747331.0,2095989.0,1,1,1
2024-12-16,2024,12,4,0,0,24281,2453573.22,1232791.16,2600.0,3804203.77,1089973.9,1602070.65,3655387.72,2942130.0,2124372.0,1,1,1
2024-12-17,2024,12,4,1,0,24655,2472825.69,1241051.14,2600.0,2453573.22,2430066.5,1621757.52,2310328.06,2948239.0,2152741.0,1,1,1
2024-12-18,2024,12,4,2,0,24207,2452302.4,1231574.64,2600.0,2472825.69,2459589.28,1030358.21,2309554.77,2947198.0,2200139.0,1,1,1
2024-12-19,2024,12,4,3,0,24656,2456934.75,1234261.1,2600.0,2452302.4,2422472.4,1034056.3,2343687.12,2952121.0,2247568.0,1,1,1
2024-12-20,2024,12,4,4,0,32772,3254534.51,1628578.8,2600.0,2456934.75,3263375.51,1042310.89,2344651.41,2950858.0,2321309.0,1,1,1
2024-12-21,2024,12,4,5,1,36898,3679702.59,1847759.03,2600.0,3254534.51,3761632.4,1072655.94,3097567.42,2939154.0,2408211.0,1,1,1
2024-12-22,2024,12,4,6,1,37996,3832606.03,1923851.22,2600.0,3679702.59,3804203.77,1409424.99,3666959.78,2943211.0,2488983.0,1,1,1
2024-12-23,2024,12,4,0,0,24076,2352364.07,1178870.05,2600.0,3832606.03,2453573.22,1647229.91,3663118.22,2928753.0,2512488.0,1,1,1
2024-12-24,2024,12,4,1,0,23970,2432995.02,1218833.98,2600.0,2352364.07,2472825.69,1590426.1,2341923.16,2923063.0,2540574.0,1,1,1
2024-12-25,2024,12,4,2,0,24611,2496103.76,1253648.62,2600.0,2432995.02,2452302.4,1025628.12,1113748.72,2929320.0,2589589.0,1,1,1
2024-12-26,2024,12,4,3,0,13681,1101962.83,555179.31,0.0,2496103.76,2456934.75,1066537.04,1100909.34,2735753.0,2590770.0,0,1,1
2024-12-27,2024,12,4,4,0,18611,1484637.35,746370.85,0.0,1101962.83,3254534.51,1040263.2,1087981.04,2482910.0,2605583.0,0,1,1
2024-12-28,2024,12,4,5,1,21053,1676606.24,842413.14,0.0,1484637.35,3679702.59,1021289.32,1464228.38,2196754.0,2627427.0,0,1,1
2024-12-29,2024,12,4,6,1,20882,1708019.6,859065.85,0.0,1676606.24,3832606.03,3855798.6,1722042.19,1893241.0,2555834.0,0,1,1
2024-12-30,2024,12,4,0,0,13648,1103237.8,554522.02,0.0,1708019.6,2352364.07,4587709.36,1707128.69,1714795.0,2439685.0,0,1,1
2024-12-31,2024,12,4,1,0,13498,1103736.36,553978.77,0.0,1103237.8,2432995.02,4850672.68,740475.8,1524901.0,2314787.0,0,1,1
2025-01-01,2025,1,1,2,0,11076,760358.24,383789.25,982.5,1103736.36,2496103.76,5227095.73,744848.14,1276937.0,2165896.0,1,0,0
2025-01-02,2025,1,1,3,0,11091,747184.03,376669.92,982.5,760358.24,1101962.83,1805821.65,748970.33,1226254.0,2130608.0,1,0,0
2025-01-03,2025,1,1,4,0,14765,987864.77,497958.67,982.5,747184.03,1484637.35,1113979.84,733370.36,1155287.0,2126404.0,1,0,0
2025-01-04,2025,1,1,5,1,16998,1130217.02,569524.81,982.5,987864.77,1676606.24,1109967.36,971750.01,1077231.0,2127079.0,1,0,0
2025-01-05,2025,1,1,6,1,16919,1163004.58,586449.06,982.5,1130217.02,1708019.6,1466200.09,1139869.6,999372.0,2116973.0,1,0,0
2025-01-06,2025,1,1,0,0,10972,736386.17,371966.51,982.5,1163004.58,1103237.8,1714917.29,1162519.6,946964.0,2084355.0,1,0,0
2025-01-07,2025,1,1,1,0,10991,743548.44,374576.7,982.5,736386.17,1103736.36,1712174.97,750617.6,895509.0,2052067.0,1,0,0
2025-01-08,2025,1,1,2,0,10969,737980.01,372938.19,982.5,743548.44,760358.24,1089973.9,732942.85,892312.0,2040334.0,1,0,0
2025-01-09,2025,1,1,3,0,10932,732865.18,369010.8,982.5,737980.01,747184.03,2430066.5,729618.63,890267.0,1983761.0,1,0,0
2025-01-10,2025,1,1,4,0,15161,1003087.6,505940.94,982.5,732865.18,987864.77,2459589.28,752238.17,892441.0,1935211.0,1,0,0
2025-01-11,2025,1,1,5,1,16675,1112401.38,559735.37,982.5,1003087.6,1130217.02,2422472.4,995414.59,889896.0,1891542.0,1,0,0
2025-01-12,2025,1,1,6,1,17623,1160134.65,585319.78,982.5,1112401.38,1163004.58,3263375.51,1159500.56,889486.0,1821434.0,1,0,0
2025-01-13,2025,1,1,0,0,11006,753256.43,379546.82,982.5,1160134.65,736386.17,3761632.4,1146677.09,891896.0,1721154.0,1,0,0
2025-01-14,2025,1,1,1,0,11062,739880.45,373427.15,982.5,753256.43,743548.44,3804203.77,756562.45,891372.0,1619010.0,1,0,0
2025-01-15,2025,1,1,2,0,10901,753843.34,379651.83,982.5,739880.45,737980.01,2453573.22,626137.82,893638.0,1562353.0,1,0,0
2025-01-16,2025,1,1,3,0,9717,624638.82,316237.99,0.0,753843.34,732865.18,2472825.69,633914.69,878178.0,1500746.0,0,0,0
2025-01-17,2025,1,1,4,0,13178,845894.43,427112.99,0.0,624638.82,1003087.6,2452302.4,622388.25,855721.0,1447200.0,0,0,0
2025-01-18,2025,1,1,5,1,15061,989482.06,500198.38,0.0,845894.43,1112401.38,2456934.75,859027.6,838161.0,1398284.0,0,0,0
2025-01-19,2025,1,1,6,1,15564,993261.88,502657.01,0.0,989482.06,1160134.65,3254534.51,1000474.51,814322.0,1322909.0,0,0,0
2025-01-20,2025,1,1,0,0,9815,639314.81,323102.03,0.0,993261.88,753256.43,3679702.59,974651.46,798045.0,1221562.0,0,0,0
2025-01-21,2025,1,1,1,0,9993,641822.23,324524.62,0.0,639314.81,739880.45,3832606.03,624066.49,784037.0,1115203.0,0,0,0
2025-01-22,2025,1,1,2,0,10052,631855.52,319621.72,0.0,641822.23,753843.34,2352364.07,643187.65,766610.0,1057853.0,0,0,0
2025-01-23,2025,1,1,3,0,9681,626165.01,316218.99,0.0,631855.52,624638.82,2432995.02,635972.5,766828.0,997625.0,0,0,0
2025-01-24,2025,1,1,4,0,13467,865762.14,437896.26,0.0,626165.01,845894.43,2496103.76,642023.48,769666.0,943280.0,0,0,0
2025-01-25,2025,1,1,5,1,15360,993417.69,501572.65,0.0,865762.14,989482.06,1101962.83,841720.39,770228.0,939662.0,0,0,0
2025-01-26,2025,1,1,6,1,15414,985337.89,497891.83,0.0,993417.69,993261.88,1484637.35,999015.67,769096.0,923019.0,0,0,0
2025-01-27,2025,1,1,0,0,9869,634401.24,320689.79,0.0,985337.89,639314.81,1676606.24,1013707.41,768395.0,888279.0,0,0,0
2025-01-28,2025,1,1,1,0,9992,648038.18,327798.48,0.0,634401.24,641822.23,1708019.6,634597.73,769283.0,852946.0,0,0,0
2025-01-29,2025,1,1,2,0,9843,630287.11,318809.66,0.0,648038.18,631855.52,1103237.8,635042.58,769058.0,837181.0,0,0,0
2025-01-30,2025,1,1,3,0,9973,643503.35,325153.33,0.0,630287.11,626165.01,1103736.36,629401.11,771535.0,821840.0,0,0,0
2025-01-31,2025,1,1,4,0,13298,860473.0,434848.38,0.0,643503.35,865762.14,760358.24,638062.1,770780.0,825177.0,0,0,0
2025-02-01,2025,2,1,5,1,15236,1000502.32,505511.58,0.0,860473.0,993417.69,747184.03,846934.09,771792.0,833621.0,0,0,0
2025-02-02,2025,2,1,6,1,15415,1016016.18,513666.31,0.0,1000502.32,985337.89,987864.77,990288.13,776174.0,834559.0,0,0,0
2025-02-03,2025,2,1,0,0,9620,633192.46,320241.45,0.0,1016016.18,634401.24,1130217.02,1009972.45,776002.0,817992.0,0,0,0
2025-02-04,2025,2,1,1,0,10102,646243.84,326961.9,0.0,633192.46,648038.18,1163004.58,633768.26,775745.0,800766.0,0,0,0
2025-02-05,2025,2,1,2,0,9737,630506.92,318456.05,0.0,646243.84,630287.11,736386.17,631592.19,775777.0,797237.0,0,0,0
2025-02-06,2025,2,1,3,0,9950,647389.58,326937.94,0.0,630506.92,643503.35,743548.44,633894.84,776332.0,794032.0,0,0,0
2025-02-07,2025,2,1,4,0,13181,856685.24,433396.33,0.0,647389.58,860473.0,737980.01,636497.81,775791.0,797989.0,0,0,0
2025-02-08,2025,2,1,5,1,15077,995166.47,504266.95,0.0,856685.24,1000502.32,732865.18,843826.59,775029.0,806732.0,0,0,0
2025-02-09,2025,2,1,6,1,15313,994502.8,503158.8,0.0,995166.47,1016016.18,1003087.6,982803.17,771955.0,806446.0,0,0,0
2025-02-10,2025,2,1,0,0,9724,633923.46,320878.71,0.0,994502.8,633192.46,1112401.38,991178.29,772060.0,790497.0,0,0,0
2025-02-11,2025,2,1,1,0,10118,648449.81,327832.54,0.0,633923.46,646243.84,1160134.65,625464.41,772375.0,773440.0,0,0,0
2025-02-12,2025,2,1,2,0,9758,630965.56,318567.92,0.0,648449.81,630506.92,753256.43,636288.23,772440.0,769364.0,0,0,0
2025-02-13,2025,2,1,3,0,9646,635938.73,321927.06,0.0,630965.56,647389.58,739880.45,636191.11,770805.0,765899.0,0,0,0
2025-02-14,2025,2,1,4,0,13331,856077.2,431984.25,0.0,635938.73,856685.24,753843.34,638912.1,770718.0,769307.0,0,0,0
2025-02-15,2025,2,1,5,1,15602,995377.0,502290.65,0.0,856077.2,995166.47,624638.82,840245.18,770748.0,781665.0,0,0,0
2025-02-16,2025,2,1,6,1,15565,1014732.48,513008.77,0.0,995377.0,994502.8,845894.43,998217.19,773638.0,787293.0,0,0,0
2025-02-17,2025,2,1,0,0,9881,623661.11,315517.87,0.0,1014732.48,633923.46,989482.06,999273.72,772172.0,775099.0,0,0,0
2025-02-18,2025,2,1,1,0,9713,622565.41,315213.23,0.0,623661.11,648449.81,993261.88,638332.32,768474.0,762742.0,0,0,0
2025-02-19,2025,2,1,2,0,9954,639552.28,323269.1,0.0,622565.41,630965.56,639314.81,641729.22,769701.0,762750.0,0,0,0
2025-02-20,2025,2,1,3,0,9744,636423.58,321519.13,0.0,639552.28,635938.73,641822.23,643747.45,769770.0,762570.0,0,0,0
2025-02-21,2025,2,1,4,0,13161,859678.66,434521.44,0.0,636423.58,856077.2,631855.52,632938.1,770284.0,770165.0,0,0,0
2025-02-22,2025,2,1,5,1,15547,1004601.5,507855.3,0.0,859678.66,995377.0,626165.01,848620.27,771602.0,782779.0,0,0,0
2025-02-23,2025,2,1,6,1,15369,978166.22,493932.33,0.0,1004601.5,1014732.48,865762.14,989105.96,766378.0,786526.0,0,0,0
2025-02-24,2025,2,1,0,0,9787,633320.51,320207.68,0.0,978166.22,623661.11,993417.69,983835.75,767758.0,774523.0,0,0,0
2025-02-25,2025,2,1,1,0,10012,650128.68,328854.61,0.0,633320.51,622565.41,985337.89,637873.18,771696.0,763349.0,0,0,0
2025-02-26,2025,2,1,2,0,9736,646004.72,326431.24,0.0,650128.68,639552.28,634401.24,644502.84,772618.0,763736.0,0,0,0
2025-02-27,2025,2,1,3,0,10005,653033.96,330395.59,0.0,646004.72,636423.58,648038.18,633250.81,774991.0,763902.0,0,0,0
2025-02-28,2025,2,1,4,0,22050,1240965.92,627672.81,777.0,653033.96,859678.66,630287.11,636298.51,829460.0,784258.0,1,0,0
2025-03-01,2025,3,1,5,1,26748,1596372.52,803783.11,777.0,1240965.92,1004601.5,643503.35,958984.03,913999.0,816021.0,1,0,0
2025-03-02,2025,3,1,6,1,27156,1617846.24,814928.95,777.0,1596372.52,978166.22,860473.0,1150047.14,1005382.0,841266.0,1,0,0
2025-03-03,2025,3,1,0,0,16801,998486.87,503745.66,777.0,1617846.24,633320.51,1000502.32,1160516.55,1057548.0,841199.0,1,0,0
2025-03-04,2025,3,1,1,0,17146,1021768.28,515475.71,777.0,998486.87,650128.68,1016016.18,743505.9,1110640.0,841391.0,1,0,0
2025-03-05,2025,3,1,2,0,16898,1015469.63,511640.74,777.0,1021768.28,646004.72,633192.46,720210.19,1163420.0,854134.0,1,0,0
2025-03-06,2025,3,1,3,0,16935,999895.68,503444.83,777.0,1015469.63,653033.96,646243.84,728258.81,1212972.0,865922.0,1,0,0
2025-03-07,2025,3,1,4,0,22755,1377645.27,693091.94,777.0,999895.68,1240965.92,630506.92,723462.71,1232498.0,890827.0,1,0,0
2025-03-08,2025,3,1,5,1,25945,1586406.23,797196.17,777.0,1377645.27,1596372.52,647389.58,969867.76,1231074.0,922127.0,1,0,0
2025-03-09,2025,3,1,6,1,26407,1568332.47,791123.05,777.0,1586406.23,1617846.24,856685.24,1158108.44,1224001.0,945849.0,1,0,0
2025-03-10,2025,3,1,0,0,17024,1035110.72,520502.84,777.0,1568332.47,998486.87,995166.47,1151410.2,1229233.0,947180.0,1,0,0
2025-03-11,2025,3,1,1,0,17246,1027330.73,516565.9,777.0,1035110.72,1021768.28,994502.8,1026444.62,1230027.0,948274.0,1,0,0
2025-03-12,2025,3,1,2,0,17087,1025621.68,515805.33,777.0,1027330.73,1015469.63,633923.46,1021139.29,1231478.0,961331.0,1,0,0
2025-03-13,2025,3,1,3,0,16641,1001383.19,504808.4,777.0,1025621.68,999895.68,648449.81,1031107.72,1231690.0,973095.0,1,0,0
2025-03-14,2025,3,1,4,0,22953,1344796.66,677652.66,777.0,1001383.19,1377645.27,630965.56,1018291.76,1226997.0,996890.0,1,0,0
2025-03-15,2025,3,1,5,1,26666,1581729.28,796603.86,777.0,1344796.66,1586406.23,635938.73,1361278.32,1226329.0,1028416.0,1,0,0
2025-03-16,2025,3,1,6,1,26554,1602291.0,808025.82,777.0,1581729.28,1568332.47,856077.2,1582561.21,1231180.0,1053290.0,1,0,0
2025-03-17,2025,3,1,0,0,17289,1017396.57,513144.61,777.0,1602291.0,1035110.72,995377.0,1597813.25,1228650.0,1054024.0,1,0,0
2025-03-18,2025,3,1,1,0,17144,1028696.89,518565.85,777.0,1017396.57,1027330.73,1014732.48,1034509.44,1228845.0,1054489.0,1,0,0
2025-03-19,2025,3,1,2,0,17009,1023300.42,514998.67,777.0,1028696.89,1025621.68,623661.11,1018020.11,1228513.0,1067811.0,1,0,0
2025-03-20,2025,3,1,3,0,16899,1021535.37,513836.13,777.0,1023300.42,1001383.19,622565.41,1039334.98,1231392.0,1081110.0,1,0,0
2025-03-21,2025,3,1,4,0,22851,1383556.94,696171.26,777.0,1021535.37,1344796.66,639552.28,1024531.43,1236929.0,1105910.0,1,0,0
2025-03-22,2025,3,1,5,1,26430,1606525.75,809147.21,777.0,1383556.94,1581729.28,636423.58,1334391.33,1240472.0,1138247.0,1,0,0
2025-03-23,2025,3,1,6,1,25862,1544207.04,776691.16,777.0,1606525.75,1602291.0,859678.66,1617106.85,1232174.0,1161064.0,1,0,0
2025-03-24,2025,3,1,0,0,17114,1019747.24,513635.12,777.0,1544207.04,1017396.57,1004601.5,1563570.47,1232510.0,1161569.0,1,0,0
2025-03-25,2025,3,1,1,0,17019,997734.75,502770.24,777.0,1019747.24,1028696.89,978166.22,997643.55,1228087.0,1162221.0,1,0,0
2025-03-26,2025,3,1,2,0,16884,1031352.72,519713.4,777.0,997734.75,1023300.42,633320.51,1054783.56,1229237.0,1175489.0,1,0,0
2025-03-27,2025,3,1,3,0,16884,1005226.99,505990.0,777.0,1031352.72,1021535.37,650128.68,1012366.0,1226907.0,1187326.0,1,0,0
2025-03-28,2025,3,1,4,0,22948,1354265.88,681940.14,777.0,1005226.99,1383556.94,646004.72,1019450.14,1222723.0,1210934.0,1,0,0
2025-03-29,2025,3,1,5,1,26540,1571560.93,791297.27,777.0,1354265.88,1606525.75,653033.96,1365897.94,1217728.0,1241552.0,1,0,0
2025-03-30,2025,3,1,6,1,53996,2937727.01,1486781.94,4723.0,1571560.93,1544207.04,1240965.92,1571032.83,1416802.0,1298111.0,1,0,0
2025-03-31,2025,3,1,0,0,20854,1389682.76,706181.72,4501.0,2937727.01,1019747.24,1596372.52,1594383.23,1469650.0,1291221.0,1,0,0
2025-04-01,2025,4,2,1,0,21385,1400481.26,711285.03,4501.0,1389682.76,997734.75,1617846.24,1033631.35,1527185.0,1283976.0,1,0,0
2025-04-02,2025,4,2,2,0,21329,1395086.01,707640.82,4501.0,1400481.26,1031352.72,998486.87,1007437.88,1579147.0,1297196.0,1,0,0
2025-04-03,2025,4,2,3,0,20808,1401755.63,712034.66,4501.0,1395086.01,1005226.99,1021768.28,991163.93,1635794.0,1309862.0,1,0,0
2025-04-04,2025,4,2,4,0,27487,1845638.17,938607.84,4501.0,1401755.63,1354265.88,1015469.63,1039444.44,1705990.0,1337534.0,1,0,0
2025-04-05,2025,4,2,5,1,32636,2183036.82,1107333.58,4501.0,1845638.17,1571560.93,999895.68,1364252.33,1793344.0,1376972.0,1,0,0
2025-04-06,2025,4,2,6,1,32647,2144728.53,1087593.46,4501.0,2183036.82,2937727.01,1377645.27,1582028.53,1680058.0,1402542.0,1,0,0
2025-04-07,2025,4,2,0,0,10349,741035.99,373306.63,0.0,2144728.53,1389682.76,1586406.23,1591278.46,1587395.0,1374363.0,0,0,0
2025-04-08,2025,4,2,1,0,10418,725737.9,365642.5,0.0,741035.99,1400481.26,1568332.47,1033534.56,1491003.0,1346276.0,0,0,0
2025-04-09,2025,4,2,2,0,10690,737437.25,372575.09,0.0,725737.9,1395086.01,1035110.72,1017315.33,1397053.0,1336354.0,0,0,0
2025-04-10,2025,4,2,3,0,10298,728366.65,367619.36,0.0,737437.25,1401755.63,1027330.73,1837996.04,1300854.0,1326388.0,0,0,0
2025-04-11,2025,4,2,4,0,14152,969522.47,489726.62,0.0,728366.65,1845638.17,1025621.68,1279278.19,1175695.0,1324518.0,0,0,0
2025-04-12,2025,4,2,5,1,16412,1143181.67,576016.74,0.0,969522.47,2183036.82,1001383.19,1772205.75,1027144.0,1329245.0,0,0,0
2025-04-13,2025,4,2,6,1,16316,1123898.57,568328.2,0.0,1143181.67,2144728.53,1344796.66,2037529.91,881312.0,1321881.0,0,0,0
2025-04-14,2025,4,2,0,0,10441,725604.99,365446.45,0.0,1123898.57,741035.99,1581729.28,2075234.44,879107.0,1293344.0,0,0,0
2025-04-15,2025,4,2,1,0,10749,732328.88,369572.88,0.0,725604.99,725737.9,1602291.0,1347177.77,880049.0,1264345.0,0,0,0
2025-04-16,2025,4,2,2,0,10547,721981.08,362923.81,0.0,732328.88,737437.25,1017396.57,1313428.62,877841.0,1254498.0,0,0,0
2025-04-17,2025,4,2,3,0,10878,738540.19,371963.51,0.0,721981.08,728366.65,1028696.89,1330105.2,879294.0,1244826.0,0,0,0
2025-04-18,2025,4,2,4,0,14385,986036.79,498150.25,0.0,738540.19,969522.47,1023300.42,734119.85,881653.0,1243584.0,0,0,0
2025-04-19,2025,4,2,5,1,16578,1144545.8,576888.62,0.0,986036.79,1143181.67,1021535.37,990448.87,881848.0,1247684.0,0,0,0
2025-04-20,2025,4,2,6,1,16602,1122923.5,564907.98,0.0,1144545.8,1123898.57,1383556.94,1101820.07,881709.0,1238997.0,0,0,0
2025-04-21,2025,4,2,0,0,10597,733806.88,369537.69,0.0,1122923.5,725604.99,1606525.75,1137983.58,882880.0,1209906.0,0,0,0
2025-04-22,2025,4,2,1,0,10604,727104.26,365998.55,0.0,733806.88,732328.88,1544207.04,742395.86,882134.0,1182669.0,0,0,0
2025-04-23,2025,4,2,2,0,10692,755278.2,380833.78,0.0,727104.26,721981.08,1019747.24,733639.79,886891.0,1173854.0,0,0,0
2025-04-24,2025,4,2,3,0,10538,731779.51,370216.39,0.0,755278.2,738540.19,997734.75,715865.25,885925.0,1164988.0,0,0,0
2025-04-25,2025,4,2,4,0,14185,989864.93,499440.95,0.0,731779.51,986036.79,1031352.72,741061.22,886472.0,1163606.0,0,0,0
2025-04-26,2025,4,2,5,1,16451,1149925.91,580111.79,0.0,989864.93,1144545.8,1005226.99,966237.42,887240.0,1168429.0,0,0,0
2025-04-27,2025,4,2,6,1,16380,1144214.67,577330.7,0.0,1149925.91,1122923.5,1354265.88,1125856.86,890282.0,1161427.0,0,0,0
2025-04-28,2025,4,2,0,0,10521,719400.3,363172.19,0.0,1144214.67,733806.88,1571560.93,1133351.57,888224.0,1133022.0,0,0,0
2025-04-29,2025,4,2,1,0,10556,743808.56,375945.24,0.0,719400.3,727104.26,2937727.01,750614.86,890610.0,1059891.0,0,0,0
2025-04-30,2025,4,2,2,0,10759,728552.95,367669.57,0.0,743808.56,755278.2,1389682.76,706182.44,886792.0,1037853.0,0,0,0
2025-05-01,2025,5,2,3,0,10034,678414.41,343287.02,0.0,728552.95,731779.51,1400481.26,695204.41,879169.0,1013785.0,0,0,0
2025-05-02,2025,5,2,4,0,13030,903028.59,457370.27,0.0,678414.41,989864.93,1395086.01,693296.78,866764.0,997383.0,0,0,0
2025-05-03,2025,5,2,5,1,15915,1092674.77,553177.56,0.0,903028.59,1149925.91,1401755.63,929271.9,858585.0,987080.0,0,0,0
2025-05-04,2025,5,2,6,1,15777,1081669.23,547583.04,0.0,1092674.77,1144214.67,1845638.17,1072508.76,849650.0,961614.0,0,0,0
2025-05-05,2025,5,2,0,0,9844,701732.14,355441.45,0.0,1081669.23,719400.3,2183036.82,1061444.0,847126.0,912238.0,0,0,0
2025-05-06,2025,5,2,1,0,10108,703416.58,356167.31,0.0,701732.14,743808.56,2144728.53,689822.91,841356.0,864194.0,0,0,0
2025-05-07,2025,5,2,2,0,10060,701042.53,354567.62,0.0,703416.58,728552.95,741035.99,686864.43,837425.0,862861.0,0,0,0
2025-05-08,2025,5,2,3,0,10004,692084.04,349893.47,0.0,701042.53,678414.41,725737.9,693133.5,839378.0,861739.0,0,0,0
2025-05-09,2025,5,2,4,0,13528,942674.69,476698.62,0.0,692084.04,903028.59,737437.25,678292.74,845042.0,868580.0,0,0,0
2025-05-10,2025,5,2,5,1,15135,1092311.77,553490.21,0.0,942674.69,1092674.77,728366.65,926447.84,844990.0,880712.0,0,0,0
2025-05-11,2025,5,2,6,1,15543,1085026.66,549330.76,0.0,1092311.77,1081669.23,969522.47,1057990.14,845470.0,884562.0,0,0,0
2025-05-12,2025,5,2,0,0,9830,700068.77,353320.23,0.0,1085026.66,701732.14,1143181.67,1084098.83,845232.0,869791.0,0,0,0
2025-05-13,2025,5,2,1,0,10061,682612.84,345520.78,0.0,700068.77,703416.58,1123898.57,687770.44,842260.0,855082.0,0,0,0
2025-05-14,2025,5,2,2,0,9913,688712.17,348286.8,0.0,682612.84,701042.53,725604.99,679169.17,840499.0,853852.0,0,0,0
2025-05-15,2025,5,2,3,0,10031,705765.99,357410.32,0.0,688712.17,692084.04,732328.88,690436.81,842453.0,852967.0,0,0,0
2025-05-16,2025,5,2,4,0,13343,923600.05,467640.34,0.0,705765.99,942674.69,721981.08,699458.28,839728.0,859687.0,0,0,0
2025-05-17,2025,5,2,5,1,15752,1058332.8,535158.01,0.0,923600.05,1092311.77,738540.19,952256.77,834874.0,870347.0,0,0,0
2025-05-18,2025,5,2,6,1,15538,1073460.12,543095.15,0.0,1058332.8,1085026.66,986036.79,1060004.62,833222.0,873261.0,0,0,0
2025-05-19,2025,5,2,0,0,10048,700345.35,354738.86,0.0,1073460.12,700068.77,1144545.8,1062804.43,833261.0,858454.0,0,0,0
2025-05-20,2025,5,2,1,0,9780,692552.81,349968.56,0.0,700345.35,682612.84,1122923.5,698718.73,834681.0,844109.0,0,0,0
2025-05-21,2025,5,2,2,0,10088,687167.07,347570.29,0.0,692552.81,688712.17,733806.88,690929.84,834461.0,842554.0,0,0,0
2025-05-22,2025,5,2,3,0,9843,686932.62,347351.22,0.0,687167.07,705765.99,727104.26,692263.25,831770.0,841215.0,0,0,0
2025-05-23,2025,5,2,4,0,13403,926453.87,468865.56,0.0,686932.62,923600.05,755278.2,703238.2,832178.0,846921.0,0,0,0
2025-05-24,2025,5,2,5,1,15447,1078095.59,546244.35,0.0,926453.87,1058332.8,731779.51,931775.08,835001.0,858465.0,0,0,0
2025-05-25,2025,5,2,6,1,15592,1072677.99,542657.2,0.0,1078095.59,1073460.12,989864.93,1057527.15,834889.0,861225.0,0,0,0
2025-05-26,2025,5,2,0,0,10173,697096.16,353162.77,0.0,1072677.99,700345.35,1149925.91,1053827.89,834425.0,846131.0,0,0,0
2025-05-27,2025,5,2,1,0,9829,670524.32,339122.27,0.0,697096.16,692552.81,1144214.67,688293.38,831278.0,830341.0,0,0,0
2025-05-28,2025,5,2,2,0,10127,702194.32,356053.27,0.0,670524.32,687167.07,719400.3,692519.45,833425.0,829768.0,0,0,0
2025-05-29,2025,5,2,3,0,9935,701929.37,355754.94,0.0,702194.32,686932.62,743808.56,683429.26,835567.0,828372.0,0,0,0
2025-05-30,2025,5,2,4,0,13480,904089.77,456525.42,0.0,701929.37,926453.87,728552.95,690590.78,832373.0,834223.0,0,0,0
2025-05-31,2025,5,2,5,1,15321,1078889.42,548073.51,0.0,904089.77,1078095.59,678414.41,933191.09,832486.0,847572.0,0,0,0
2025-06-01,2025,6,2,6,1,15086,1069238.66,540258.02,0.0,1078889.42,1072677.99,903028.59,1064610.08,831995.0,853112.0,0,0,0
2025-06-02,2025,6,2,0,0,10184,701475.31,356090.27,0.0,1069238.66,697096.16,1092674.77,1062418.52,832620.0,840072.0,0,0,0
2025-06-03,2025,6,2,1,0,10023,696560.53,352556.81,0.0,701475.31,670524.32,1081669.23,692791.01,836340.0,827235.0,0,0,0
2025-06-04,2025,6,2,2,0,9795,677330.14,342472.1,0.0,696560.53,702194.32,701732.14,692264.73,832788.0,826422.0,0,0,0
2025-06-05,2025,6,2,3,0,10113,701759.38,354510.32,0.0,677330.14,701929.37,703416.58,706053.15,832763.0,826367.0,0,0,0
2025-06-06,2025,6,2,4,0,13424,939210.12,475922.71,0.0,701759.38,904089.77,701042.53,690597.16,837781.0,834306.0,0,0,0
2025-06-07,2025,6,2,5,1,15454,1078020.45,545183.83,0.0,939210.12,1078889.42,692084.04,928972.01,837656.0,847170.0,0,0,0
2025-06-08,2025,6,2,6,1,15255,1072168.99,542900.26,0.0,1078020.45,1069238.66,942674.69,1106280.45,838075.0,851487.0,0,0,0
2025-06-09,2025,6,2,0,0,9815,684903.56,346283.52,0.0,1072168.99,701475.31,1092311.77,1078752.27,835708.0,837907.0,0,0,0
2025-06-10,2025,6,2,1,0,10082,696714.71,352949.33,0.0,684903.56,696560.53,1085026.66,691476.7,835730.0,824963.0,0,0,0
2025-06-11,2025,6,2,2,0,9683,682364.6,345947.65,0.0,696714.71,677330.14,700068.77,701129.37,836449.0,824373.0,0,0,0
2025-06-12,2025,6,2,3,0,9727,687684.89,348008.49,0.0,682364.6,701759.38,682612.84,697803.35,834438.0,824542.0,0,0,0
2025-06-13,2025,6,2,4,0,13275,925158.15,468624.77,0.0,687684.89,939210.12,688712.17,699272.36,832431.0,832423.0,0,0,0
2025-06-14,2025,6,2,5,1,15541,1065653.58,540356.55,0.0,925158.15,1078020.45,705765.99,923366.86,830664.0,844419.0,0,0,0
2025-06-15,2025,6,2,6,1,18465,1319266.3,666287.77,667.5,1065653.58,1072168.99,923600.05,1334898.41,865964.0,857608.0,1,0,0
2025-06-16,2025,6,2,0,0,12008,859436.99,434127.03,667.5,1319266.3,684903.56,1058332.8,1353778.9,890897.0,850979.0,1,0,0
2025-06-17,2025,6,2,1,0,11963,865149.24,436999.89,667.5,859436.99,696714.71,1073460.12,859114.06,914959.0,844035.0,1,0,0
2025-06-18,2025,6,2,2,0,11892,854557.57,430683.4,667.5,865149.24,682364.6,700345.35,859181.34,939558.0,849175.0,1,0,0
2025-06-19,2025,6,2,3,0,11952,885179.28,446627.39,667.5,854557.57,687684.89,692552.81,855274.11,967772.0,855596.0,1,0,0
2025-06-20,2025,6,2,4,0,15848,1142812.74,575870.48,667.5,885179.28,925158.15,687167.07,874542.8,998865.0,870784.0,1,0,0
2025-06-21,2025,6,2,5,1,18865,1361679.85,686754.27,667.5,1142812.74,1065653.58,686932.62,1173691.5,1041155.0,893276.0,1,0,0
2025-06-22,2025,6,2,6,1,18374,1309401.73,660469.54,667.5,1361679.85,1319266.3,926453.87,1344440.11,1039745.0,906041.0,1,0,0
2025-06-23,2025,6,2,0,0,11996,854344.66,431197.8,667.5,1309401.73,859436.99,1078095.59,1316350.78,1039018.0,898582.0,1,0,0
2025-06-24,2025,6,2,1,0,12009,870761.44,439135.19,667.5,854344.66,865149.24,1072677.99,859854.44,1039820.0,891852.0,1,0,0
2025-06-25,2025,6,2,2,0,11538,852123.42,430220.31,667.5,870761.44,854557.57,697096.16,871642.42,1039472.0,897019.0,1,0,0
2025-06-26,2025,6,2,3,0,11664,853666.72,430419.23,667.5,852123.42,885179.28,670524.32,858794.71,1034970.0,903124.0,1,0,0
2025-06-27,2025,6,2,4,0,15936,1141944.73,575141.27,667.5,853666.72,1142812.74,702194.32,872921.74,1034846.0,917783.0,1,0,0
2025-06-28,2025,6,2,5,1,18392,1339179.49,674872.37,667.5,1141944.73,1361679.85,701929.37,1151593.18,1031632.0,939024.0,1,0,0
2025-06-29,2025,6,2,6,1,18392,1324383.81,668721.6,667.5,1339179.49,1309401.73,904089.77,1359318.57,1033772.0,953034.0,1,0,0
2025-06-30,2025,6,2,0,0,11850,868945.97,438583.52,667.5,1324383.81,854344.66,1078889.42,1344080.75,1035858.0,946036.0,1,0,0
2025-07-01,2025,7,3,1,0,11251,811459.24,408907.2,667.5,868945.97,870761.44,1069238.66,809479.36,1027386.0,937443.0,1,0,0
2025-07-02,2025,7,3,2,0,11431,803297.47,405734.47,667.5,811459.24,852123.42,701475.31,809917.61,1020411.0,940837.0,1,0,0
2025-07-03,2025,7,3,3,0,11393,818976.79,413931.33,667.5,803297.47,853666.72,696560.53,820609.03,1015455.0,944918.0,1,0,0
2025-07-04,2025,7,3,4,0,15028,1084648.7,546728.67,667.5,818976.79,1141944.73,677330.14,831545.83,1007270.0,958495.0,1,0,0
2025-07-05,2025,7,3,5,1,17723,1257475.26,634483.71,667.5,1084648.7,1339179.49,701759.38,1094209.22,995598.0,977019.0,1,0,0
2025-07-06,2025,7,3,6,1,17742,1249157.23,629302.54,667.5,1257475.26,1324383.81,939210.12,1242163.65,984852.0,987351.0,1,0,0
2025-07-07,2025,7,3,0,0,11354,798646.5,403038.84,667.5,1249157.23,868945.97,1078020.45,1228692.36,974809.0,978038.0,1,0,0
2025-07-08,2025,7,3,1,0,11322,821194.31,414699.81,667.5,798646.5,811459.24,1072168.99,813202.32,976199.0,969672.0,1,0,0
2025-07-09,2025,7,3,2,0,11638,810662.25,408663.82,667.5,821194.31,803297.47,684903.56,805364.81,977252.0,973864.0,1,0,0
2025-07-10,2025,7,3,3,0,11262,806574.45,407374.58,667.5,810662.25,818976.79,696714.71,801864.32,975480.0,977526.0,1,0,0
2025-07-11,2025,7,3,4,0,15221,1068801.27,539753.14,667.5,806574.45,1084648.7,682364.6,810226.82,973216.0,990407.0,1,0,0
2025-07-12,2025,7,3,5,1,17773,1260675.07,635542.62,667.5,1068801.27,1257475.26,687684.89,1104375.82,973673.0,1009507.0,1,0,0
2025-07-13,2025,7,3,6,1,17565,1259735.12,636093.07,667.5,1260675.07,1249157.23,925158.15,1282391.37,975184.0,1020660.0,1,0,0
2025-07-14,2025,7,3,0,0,11024,802581.56,405165.1,667.5,1259735.12,798646.5,1065653.58,1275064.14,975746.0,1011891.0,1,0,0
2025-07-15,2025,7,3,1,0,11609,812308.86,409554.89,667.5,802581.56,821194.31,1319266.3,801509.99,974477.0,994992.0,1,0,0
2025-07-16,2025,7,3,2,0,9418,669976.38,339706.57,0.0,812308.86,810662.25,859436.99,652086.07,954379.0,988677.0,0,0,0
2025-07-17,2025,7,3,3,0,9525,658127.45,333512.88,0.0,669976.38,806574.45,865149.24,660998.57,933172.0,981776.0,0,0,0
2025-07-18,2025,7,3,4,0,12628,890377.43,451335.2,0.0,658127.45,1068801.27,854557.57,668607.57,907683.0,982970.0,0,0,0
2025-07-19,2025,7,3,5,1,14921,1018859.28,517071.53,0.0,890377.43,1260675.07,885179.28,866640.67,873138.0,987426.0,0,0,0
2025-07-20,2025,7,3,6,1,14754,1016760.24,515405.7,0.0,1018859.28,1259735.12,1142812.74,1060637.81,838427.0,983224.0,0,0,0
2025-07-21,2025,7,3,0,0,9445,645502.37,327024.54,0.0,1016760.24,802581.56,1361679.85,1034343.06,815987.0,959352.0,0,0,0
2025-07-22,2025,7,3,1,0,9607,657947.46,333526.98,0.0,645502.37,812308.86,1309401.73,661471.2,793936.0,937636.0,0,0,0
2025-07-23,2025,7,3,2,0,9532,651478.72,330500.11,0.0,657947.46,669976.38,854344.66,658210.93,791293.0,930874.0,0,0,0
2025-07-24,2025,7,3,3,0,9737,664775.29,337334.98,0.0,651478.72,658127.45,870761.44,659315.52,792243.0,924008.0,0,0,0
2025-07-25,2025,7,3,4,0,12774,879302.67,446173.64,0.0,664775.29,890377.43,852123.42,655999.15,790661.0,924914.0,0,0,0
2025-07-26,2025,7,3,5,1,14743,1036245.4,524910.05,0.0,879302.67,1018859.28,853666.72,867690.89,793145.0,931000.0,0,0,0
2025-07-27,2025,7,3,6,1,15404,1047044.79,530534.35,0.0,1036245.4,1016760.24,1141944.73,1033937.61,797471.0,927837.0,0,0,0
2025-07-28,2025,7,3,0,0,9536,651342.65,330156.82,0.0,1047044.79,645502.37,1339179.49,1024090.44,798305.0,904909.0,0,0,0
2025-07-29,2025,7,3,1,0,9608,652809.92,330888.37,0.0,651342.65,657947.46,1324383.81,669424.3,797571.0,882523.0,0,0,0
2025-07-30,2025,7,3,2,0,9702,664457.06,336138.44,0.0,652809.92,651478.72,868945.97,654249.97,799425.0,875707.0,0,0,0
2025-07-31,2025,7,3,3,0,9613,655256.38,332502.79,0.0,664457.06,664775.29,811459.24,662269.63,798066.0,870500.0,0,0,0
2025-08-01,2025,8,3,4,0,12663,875422.23,442701.24,0.0,655256.38,879302.67,803297.47,660965.07,797511.0,872904.0,0,0,0
2025-08-02,2025,8,3,5,1,14826,1029056.72,521149.73,0.0,875422.23,1036245.4,818976.79,886921.82,796484.0,879907.0,0,0,0
2025-08-03,2025,8,3,6,1,15074,1040746.87,527388.86,0.0,1029056.72,1047044.79,1084648.7,1001981.12,795585.0,878443.0,0,0,0
2025-08-04,2025,8,3,0,0,9513,652603.14,330260.65,0.0,1040746.87,651342.65,1257475.26,1023074.17,795765.0,858281.0,0,0,0
2025-08-05,2025,8,3,1,0,9621,657063.62,333120.69,0.0,652603.14,652809.92,1249157.23,650737.06,796372.0,838545.0,0,0,0
2025-08-06,2025,8,3,2,0,9556,655887.66,331831.34,0.0,657063.62,664457.06,798646.5,673642.9,795148.0,833786.0,0,0,0
2025-08-07,2025,8,3,3,0,9529,662304.03,335184.32,0.0,655887.66,655256.38,821194.31,661125.41,796155.0,828490.0,0,0,0
2025-08-08,2025,8,3,4,0,12931,889677.42,451397.06,0.0,662304.03,875422.23,810662.25,668492.72,798191.0,831123.0,0,0,0
2025-08-09,2025,8,3,5,1,14865,1018147.51,515303.06,0.0,889677.42,1029056.72,806574.45,871670.18,796633.0,838176.0,0,0,0
2025-08-10,2025,8,3,6,1,14959,1036053.92,525090.63,0.0,1018147.51,1040746.87,1068801.27,1030453.08,795962.0,837084.0,0,0,0
2025-08-11,2025,8,3,0,0,9408,656107.09,332224.49,0.0,1036053.92,652603.14,1260675.07,1040665.28,796463.0,816932.0,0,0,0
2025-08-12,2025,8,3,1,0,9535,655674.66,331406.08,0.0,656107.09,657063.62,1259735.12,652695.22,796265.0,796797.0,0,0,0
2025-08-13,2025,8,3,2,0,9565,670401.37,339792.56,0.0,655674.66,655887.66,802581.56,668711.78,798338.0,792391.0,0,0,0
2025-08-14,2025,8,3,3,0,9636,653698.3,331172.76,0.0,670401.37,662304.03,812308.86,653075.7,797109.0,787104.0,0,0,0
2025-08-15,2025,8,3,4,0,14960,1247094.38,631646.62,817.5,653698.3,889677.42,669976.38,936195.06,848168.0,806341.0,1,0,0
2025-08-16,2025,8,3,5,1,17685,1460335.93,742486.89,817.5,1247094.38,1018147.51,658127.45,1257437.46,911338.0,833081.0,1,0,0
2025-08-17,2025,8,3,6,1,18189,1448491.52,733296.73,817.5,1460335.93,1036053.92,890377.43,1481652.59,970258.0,851685.0,1,0,0
2025-08-18,2025,8,3,0,0,11694,907532.8,458284.05,817.5,1448491.52,656107.09,1018859.28,1450184.49,1006176.0,847974.0,1,0,0
2025-08-19,2025,8,3,1,0,11464,928185.3,470606.94,817.5,907532.8,655674.66,1016760.24,921160.67,1045106.0,845022.0,1,0,0
2025-08-20,2025,8,3,2,0,11608,947882.94,480581.95,817.5,928185.3,670401.37,645502.37,921535.98,1084746.0,855101.0,1,0,0
2025-08-21,2025,8,3,3,0,11446,939974.72,477154.82,817.5,947882.94,653698.3,657947.46,928001.98,1125643.0,864502.0,1,0,0
2025-08-22,2025,8,3,4,0,15371,1252329.06,635557.31,817.5,939974.72,1247094.38,651478.72,942940.46,1126390.0,884530.0,1,0,0
2025-08-23,2025,8,3,5,1,18235,1421338.21,722256.64,817.5,1252329.06,1460335.93,664775.29,1255672.45,1120819.0,909749.0,1,0,0
2025-08-24,2025,8,3,6,1,17948,1443344.85,732725.76,817.5,1421338.21,1448491.52,879302.67,1422479.72,1120084.0,928550.0,1,0,0
2025-08-25,2025,8,3,0,0,11603,930416.58,471236.76,817.5,1443344.85,907532.8,1036245.4,1486638.39,1123353.0,925023.0,1,0,0
2025-08-26,2025,8,3,1,0,11313,924628.97,469289.35,817.5,930416.58,928185.3,1047044.79,925493.37,1122845.0,920942.0,1,0,0
2025-08-27,2025,8,3,2,0,11548,942124.13,477973.29,817.5,924628.97,947882.94,651342.65,942283.78,1122022.0,930635.0,1,0,0
2025-08-28,2025,8,3,3,0,11513,950609.34,481845.83,817.5,942124.13,939974.72,652809.92,942879.92,1123542.0,940562.0,1,0,0
2025-08-29,2025,8,3,4,0,15133,1261204.26,639194.64,817.5,950609.34,1252329.06,664457.06,963854.93,1124809.0,960453.0,1,0,0
2025-08-30,2025,8,3,5,1,17788,1471718.51,746772.18,817.5,1261204.26,1421338.21,655256.38,1201719.86,1132007.0,987669.0,1,0,0
2025-08-31,2025,8,3,6,1,18085,1468017.65,743549.53,817.5,1471718.51,1443344.85,875422.23,1487558.91,1135531.0,1007422.0,1,0,0
2025-09-01,2025,9,3,0,0,12251,980585.03,496752.17,817.5,1468017.65,930416.58,1029056.72,1538203.23,1142698.0,1005806.0,1,0,0
2025-09-02,2025,9,3,1,0,11934,973806.54,493437.92,817.5,980585.03,924628.97,1040746.87,977547.46,1149724.0,1003575.0,1,0,0
2025-09-03,2025,9,3,2,0,12135,986841.11,499282.11,817.5,973806.54,942124.13,652603.14,959176.89,1156112.0,1014716.0,1,0,0
2025-09-04,2025,9,3,3,0,12047,974766.3,494394.7,817.5,986841.11,950609.34,657063.62,984993.89,1159563.0,1025306.0,1,0,0
2025-09-05,2025,9,3,4,0,16068,1311542.95,663642.75,817.5,974766.3,1261204.26,655887.66,983665.06,1166754.0,1047161.0,1,0,0
2025-09-06,2025,9,3,5,1,19226,1533612.49,777094.52,817.5,1311542.95,1471718.51,662304.03,1287507.25,1175596.0,1076205.0,1,0,0
2025-09-07,2025,9,3,6,1,18832,1528316.05,773933.2,817.5,1533612.49,1468017.65,889677.42,1515562.99,1184210.0,1097493.0,1,0,0
2025-09-08,2025,9,3,0,0,12069,998814.01,506689.73,817.5,1528316.05,980585.03,1018147.51,1523387.05,1186814.0,1096848.0,1,0,0
2025-09-09,2025,9,3,1,0,12132,981914.32,496958.11,817.5,998814.01,973806.54,1036053.92,972261.17,1187972.0,1095044.0,1,0,0
2025-09-10,2025,9,3,2,0,12158,1005326.72,508623.23,817.5,981914.32,986841.11,656107.09,987154.92,1190613.0,1106684.0,1,0,0
2025-09-11,2025,9,3,3,0,9675,686718.6,347681.85,0.0,1005326.72,974766.3,655674.66,722764.96,1149464.0,1107719.0,0,0,0
2025-09-12,2025,9,3,4,0,13534,931116.15,470330.7,0.0,686718.6,1311542.95,670401.37,695572.46,1095117.0,1116410.0,0,0,0
2025-09-13,2025,9,3,5,1,15534,1095983.35,554646.35,0.0,931116.15,1533612.49,653698.3,931429.59,1032598.0,1131152.0,0,0,0
2025-09-14,2025,9,3,6,1,15417,1084626.73,548457.01,0.0,1095983.35,1528316.05,1247094.38,1087486.06,969214.0,1125737.0,0,0,0
2025-09-15,2025,9,3,0,0,9784,680321.96,344656.2,0.0,1084626.73,998814.01,1460335.93,1085114.78,923715.0,1099736.0,0,0,0
2025-09-16,2025,9,3,1,0,9954,676550.4,342124.48,0.0,680321.96,981914.32,1448491.52,708270.58,880092.0,1074005.0,0,0,0
2025-09-17,2025,9,3,2,0,9829,686776.25,347355.99,0.0,676550.4,1005326.72,907532.8,672273.75,834585.0,1066646.0,0,0,0
2025-09-18,2025,9,3,3,0,10023,669335.14,338365.71,0.0,686776.25,686718.6,928185.3,693609.65,832101.0,1058018.0,0,0,0
2025-09-19,2025,9,3,4,0,13208,930086.61,469668.29,0.0,669335.14,931116.15,947882.94,689693.77,831954.0,1057425.0,0,0,0
2025-09-20,2025,9,3,5,1,15520,1085366.97,549307.27,0.0,930086.61,1095983.35,939974.72,933599.32,830438.0,1062271.0,0,0,0
2025-09-21,2025,9,3,6,1,15966,1083641.44,549422.45,0.0,1085366.97,1084626.73,1252329.06,1049965.8,830297.0,1056648.0,0,0,0
2025-09-22,2025,9,3,0,0,10038,671818.1,340458.82,0.0,1083641.44,680321.96,1421338.21,1077739.55,829082.0,1031664.0,0,0,0
2025-09-23,2025,9,3,1,0,9762,666127.1,336941.35,0.0,671818.1,676550.4,1443344.85,677161.05,827593.0,1005757.0,0,0,0
2025-09-24,2025,9,3,2,0,9871,703034.88,356043.85,0.0,666127.1,686776.25,930416.58,705031.87,829916.0,998178.0,0,0,0
2025-09-25,2025,9,3,3,0,10182,706345.37,357641.05,0.0,703034.88,669335.14,924628.97,679314.51,835203.0,990902.0,0,0,0
2025-09-26,2025,9,3,4,0,13351,903777.44,458248.92,0.0,706345.37,930086.61,942124.13,678604.61,831444.0,989623.0,0,0,0
2025-09-27,2025,9,3,5,1,15796,1066987.38,540767.09,0.0,903777.44,1085366.97,950609.34,929021.99,828819.0,993503.0,0,0,0
2025-09-28,2025,9,3,6,1,15960,1082377.13,546664.13,0.0,1066987.38,1083641.44,1261204.26,1086094.24,828638.0,987542.0,0,0,0
2025-09-29,2025,9,3,0,0,9988,693833.86,351526.28,0.0,1082377.13,671818.1,1471718.51,1078847.83,831783.0,961612.0,0,0,0
2025-09-30,2025,9,3,1,0,9797,692017.6,350024.14,0.0,693833.86,666127.1,1468017.65,679413.81,835482.0,935746.0,0,0,0
2025-10-01,2025,10,4,2,0,10882,753760.21,379704.24,0.0,692017.6,703034.88,980585.03,744102.03,842728.0,928185.0,0,0,0
2025-10-02,2025,10,4,3,0,10542,734110.09,370531.72,0.0,753760.21,706345.37,973806.54,726867.13,846695.0,920195.0,0,0,0
2025-10-03,2025,10,4,4,0,13740,981159.09,493991.51,0.0,734110.09,903777.44,986841.11,748262.46,857749.0,920005.0,0,0,0
2025-10-04,2025,10,4,5,1,16961,1156414.66,582503.57,0.0,981159.09,1066987.38,974766.3,995774.85,870525.0,926060.0,0,0,0
2025-10-05,2025,10,4,6,1,16829,1153641.1,580769.97,0.0,1156414.66,1082377.13,1311542.95,1161484.44,880705.0,920797.0,0,0,0
2025-10-06,2025,10,4,0,0,10558,740141.18,373291.11,0.0,1153641.1,693833.86,1533612.49,1164659.72,887321.0,894348.0,0,0,0
2025-10-07,2025,10,4,1,0,10564,748905.63,377339.59,0.0,740141.18,692017.6,1528316.05,740246.96,895447.0,868368.0,0,0,0
2025-10-08,2025,10,4,2,0,10821,737000.26,370655.88,0.0,748905.63,753760.21,998814.01,730906.27,893053.0,859641.0,0,0,0
2025-10-09,2025,10,4,3,0,10897,727171.6,365324.59,0.0,737000.26,734110.09,981914.32,768485.02,892062.0,851149.0,0,0,0
2025-10-10,2025,10,4,4,0,14207,987013.63,497768.06,0.0,727171.6,981159.09,1005326.72,745522.38,892898.0,850539.0,0,0,0
2025-10-11,2025,10,4,5,1,16794,1114491.67,559535.01,0.0,987013.63,1156414.66,686718.6,991253.58,886909.0,864798.0,0,0,0
2025-10-12,2025,10,4,6,1,16633,1166760.12,587125.26,0.0,1114491.67,1153641.1,931116.15,1162840.07,888783.0,872653.0,0,0,0
2025-10-13,2025,10,4,0,0,10705,725391.86,365660.59,0.0,1166760.12,740141.18,1095983.35,1161378.7,886676.0,860300.0,0,0,0
2025-10-14,2025,10,4,1,0,10652,737520.03,371625.51,0.0,725391.86,748905.63,1084626.73,748603.17,885050.0,848729.0,0,0,0
2025-10-15,2025,10,4,2,0,10687,724560.71,365304.34,0.0,737520.03,737000.26,680321.96,748932.62,883273.0,850204.0,0,0,0
2025-10-16,2025,10,4,3,0,10479,734234.88,370147.28,0.0,724560.71,727171.6,676550.4,750634.46,884282.0,852127.0,0,0,0
2025-10-17,2025,10,4,4,0,14206,981147.07,495353.31,0.0,734234.88,987013.63,686776.25,739059.0,883444.0,861939.0,0,0,0
2025-10-18,2025,10,4,5,1,16419,1143908.58,576052.58,0.0,981147.07,1114491.67,669335.14,994227.25,887646.0,877758.0,0,0,0
2025-10-19,2025,10,4,6,1,16875,1131275.16,570181.78,0.0,1143908.58,1166760.12,930086.61,1169581.05,882577.0,884464.0,0,0,0
2025-10-20,2025,10,4,0,0,10828,749642.95,377128.53,0.0,1131275.16,725391.86,1085366.97,1157123.28,886041.0,873274.0,0,0,0
2025-10-21,2025,10,4,1,0,11109,760809.14,383648.77,0.0,749642.95,737520.03,1083641.44,745988.55,889368.0,862513.0,0,0,0
2025-10-22,2025,10,4,2,0,10934,757254.27,382193.12,0.0,760809.14,724560.71,671818.1,743431.36,894039.0,865360.0,0,0,0
2025-10-23,2025,10,4,3,0,10714,737713.68,371770.94,0.0,757254.27,734234.88,666127.1,753145.78,894536.0,867747.0,0,0,0
2025-10-24,2025,10,4,4,0,14142,989217.77,498971.44,0.0,737713.68,981147.07,703034.88,744699.41,895689.0,877286.0,0,0,0
2025-10-25,2025,10,4,5,1,16769,1156115.68,582659.46,0.0,989217.77,1143908.58,706345.37,993680.72,897433.0,892278.0,0,0,0
2025-10-26,2025,10,4,6,1,16750,1157460.04,583684.11,0.0,1156115.68,1131275.16,903777.44,1168873.22,901173.0,900735.0,0,0,0
2025-10-27,2025,10,4,0,0,10566,742931.89,374769.93,0.0,1157460.04,749642.95,1066987.38,1144101.75,900215.0,889933.0,0,0,0
2025-10-28,2025,10,4,1,0,10586,739498.18,374108.23,0.0,742931.89,760809.14,1082377.13,752615.03,897170.0,878503.0,0,0,0
2025-10-29,2025,10,4,2,0,10929,750531.81,378544.99,0.0,739498.18,757254.27,693833.86,734224.56,896210.0,880393.0,0,0,0
2025-10-30,2025,10,4,3,0,10723,752841.06,379342.88,0.0,750531.81,737713.68,692017.6,752559.38,898371.0,882421.0,0,0,0
2025-10-31,2025,10,4,4,0,14300,983099.54,495990.71,0.0,752841.06,989217.77,753760.21,743356.13,897497.0,890065.0,0,0,0
2025-11-01,2025,11,4,5,1,19690,1653155.56,834772.73,0.0,983099.54,1156115.68,734110.09,1401578.55,968503.0,920700.0,0,1,0
2025-11-02,2025,11,4,6,1,19505,1621485.41,817792.12,0.0,1653155.56,1157460.04,981159.09,1581992.35,1034792.0,942045.0,0,1,0
2025-11-03,2025,11,4,0,0,12647,1048931.0,529605.29,0.0,1621485.41,742931.89,1156414.66,1641979.15,1078506.0,938462.0,0,1,0
2025-11-04,2025,11,4,1,0,12515,1024949.35,517450.56,0.0,1048931.0,739498.18,1153641.1,1046651.72,1119285.0,934172.0,0,1,0
2025-11-05,2025,11,4,2,0,12736,1036433.86,522902.93,0.0,1024949.35,750531.81,740141.18,1029298.6,1160128.0,944048.0,0,1,0
2025-11-06,2025,11,4,3,0,12885,1054869.63,531522.83,0.0,1036433.86,752841.06,748905.63,1020857.46,1203275.0,954247.0,0,1,0
2025-11-07,2025,11,4,4,0,17096,1390904.06,700758.93,0.0,1054869.63,983099.54,737000.26,1023539.62,1261533.0,976044.0,0,1,0
2025-11-08,2025,11,4,5,1,19844,1609791.75,812290.34,0.0,1390904.06,1653155.56,727171.6,1388249.55,1255338.0,1005465.0,0,1,0
2025-11-09,2025,11,4,6,1,19297,1602398.58,808056.06,0.0,1609791.75,1621485.41,987013.63,1608623.17,1252611.0,1025978.0,0,1,0
2025-11-10,2025,11,4,0,0,12864,1036302.51,522458.86,0.0,1602398.58,1048931.0,1114491.67,1647602.44,1250807.0,1023371.0,0,1,0
2025-11-11,2025,11,4,1,0,12482,1054279.68,532051.0,0.0,1036302.51,1024949.35,1166760.12,1030258.93,1254997.0,1019622.0,0,1,0
2025-11-12,2025,11,4,2,0,12798,1058104.16,534263.13,0.0,1054279.68,1036433.86,725391.86,1023853.49,1258093.0,1030712.0,0,1,0
2025-11-13,2025,11,4,3,0,12624,1055385.55,532168.58,0.0,1058104.16,1054869.63,737520.03,1064870.49,1258167.0,1041308.0,0,1,0
2025-11-14,2025,11,4,4,0,17027,1415260.96,714348.28,0.0,1055385.55,1390904.06,724560.71,1034398.86,1261646.0,1064331.0,0,1,0
2025-11-15,2025,11,4,5,1,19929,1626394.25,821873.13,0.0,1415260.96,1609791.75,734234.88,1368977.23,1264018.0,1094070.0,0,1,0
2025-11-16,2025,11,4,6,1,19928,1646860.95,832552.95,0.0,1626394.25,1602398.58,981147.07,1602070.65,1270370.0,1116260.0,0,1,0
2025-11-17,2025,11,4,0,0,12903,1077147.41,543735.59,0.0,1646860.95,1036302.51,1143908.58,1621757.52,1276205.0,1114035.0,0,1,0
2025-11-18,2025,11,4,1,0,12829,1050407.14,529616.58,0.0,1077147.41,1054279.68,1131275.16,1030358.21,1275651.0,1111339.0,0,1,0
2025-11-19,2025,11,4,2,0,12402,1040059.91,525225.93,0.0,1050407.14,1058104.16,749642.95,1034056.3,1273074.0,1121020.0,0,1,0
2025-11-20,2025,11,4,3,0,12522,1011958.36,511307.22,0.0,1040059.91,1055385.55,760809.14,1042310.89,1266870.0,1129391.0,0,1,0
2025-11-21,2025,11,4,4,0,16928,1407184.11,709417.19,0.0,1011958.36,1415260.96,757254.27,1072655.94,1265716.0,1151056.0,0,1,0
2025-11-22,2025,11,4,5,1,19297,1611502.01,812045.22,0.0,1407184.11,1626394.25,737713.68,1409424.99,1263589.0,1180182.0,0,1,0
2025-11-23,2025,11,4,6,1,20022,1641752.29,828291.75,0.0,1611502.01,1646860.95,989217.77,1647229.91,1262859.0,1201933.0,0,1,0
2025-11-24,2025,11,4,0,0,12605,1042996.25,526912.97,0.0,1641752.29,1077147.41,1156115.68,1590426.1,1257980.0,1198163.0,0,1,0
2025-11-25,2025,11,4,1,0,12771,1030644.49,519225.14,0.0,1042996.25,1050407.14,1157460.04,1025628.12,1255157.0,1193935.0,0,1,0
2025-11-26,2025,11,4,2,0,12660,1040468.85,524787.01,0.0,1030644.49,1040059.91,742931.89,1066537.04,1255215.0,1203853.0,0,1,0
2025-11-27,2025,11,4,3,0,12222,1048644.09,529474.48,0.0,1040468.85,1011958.36,739498.18,1040263.2,1260456.0,1214158.0,0,1,0
2025-11-28,2025,11,4,4,0,36182,4159062.43,2105019.74,17888.5,1048644.09,1407184.11,750531.81,1021289.32,1653581.0,1327776.0,1,1,0
2025-11-29,2025,11,4,5,1,42141,4870564.86,2456911.44,17888.5,4159062.43,1611502.01,752841.06,3855798.6,2119162.0,1465033.0,1,1,0
2025-11-30,2025,11,4,6,1,43244,5040066.38,2544405.78,17888.5,4870564.86,1641752.29,983099.54,4587709.36,2604635.0,1600266.0,1,1,0
2025-12-01,2025,12,4,0,0,33353,5563704.35,2831309.06,35777.5,5040066.38,1042996.25,1653155.56,4850672.68,3250451.0,1730617.0,1,1,1
2025-12-02,2025,12,4,1,0,14966,1804434.46,914290.24,23000.0,5563704.35,1030644.49,1621485.41,5227095.73,3360992.0,1736715.0,1,1,1
2025-12-03,2025,12,4,2,0,13524,1102902.85,554668.02,0.0,1804434.46,1040468.85,1048931.0,1805821.65,3369911.0,1738515.0,0,1,1
2025-12-04,2025,12,4,3,0,13769,1132530.45,569998.84,0.0,1102902.85,1048644.09,1024949.35,1113979.84,3381895.0,1742101.0,0,1,1
2025-12-05,2025,12,4,4,0,18187,1478217.11,743332.55,0.0,1132530.45,4159062.43,1036433.86,1109967.36,2998917.0,1756827.0,0,1,1
2025-12-06,2025,12,4,5,1,21044,1707743.72,856846.32,0.0,1478217.11,4870564.86,1054869.63,1466200.09,2547086.0,1778589.0,0,1,1
2025-12-07,2025,12,4,6,1,21155,1707599.78,859005.19,0.0,1707743.72,5040066.38,1390904.06,1714917.29,2071019.0,1789146.0,0,1,1
2025-12-08,2025,12,4,0,0,13657,1097564.11,551772.24,0.0,1707599.78,5563704.35,1609791.75,1712174.97,1432999.0,1772071.0,0,1,1
2025-12-09,2025,12,4,1,0,13679,1113238.51,560330.58,0.0,1097564.11,1804434.46,1602398.58,1089973.9,1334257.0,1755766.0,0,1,1
2025-12-10,2025,12,4,2,0,25357,2525054.73,1267791.04,2800.0,1113238.51,1102902.85,1036302.51,2430066.5,1537421.0,1805391.0,1,1,1
2025-12-11,2025,12,4,3,0,25120,2587713.8,1298988.26,2800.0,2525054.73,1132530.45,1054279.68,2459589.28,1745305.0,1856506.0,1,1,1
2025-12-12,2025,12,4,4,0,32966,3296445.01,1652832.47,2800.0,2587713.8,1478217.11,1058104.16,2422472.4,2005051.0,1931117.0,1,1,1
2025-12-13,2025,12,4,5,1,38739,3869777.07,1944438.25,2800.0,3296445.01,1707743.72,1055385.55,3263375.51,2313913.0,2024930.0,1,1,1
2025-12-14,2025,12,4,6,1,39327,3872417.78,1944340.56,2800.0,3869777.07,1707599.78,1415260.96,3761632.4,2623173.0,2106835.0,1,1,1
2025-12-15,2025,12,4,0,0,24737,2521530.33,1264250.84,2800.0,3872417.78,1097564.11,1626394.25,3804203.77,2826597.0,2136673.0,1,1,1
2025-12-16,2025,12,4,1,0,25231,2548316.53,1280769.16,2800.0,2521530.33,1113238.51,1646860.95,2453573.22,3031608.0,2166722.0,1,1,1
2025-12-17,2025,12,4,2,0,25621,2610131.12,1309717.33,2800.0,2548316.53,2525054.73,1077147.41,2472825.69,3043762.0,2217821.0,1,1,1
2025-12-18,2025,12,4,3,0,25266,2528620.47,1269853.04,2800.0,2610131.12,2587713.8,1050407.14,2452302.4,3035320.0,2267095.0,1,1,1
2025-12-19,2025,12,4,4,0,33803,3416841.04,1719398.4,2800.0,2528620.47,3296445.01,1040059.91,2456934.75,3052519.0,2346321.0,1,1,1
2025-12-20,2025,12,4,5,1,38384,3821742.79,1913488.69,2800.0,3416841.04,3869777.07,1011958.36,3254534.51,3045657.0,2439980.0,1,1,1
2025-12-21,2025,12,4,6,1,39182,3943078.44,1976799.33,2800.0,3821742.79,3872417.78,1407184.11,3679702.59,3055752.0,2524510.0,1,1,1
2025-12-22,2025,12,4,0,0,24994,2570679.01,1289892.53,2800.0,3943078.44,2521530.33,1611502.01,3832606.03,3062773.0,2556483.0,1,1,1
2025-12-23,2025,12,4,1,0,25158,2534521.77,1272098.34,2800.0,2570679.01,2548316.53,1641752.29,2352364.07,3060802.0,2586242.0,1,1,1
2025-12-24,2025,12,4,2,0,24952,2527029.89,1268991.35,2800.0,2534521.77,2610131.12,1042996.25,2432995.02,3048930.0,2635710.0,1,1,1
2025-12-25,2025,12,4,3,0,25017,2483331.4,1244611.88,2800.0,2527029.89,2528620.47,1030644.49,2496103.76,3042461.0,2684132.0,1,1,1
2025-12-26,2025,12,4,4,0,18307,1482048.71,746160.29,0.0,2483331.4,3416841.04,1040468.85,1101962.83,2766062.0,2698852.0,0,1,1
2025-12-27,2025,12,4,5,1,20966,1715149.08,863330.17,0.0,1482048.71,3821742.79,1048644.09,1484637.35,2465120.0,2721069.0,0,1,1
2025-12-28,2025,12,4,6,1,21827,1730843.16,870616.98,0.0,1715149.08,3943078.44,4159062.43,1676606.24,2149086.0,2640128.0,0,1,1
2025-12-29,2025,12,4,0,0,13914,1121558.54,564031.08,0.0,1730843.16,2570679.01,4870564.86,1708019.6,1942069.0,2515161.0,0,1,1
2025-12-30,2025,12,4,1,0,13521,1101691.03,553627.1,0.0,1121558.54,2534521.77,5040066.38,1103237.8,1737379.0,2383882.0,0,1,1
2025-12-31,2025,12,4,2,0,13534,1098036.51,550923.48,0.0,1101691.03,2527029.89,5563704.35,1103736.36,1533237.0,2235026.0,0,1,1
