sale_date,year,month,quarter,day_of_week,is_weekend,total_units_sold,total_revenue,total_gross_profit,total_marketing_spend,revenue_lag_1day,revenue_lag_7day,revenue_lag_30day,revenue_lag_365day,ma_7day,ma_30day,has_campaign,is_holiday_season,is_december,days_until_black_friday,days_since_black_friday,days_until_christmas,days_since_christmas,days_until_ramadan,days_until_eid,days_until_cyber_monday,is_bf_week,is_xmas_2week,is_ramadan_month,dow_sin,dow_cos,month_sin,month_cos,rolling_std_7day,rolling_std_30day,days_since_last_campaign
2023-01-01,2023,1,1,6,1,16787,1133417.94,571302.6,802.5,,,,,1133418.0,1133418.0,1,0,0,327,365,358,365,80,110,330,0,0,0,-0.7818314824680299,0.6234898018587334,0.49999999999999994,0.8660254037844387,,,0
2023-01-02,2023,1,1,0,0,10585,698894.69,352514.94,802.5,1133417.94,,,,916156.0,916156.0,1,0,0,326,365,357,365,79,109,329,0,0,0,0.0,1.0,0.49999999999999994,0.8660254037844387,307254.3366582175,307254.3366582175,0
2023-01-03,2023,1,1,1,0,10541,713164.86,360638.85,802.5,698894.69,,,,848492.0,848492.0,1,0,0,325,365,356,365,78,108,328,0,0,0,0.7818314824680298,0.6234898018587336,0.49999999999999994,0.8660254037844387,246855.80939483605,246855.80939483605,0
2023-01-04,2023,1,1,2,0,10713,700771.7,353719.94,802.5,713164.86,,,,811562.0,811562.0,1,0,0,324,365,355,365,77,107,327,0,0,0,0.9749279121818236,-0.22252093395631434,0.49999999999999994,0.8660254037844387,214663.8120331691,214663.8120331691,0
2023-01-05,2023,1,1,3,0,10582,720935.33,363840.52,802.5,700771.7,,,,793437.0,793437.0,1,0,0,323,365,354,365,76,106,326,0,0,0,0.43388373911755823,-0.900968867902419,0.49999999999999994,0.8660254037844387,190271.02668327623,190271.02668327623,0
2023-01-06,2023,1,1,4,0,13875,941099.22,475369.35,802.5,720935.33,,,,818047.0,818047.0,1,0,0,322,365,353,365,75,105,325,0,0,0,-0.433883739117558,-0.9009688679024191,0.49999999999999994,0.8660254037844387,180544.94584590395,180544.94584590395,0
2023-01-07,2023,1,1,5,1,16157,1083316.15,546145.43,802.5,941099.22,,,,855943.0,855943.0,1,0,0,321,365,352,365,74,104,324,0,0,0,-0.9749279121818236,-0.2225209339563146,0.49999999999999994,0.8660254037844387,192915.11333212207,192915.11333212207,0
2023-01-08,2023,1,1,6,1,16544,1100131.59,555019.59,802.5,1083316.15,1133417.94,,,851188.0,886466.0,1,0,0,320,365,351,365,73,103,323,0,0,0,-0.7818314824680299,0.6234898018587334,0.49999999999999994,0.8660254037844387,185191.2872768628,198376.2919750685,0
2023-01-09,2023,1,1,0,0,10710,711756.15,359672.23,802.5,1100131.59,698894.69,,,853025.0,867054.0,1,0,0,319,365,350,365,72,102,322,0,0,0,0.0,1.0,0.49999999999999994,0.8660254037844387,183484.44250176454,194487.86459564915,0
2023-01-10,2023,1,1,1,0,10612,703350.47,354701.42,802.5,711756.15,713164.86,,,851623.0,850684.0,1,0,0,318,365,349,365,71,101,321,0,0,0,0.7818314824680298,0.6234898018587336,0.49999999999999994,0.8660254037844387,184764.30467373814,190532.36829945707,0
2023-01-11,2023,1,1,2,0,10490,711812.89,358485.89,802.5,703350.47,700771.7,,,853200.0,838059.0,1,0,0,317,365,348,365,70,100,320,0,0,0,0.9749279121818236,-0.22252093395631434,0.49999999999999994,0.8660254037844387,183303.2222190418,185541.15147140072,0
2023-01-12,2023,1,1,3,0,10375,703804.62,354419.09,802.5,711812.89,720935.33,,,850753.0,826871.0,1,0,0,316,365,347,365,69,99,319,0,0,0,0.43388373911755823,-0.900968867902419,0.49999999999999994,0.8660254037844387,185464.9787553604,181102.04358345777,0
2023-01-13,2023,1,1,4,0,14469,951520.2,480967.85,802.5,703804.62,941099.22,,,852242.0,836460.0,1,0,0,315,365,346,365,68,98,318,0,0,0,-0.433883739117558,-0.9009688679024191,0.49999999999999994,0.8660254037844387,186350.75578771622,176804.8876432122,0
2023-01-14,2023,1,1,5,1,16719,1102734.76,557120.26,802.5,951520.2,1083316.15,,,855016.0,855479.0,1,0,0,314,365,345,365,67,97,317,0,0,0,-0.9749279121818236,-0.2225209339563146,0.49999999999999994,0.8660254037844387,190463.08780695396,184173.32565143064,0
2023-01-15,2023,1,1,6,1,16541,1104377.4,556975.0,802.5,1102734.76,1100131.59,,,855622.0,872073.0,1,0,0,313,365,344,365,66,96,316,0,0,0,-0.7818314824680299,0.6234898018587334,0.49999999999999994,0.8660254037844387,191378.33758472235,188751.1238853957,0
2023-01-16,2023,1,1,0,0,9756,629898.73,317643.92,0.0,1104377.4,711756.15,,,843928.0,856937.0,0,0,0,312,365,343,365,65,95,315,0,0,0,0.0,1.0,0.49999999999999994,0.8660254037844387,203736.1221253779,192138.91770035762,1
2023-01-17,2023,1,1,1,0,9882,647896.38,327438.69,0.0,629898.73,703350.47,,,836006.0,844640.0,0,0,0,311,365,342,365,64,94,314,0,0,0,0.7818314824680298,0.6234898018587336,0.49999999999999994,0.8660254037844387,211059.84122922845,192822.43068975306,2
2023-01-18,2023,1,1,2,0,9834,644189.66,326378.9,0.0,647896.38,711812.89,,,826346.0,833504.0,0,0,0,310,365,341,365,63,93,313,0,0,0,0.9749279121818236,-0.22252093395631434,0.49999999999999994,0.8660254037844387,219086.7047422952,192939.49109281067,3
2023-01-19,2023,1,1,3,0,9943,663343.75,335289.68,0.0,644189.66,703804.62,,,820566.0,824548.0,0,0,0,309,365,340,365,62,92,312,0,0,0,0.43388373911755823,-0.900968867902419,0.49999999999999994,0.8660254037844387,223350.7619248304,191524.09264074743,4
2023-01-20,2023,1,1,4,0,13467,867312.6,438718.97,0.0,663343.75,951520.2,,,808536.0,826686.0,0,0,0,308,365,339,365,61,91,311,0,0,0,-0.433883739117558,-0.9009688679024191,0.49999999999999994,0.8660254037844387,217308.00097445358,186660.9586748347,5
2023-01-21,2023,1,1,5,1,15287,976054.32,492735.17,0.0,867312.6,1102734.76,,,790439.0,833799.0,0,0,0,307,365,338,365,60,90,310,0,0,0,-0.9749279121818236,-0.2225209339563146,0.49999999999999994,0.8660254037844387,192593.5120148798,184831.31478620262,6
2023-01-22,2023,1,1,6,1,15620,1008928.76,510077.56,0.0,976054.32,1104377.4,,,776803.0,841760.0,0,0,0,306,365,337,365,59,89,309,0,0,0,-0.7818314824680299,0.6234898018587334,0.49999999999999994,0.8660254037844387,168539.07818297035,184200.7898430643,7
2023-01-23,2023,1,1,0,0,9948,645105.0,325771.7,0.0,1008928.76,629898.73,,,778976.0,833209.0,0,0,0,305,365,336,365,58,88,308,0,0,0,0.0,1.0,0.49999999999999994,0.8660254037844387,166414.63129578275,184578.16312813156,8
2023-01-24,2023,1,1,1,0,10238,654856.93,330374.11,0.0,645105.0,647896.38,,,779970.0,825778.0,0,0,0,304,365,335,365,57,87,307,0,0,0,0.7818314824680298,0.6234898018587336,0.49999999999999994,0.8660254037844387,165519.25141536363,184155.46132293053,9
2023-01-25,2023,1,1,2,0,9919,647477.72,327105.61,0.0,654856.93,644189.66,,,780440.0,818646.0,0,0,0,303,365,334,365,56,86,306,0,0,0,0.9749279121818236,-0.22252093395631434,0.49999999999999994,0.8660254037844387,165073.76817074066,183771.11678151676,10
2023-01-26,2023,1,1,3,0,9990,646707.34,327111.94,0.0,647477.72,663343.75,,,778063.0,812033.0,0,0,0,302,365,333,365,55,85,305,0,0,0,0.43388373911755823,-0.900968867902419,0.49999999999999994,0.8660254037844387,167147.36175554802,183188.3896829553,11
2023-01-27,2023,1,1,4,0,13453,849624.92,430029.18,0.0,646707.34,867312.6,,,775536.0,813425.0,0,0,0,301,365,332,365,54,84,304,0,0,0,-0.433883739117558,-0.9009688679024191,0.49999999999999994,0.8660254037844387,165700.72196209038,179776.62027183172,12
2023-01-28,2023,1,1,5,1,15507,1002923.42,507522.88,0.0,849624.92,976054.32,,,779375.0,820193.0,0,0,0,300,365,331,365,53,83,303,0,0,0,-0.9749279121818236,-0.2225209339563146,0.49999999999999994,0.8660254037844387,171335.2752219659,180014.14593000372,13
2023-01-29,2023,1,1,6,1,15001,1005928.14,508751.07,0.0,1002923.42,1008928.76,,,778946.0,826598.0,0,0,0,299,365,330,365,52,82,302,0,0,0,-0.7818314824680299,0.6234898018587334,0.49999999999999994,0.8660254037844387,170667.69304709882,180103.6835130369,14
2023-01-30,2023,1,1,0,0,9654,622316.66,314950.68,0.0,1005928.14,645105.0,,,775691.0,819788.0,0,0,0,298,365,329,365,51,81,301,0,0,0,0.0,1.0,0.49999999999999994,0.8660254037844387,173834.1777955154,180858.60177207438,15
2023-01-31,2023,1,1,1,0,9900,638586.83,323098.32,0.0,622316.66,654856.93,1133417.94,,773366.0,803294.0,0,0,0,297,365,328,365,50,80,300,0,0,0,0.7818314824680298,0.6234898018587336,0.49999999999999994,0.8660254037844387,175816.56344581093,173691.54031562578,16
2023-02-01,2023,2,1,2,0,9702,643255.67,325387.41,0.0,638586.83,647477.72,698894.69,,772763.0,801439.0,0,0,0,296,365,327,365,49,79,299,0,0,0,0.9749279121818236,-0.22252093395631434,0.8660254037844386,0.5000000000000001,176326.91227204047,175135.77488334963,17
2023-02-02,2023,2,1,3,0,9927,659254.81,333307.01,0.0,643255.67,646707.34,713164.86,,774556.0,799642.0,0,0,0,295,365,326,365,48,78,298,0,0,0,0.43388373911755823,-0.900968867902419,0.8660254037844386,0.5000000000000001,174889.80404000517,176345.1589099495,18
2023-02-03,2023,2,1,4,0,13150,860411.78,434564.64,0.0,659254.81,849624.92,700771.7,,776097.0,804964.0,0,0,0,294,365,325,365,47,77,297,0,0,0,-0.433883739117558,-0.9009688679024191,0.8660254037844386,0.5000000000000001,175707.10287002518,175666.1056451554,19
2023-02-04,2023,2,1,5,1,15396,983917.23,497981.17,0.0,860411.78,1002923.42,720935.33,,773382.0,813730.0,0,0,0,293,365,324,365,46,76,296,0,0,0,-0.9749279121818236,-0.2225209339563146,0.8660254037844386,0.5000000000000001,171719.40531330233,177876.080597066,20
2023-02-05,2023,2,1,6,1,15538,1013528.28,512153.56,0.0,983917.23,1005928.14,941099.22,,774467.0,816144.0,0,0,0,292,365,323,365,45,75,295,0,0,0,-0.7818314824680299,0.6234898018587334,0.8660254037844386,0.5000000000000001,173450.0927534677,180141.58213036894,21
2023-02-06,2023,2,1,0,0,10007,645497.24,326275.08,0.0,1013528.28,622316.66,1083316.15,,777779.0,801550.0,0,0,0,291,365,322,365,44,74,294,0,0,0,0.0,1.0,0.8660254037844386,0.5000000000000001,170252.90176961193,175423.4912012825,22
2023-02-07,2023,2,1,1,0,9733,635579.56,321305.87,0.0,645497.24,638586.83,1100131.59,,777349.0,786065.0,0,0,0,290,365,321,365,43,73,293,0,0,0,0.7818314824680298,0.6234898018587336,0.8660254037844386,0.5000000000000001,170665.96563798902,168526.10252777374,23
2023-02-08,2023,2,1,2,0,9735,645178.03,326026.17,0.0,635579.56,643255.67,711756.15,,777624.0,783846.0,0,0,0,289,365,320,365,42,72,292,0,0,0,0.9749279121818236,-0.22252093395631434,0.8660254037844386,0.5000000000000001,170415.59315235997,169970.58141754312,24
2023-02-09,2023,2,1,3,0,10061,640096.73,324177.55,0.0,645178.03,659254.81,703350.47,,774887.0,781737.0,0,0,0,288,365,319,365,41,71,291,0,0,0,0.43388373911755823,-0.900968867902419,0.8660254037844386,0.5000000000000001,172770.9910957668,171389.9453270158,25
2023-02-10,2023,2,1,4,0,12963,856165.01,432931.15,0.0,640096.73,860411.78,711812.89,,774280.0,786549.0,0,0,0,287,365,318,365,40,70,290,0,0,0,-0.433883739117558,-0.9009688679024191,0.8660254037844386,0.5000000000000001,172427.7348544882,171385.46499608934,26
2023-02-11,2023,2,1,5,1,15538,990529.56,500953.11,0.0,856165.01,983917.23,703804.62,,775225.0,796107.0,0,0,0,286,365,317,365,39,69,289,0,0,0,-0.9749279121818236,-0.2225209339563146,0.8660254037844386,0.5000000000000001,173780.41528563527,174577.062001618,27
2023-02-12,2023,2,1,6,1,15480,995158.08,503992.41,0.0,990529.56,1013528.28,951520.2,,772601.0,797561.0,0,0,0,285,365,316,365,38,68,288,0,0,0,-0.7818314824680299,0.6234898018587334,0.8660254037844386,0.5000000000000001,169672.08106896118,176091.86450134602,28
2023-02-13,2023,2,1,0,0,9890,640658.71,323358.23,0.0,995158.08,645497.24,1102734.76,,771909.0,782159.0,0,0,0,284,365,315,365,37,67,287,0,0,0,0.0,1.0,0.8660254037844386,0.5000000000000001,170284.93000025244,168524.25622116838,29
2023-02-14,2023,2,1,1,0,10029,645632.98,326772.6,0.0,640658.71,635579.56,1104377.4,,773346.0,766867.0,0,0,0,283,365,314,365,36,66,286,0,0,0,0.7818314824680298,0.6234898018587336,0.8660254037844386,0.5000000000000001,168980.87410458454,158811.50937123402,30
2023-02-15,2023,2,1,2,0,9719,623617.34,315390.14,0.0,645632.98,645178.03,629898.73,,770265.0,766658.0,0,0,0,282,365,313,365,35,65,285,0,0,0,0.9749279121818236,-0.22252093395631434,0.8660254037844386,0.5000000000000001,171878.07260542366,159002.34380021624,31
2023-02-16,2023,2,1,3,0,9811,649601.15,328371.9,0.0,623617.34,640096.73,647896.38,,771623.0,766715.0,0,0,0,281,365,312,365,34,64,284,0,0,0,0.43388373911755823,-0.900968867902419,0.8660254037844386,0.5000000000000001,170711.99094784565,158958.7348645772,32
2023-02-17,2023,2,1,4,0,12982,840792.01,424416.54,0.0,649601.15,856165.01,644189.66,,769427.0,773268.0,0,0,0,280,365,311,365,33,63,283,0,0,0,-0.433883739117558,-0.9009688679024191,0.8660254037844386,0.5000000000000001,169537.97526588943,157781.51471273982,33
2023-02-18,2023,2,1,5,1,15401,1000291.27,505541.42,0.0,840792.01,990529.56,663343.75,,770822.0,784500.0,0,0,0,279,365,310,365,32,62,282,0,0,0,-0.9749279121818236,-0.2225209339563146,0.8660254037844386,0.5000000000000001,171686.29539330216,161632.50596976682,34
2023-02-19,2023,2,1,6,1,15509,1007497.74,509248.8,0.0,1000291.27,995158.08,867312.6,,772584.0,789172.0,0,0,0,278,365,309,365,31,61,281,0,0,0,-0.7818314824680299,0.6234898018587334,0.8660254037844386,0.5000000000000001,174415.2561583228,166074.56331974882,35
2023-02-20,2023,2,1,0,0,9785,645693.66,326333.08,0.0,1007497.74,640658.71,976054.32,,773304.0,778160.0,0,0,0,277,365,308,365,30,60,280,0,0,0,0.0,1.0,0.8660254037844386,0.5000000000000001,173789.78661654503,164197.6775105704,36
2023-02-21,2023,2,1,1,0,9618,644198.65,324671.19,0.0,645693.66,645632.98,1008928.76,,773099.0,766003.0,0,0,0,276,365,307,365,29,59,279,0,0,0,0.7818314824680298,0.6234898018587336,0.8660254037844386,0.5000000000000001,173966.15905860238,159970.13744603924,37
2023-02-22,2023,2,1,2,0,9828,640273.43,323682.97,0.0,644198.65,623617.34,645105.0,,775478.0,765842.0,0,0,0,275,365,306,365,28,58,278,0,0,0,0.9749279121818236,-0.22252093395631434,0.8660254037844386,0.5000000000000001,171679.73370008115,160098.43083957254,38
2023-02-23,2023,2,1,3,0,10016,638737.65,322567.85,0.0,640273.43,649601.15,654856.93,,773926.0,765304.0,0,0,0,274,365,305,365,27,57,277,0,0,0,0.43388373911755823,-0.900968867902419,0.8660254037844386,0.5000000000000001,173050.8953480238,160510.2723479751,39
2023-02-24,2023,2,1,4,0,13025,842806.84,426731.15,0.0,638737.65,840792.01,647477.72,,774214.0,771815.0,0,0,0,273,365,304,365,26,56,276,0,0,0,-0.433883739117558,-0.9009688679024191,0.8660254037844386,0.5000000000000001,173182.27381801698,159524.57416050843,40
2023-02-25,2023,2,1,5,1,15576,1028542.18,519888.71,0.0,842806.84,1000291.27,646707.34,,778250.0,784543.0,0,0,0,272,365,303,365,25,55,275,0,0,0,-0.9749279121818236,-0.2225209339563146,0.8660254037844386,0.5000000000000001,179541.29730953622,164357.82246725695,41
2023-02-26,2023,2,1,6,1,15508,1007736.7,509546.99,0.0,1028542.18,1007497.74,849624.92,,778284.0,789814.0,0,0,0,271,365,302,365,24,54,274,0,0,0,-0.7818314824680299,0.6234898018587334,0.8660254037844386,0.5000000000000001,179592.16559178245,168986.60648981703,42
2023-02-27,2023,2,1,0,0,9724,637517.61,321336.23,0.0,1007736.7,645693.66,1002923.42,,777116.0,777633.0,0,0,0,270,365,301,365,23,53,273,0,0,0,0.0,1.0,0.8660254037844386,0.5000000000000001,180621.84569433515,166242.99472868128,43
2023-02-28,2023,2,1,1,0,9944,633863.11,319880.15,0.0,637517.61,644198.65,1005928.14,,775640.0,765231.0,0,0,0,269,365,300,365,22,52,272,0,0,0,0.7818314824680298,0.6234898018587336,0.8660254037844386,0.5000000000000001,181927.00828483418,162459.78271840882,44
2023-03-01,2023,3,1,2,0,10768,749248.92,377634.52,0.0,633863.11,640273.43,622316.66,,791208.0,769462.0,0,0,0,268,365,299,365,21,51,271,0,0,0,0.9749279121818236,-0.22252093395631434,1.0,6.123233995736766e-17,172848.94832341516,160247.22843067627,45
2023-03-02,2023,3,1,3,0,10433,729033.82,367456.89,0.0,749248.92,638737.65,638586.83,,804107.0,772477.0,0,0,0,267,365,298,365,20,50,270,0,0,0,0.43388373911755823,-0.900968867902419,1.0,6.123233995736766e-17,162641.8768333494,158541.78591650218,46
2023-03-03,2023,3,1,4,0,13958,965977.62,486775.94,0.0,729033.82,842806.84,643255.67,,821703.0,783235.0,0,0,0,266,365,297,365,19,49,269,0,0,0,-0.433883739117558,-0.9009688679024191,1.0,6.123233995736766e-17,173806.119325498,160409.17551605776,47
2023-03-04,2023,3,1,5,1,16393,1139334.56,575601.04,0.0,965977.62,1028542.18,659254.81,,837530.0,799237.0,0,0,0,265,365,296,365,18,48,268,0,0,0,-0.9749279121818236,-0.2225209339563146,1.0,6.123233995736766e-17,198999.67866008775,171198.1766213378,48
2023-03-05,2023,3,1,6,1,16725,1139094.72,574946.19,0.0,1139334.56,1007736.7,860411.78,,856296.0,808527.0,0,0,0,264,365,295,365,17,47,267,0,0,0,-0.7818314824680299,0.6234898018587334,1.0,6.123233995736766e-17,222527.56927535057,181860.84357644734,49
2023-03-06,2023,3,1,0,0,10528,721627.62,363584.16,0.0,1139094.72,637517.61,983917.23,,868311.0,799784.0,0,0,0,263,365,294,365,16,46,266,0,0,0,0.0,1.0,1.0,6.123233995736766e-17,210702.04104733217,179426.67632538217,50
2023-03-07,2023,3,1,1,0,10637,732990.19,369962.43,0.0,721627.62,633863.11,1013528.28,,882472.0,790432.0,0,0,0,262,365,293,365,15,45,265,0,0,0,0.7818314824680298,0.6234898018587336,1.0,6.123233995736766e-17,195070.1471884307,175162.51263945538,51
2023-03-08,2023,3,1,2,0,10600,723992.26,365064.55,0.0,732990.19,749248.92,645497.24,,878864.0,793049.0,0,0,0,261,365,292,365,14,44,264,0,0,0,0.9749279121818236,-0.22252093395631434,1.0,6.123233995736766e-17,198154.1947473001,173501.2645195812,52
2023-03-09,2023,3,1,3,0,10495,721589.5,363829.46,0.0,723992.26,729033.82,635579.56,,877801.0,795916.0,0,0,0,260,365,291,365,13,43,263,0,0,0,0.43388373911755823,-0.900968867902419,1.0,6.123233995736766e-17,199110.01313278006,171508.64392795184,53
2023-03-10,2023,3,1,4,0,13932,969452.94,489226.89,0.0,721589.5,965977.62,645178.03,,878297.0,806725.0,0,0,0,259,365,290,365,12,42,262,0,0,0,-0.433883739117558,-0.9009688679024191,1.0,6.123233995736766e-17,199370.68527778535,171899.05593318352,54
2023-03-11,2023,3,1,5,1,16269,1149758.69,580006.25,0.0,969452.94,1139334.56,640096.73,,879787.0,823714.0,0,0,0,258,365,289,365,11,41,261,0,0,0,-0.9749279121818236,-0.2225209339563146,1.0,6.123233995736766e-17,201671.0732743881,179863.72352531657,55
2023-03-12,2023,3,1,6,1,16136,1122606.32,565484.22,0.0,1149758.69,1139094.72,856165.01,,877431.0,832595.0,0,0,0,257,365,288,365,10,40,260,0,0,0,-0.7818314824680299,0.6234898018587334,1.0,6.123233995736766e-17,198204.10632606407,187919.19528072703,56
2023-03-13,2023,3,1,0,0,10369,723208.52,365348.97,0.0,1122606.32,721627.62,990529.56,,877657.0,823684.0,0,0,0,256,365,287,365,9,39,259,0,0,0,0.0,1.0,1.0,6.123233995736766e-17,197997.78173637824,186504.62298137706,57
2023-03-14,2023,3,1,1,0,10522,720982.94,363565.87,0.0,723208.52,732990.19,995158.08,,875942.0,814545.0,0,0,0,255,365,286,365,8,38,258,0,0,0,0.7818314824680298,0.6234898018587336,1.0,6.123233995736766e-17,199506.22643310754,184519.3141726405,58
2023-03-15,2023,3,1,2,0,10696,732041.65,368890.65,0.0,720982.94,723992.26,640658.71,,877092.0,817591.0,0,0,0,254,365,285,365,7,37,257,0,0,0,0.9749279121818236,-0.22252093395631434,1.0,6.123233995736766e-17,198505.14013872904,182290.5867498285,59
2023-03-16,2023,3,1,3,0,10515,728053.8,367125.19,0.0,732041.65,721589.5,645632.98,,878015.0,820339.0,0,0,0,253,365,284,365,6,36,256,0,0,0,0.43388373911755823,-0.900968867902419,1.0,6.123233995736766e-17,197674.45387096115,180218.90167949122,60
2023-03-17,2023,3,1,4,0,13678,959361.79,484101.47,0.0,728053.8,969452.94,623617.34,,876573.0,831530.0,0,0,0,252,365,283,365,5,35,255,0,0,0,-0.433883739117558,-0.9009688679024191,1.0,6.123233995736766e-17,196931.88074287286,177992.3785105456,61
2023-03-18,2023,3,1,5,1,16546,1124334.48,567966.62,0.0,959361.79,1149758.69,649601.15,,872941.0,847355.0,0,0,0,251,365,282,365,4,34,254,0,0,0,-0.9749279121818236,-0.2225209339563146,1.0,6.123233995736766e-17,191204.95193235332,182310.9350910217,62
2023-03-19,2023,3,1,6,1,16500,1160414.56,586309.24,0.0,1124334.48,1122606.32,840792.01,,878343.0,858009.0,0,0,0,250,365,281,365,3,33,253,0,0,1,-0.7818314824680299,0.6234898018587334,1.0,6.123233995736766e-17,199774.8906233827,191044.24038445542,63
2023-03-20,2023,3,1,0,0,10670,737646.56,371658.76,0.0,1160414.56,723208.52,1000291.27,,880405.0,849254.0,0,0,0,249,365,280,365,2,32,252,0,0,1,0.0,1.0,1.0,6.123233995736766e-17,197972.6651005224,190315.75456295215,64
2023-03-21,2023,3,1,1,0,10516,702681.7,354448.33,0.0,737646.56,720982.94,1007497.74,,877791.0,839093.0,0,0,0,248,365,279,365,1,31,251,0,0,1,0.7818314824680298,0.6234898018587336,1.0,6.123233995736766e-17,200533.20218715668,189711.91870256024,65
2023-03-22,2023,3,1,2,0,16157,982348.36,495335.73,661.5,702681.7,732041.65,645693.66,,913549.0,850315.0,1,0,0,247,365,278,365,0,30,250,0,0,1,0.9749279121818236,-0.22252093395631434,1.0,6.123233995736766e-17,192362.69682849318,187824.97108983158,0
2023-03-23,2023,3,1,3,0,16059,987207.05,497221.42,661.5,982348.36,728053.8,644198.65,,950571.0,861749.0,1,0,0,246,365,277,365,354,29,249,0,0,1,0.43388373911755823,-0.900968867902419,1.0,6.123233995736766e-17,174853.87595317603,185267.91928161282,0
2023-03-24,2023,3,1,4,0,21829,1272394.81,641018.12,661.5,987207.05,959361.79,640273.43,,995290.0,882820.0,1,0,0,245,365,276,365,353,28,248,0,0,1,-0.433883739117558,-0.9009688679024191,1.0,6.123233995736766e-17,213283.16599786558,194905.93005092588,0
2023-03-25,2023,3,1,5,1,24957,1526497.32,767637.4,661.5,1272394.81,1124334.48,638737.65,,1052741.0,912412.0,1,0,0,244,365,275,365,352,27,247,0,0,1,-0.9749279121818236,-0.2225209339563146,1.0,6.123233995736766e-17,293076.29396714456,222069.87028692485,0
2023-03-26,2023,3,1,6,1,24909,1514232.39,762052.27,661.5,1526497.32,1160414.56,842806.84,,1103287.0,934792.0,1,0,0,243,365,274,365,351,26,246,0,0,1,-0.7818314824680299,0.6234898018587334,1.0,6.123233995736766e-17,341286.484522948,247222.65511806664,0
2023-03-27,2023,3,1,0,0,16263,976074.28,491193.7,661.5,1514232.39,737646.56,1028542.18,,1137348.0,933043.0,1,0,0,242,365,273,365,350,25,245,0,0,1,0.0,1.0,1.0,6.123233995736766e-17,309092.1858061853,246721.65015497562,0
2023-03-28,2023,3,1,1,0,15710,984770.61,496375.8,661.5,976074.28,702681.7,1007736.7,,1177646.0,932278.0,1,0,0,241,365,272,365,349,24,244,0,0,1,0.7818314824680298,0.6234898018587336,1.0,6.123233995736766e-17,256971.2093576307,246517.44325814774,0
2023-03-29,2023,3,1,2,0,16482,988814.31,498789.82,661.5,984770.61,982348.36,637517.61,,1178570.0,943988.0,1,0,0,240,365,271,365,348,23,243,0,0,1,0.9749279121818236,-0.22252093395631434,1.0,6.123233995736766e-17,256162.5381592442,240298.2124757589,0
2023-03-30,2023,3,1,3,0,15988,957492.96,482565.73,661.5,988814.31,987207.05,633863.11,,1174325.0,954776.0,1,0,0,239,365,270,365,347,22,242,0,0,1,0.43388373911755823,-0.900968867902419,1.0,6.123233995736766e-17,260078.39485030217,233050.79534512368,0
2023-03-31,2023,3,1,4,0,21648,1303855.54,657118.42,661.5,957492.96,1272394.81,749248.92,,1178820.0,973262.0,1,0,0,238,365,269,365,346,21,241,0,0,1,-0.433883739117558,-0.9009688679024191,1.0,6.123233995736766e-17,262317.7748696094,238127.04976162215,0
2023-04-01,2023,4,2,5,1,25371,1536689.13,774103.53,661.5,1303855.54,1526497.32,729033.82,,1180276.0,1000184.0,1,0,0,237,365,268,365,345,20,240,0,0,1,-0.9749279121818236,-0.2225209339563146,0.8660254037844387,-0.4999999999999998,264587.6206423394,254645.71607966477,0
2023-04-02,2023,4,2,6,1,24469,1542578.52,776692.09,661.5,1536689.13,1514232.39,965977.62,,1184325.0,1019404.0,1,0,0,236,365,267,365,344,19,239,0,0,1,-0.7818314824680299,0.6234898018587334,0.8660254037844387,-0.4999999999999998,270696.98185712873,273068.6384038156,0
2023-04-03,2023,4,2,0,0,16267,987921.98,498066.11,661.5,1542578.52,976074.28,1139334.56,,1186018.0,1014357.0,1,0,0,235,365,266,365,343,18,238,0,0,1,0.0,1.0,0.8660254037844387,-0.4999999999999998,269210.84241675347,272173.3489652121,0
2023-04-04,2023,4,2,1,0,16307,976500.07,492296.04,661.5,987921.98,984770.61,1139094.72,,1184836.0,1008937.0,1,0,0,234,365,265,365,342,17,237,0,0,1,0.7818314824680298,0.6234898018587336,0.8660254037844387,-0.4999999999999998,270257.3891672367,271221.000273447,0
2023-04-05,2023,4,2,2,0,15742,961009.71,483938.36,661.5,976500.07,988814.31,721627.62,,1180864.0,1016917.0,1,0,0,233,365,264,365,341,16,236,0,0,1,0.9749279121818236,-0.22252093395631434,0.8660254037844387,-0.4999999999999998,273799.68509195774,265946.85395064775,0
2023-04-06,2023,4,2,3,0,15975,981392.72,494551.99,661.5,961009.71,957492.96,732990.19,,1184278.0,1025197.0,1,0,0,232,365,263,365,340,15,235,0,0,1,0.43388373911755823,-0.900968867902419,0.8660254037844387,-0.4999999999999998,270681.29359012196,260615.65099161322,0
2023-04-07,2023,4,2,4,0,20822,1304471.19,659072.56,661.5,981392.72,1303855.54,723992.26,,1184366.0,1044546.0,1,0,0,231,365,262,365,339,14,234,0,0,1,-0.433883739117558,-0.9009688679024191,0.8660254037844387,-0.4999999999999998,270726.71848424466,259025.56805047166,0
2023-04-08,2023,4,2,5,1,24960,1520687.97,764327.26,661.5,1304471.19,1536689.13,721589.5,,1182080.0,1071183.0,1,0,0,230,365,261,365,338,13,233,0,0,1,-0.9749279121818236,-0.2225209339563146,0.8660254037844387,-0.4999999999999998,267301.9657872195,265671.4242149773,0
2023-04-09,2023,4,2,6,1,25458,1563143.3,788372.27,661.5,1520687.97,1542578.52,969452.94,,1185018.0,1090972.0,1,0,0,229,365,260,365,337,12,232,0,0,1,-0.7818314824680299,0.6234898018587334,0.8660254037844387,-0.4999999999999998,271996.22323850717,279580.050599628,0
2023-04-10,2023,4,2,0,0,16167,986921.97,497374.04,661.5,1563143.3,987921.98,1149758.69,,1184875.0,1085545.0,1,0,0,228,365,259,365,336,11,231,0,0,1,0.0,1.0,0.8660254037844387,-0.4999999999999998,272117.2315218099,279979.7993720864,0
2023-04-11,2023,4,2,1,0,15805,977362.66,492394.35,661.5,986921.97,976500.07,1122606.32,,1184999.0,1080703.0,1,0,0,227,365,258,365,335,10,230,0,0,1,0.7818314824680298,0.6234898018587336,0.8660254037844387,-0.4999999999999998,272007.3158256895,280571.98409858654,0
2023-04-12,2023,4,2,2,0,16542,1002191.18,504984.88,661.5,977362.66,961009.71,723208.52,,1190882.0,1090003.0,1,0,0,226,365,257,365,334,9,229,0,0,1,0.9749279121818236,-0.22252093395631434,0.8660254037844387,-0.4999999999999998,266749.92776872567,272830.9999656869,0
2023-04-13,2023,4,2,3,0,16147,980771.02,494077.97,661.5,1002191.18,981392.72,720982.94,,1190793.0,1098662.0,1,0,0,225,365,256,365,333,8,228,0,0,1,0.43388373911755823,-0.900968867902419,0.8660254037844387,-0.4999999999999998,266831.39293033624,264716.6534567759,0
2023-04-14,2023,4,2,4,0,21465,1280773.47,645506.6,661.5,980771.02,1304471.19,732041.65,,1187407.0,1116953.0,1,0,0,224,365,255,365,332,7,227,0,0,1,-0.433883739117558,-0.9009688679024191,0.8660254037844387,-0.4999999999999998,265294.6381070551,257366.59617909323,0
2023-04-15,2023,4,2,5,1,25166,1514365.15,763787.1,661.5,1280773.47,1520687.97,728053.8,,1186504.0,1143164.0,1,0,0,223,365,254,365,331,6,226,0,0,1,-0.9749279121818236,-0.2225209339563146,0.8660254037844387,-0.4999999999999998,263978.27891380404,256432.64946751526,0
2023-04-16,2023,4,2,6,1,24408,1507560.24,759117.2,661.5,1514365.15,1563143.3,959361.79,,1178564.0,1161437.0,1,0,0,222,365,253,365,330,5,225,0,0,1,-0.7818314824680299,0.6234898018587334,0.8660254037844387,-0.4999999999999998,251291.9270107744,262347.3529364845,0
2023-04-17,2023,4,2,0,0,15512,966467.16,486962.2,661.5,1507560.24,986921.97,1124334.48,,1175642.0,1156175.0,1,0,0,221,365,252,365,329,4,224,0,0,1,0.0,1.0,0.8660254037844387,-0.4999999999999998,253996.1983108824,264690.0418212125,0
2023-04-18,2023,4,2,1,0,16177,988586.77,498466.83,661.5,966467.16,977362.66,1160414.56,,1177245.0,1150447.0,1,0,0,220,365,251,365,328,3,223,0,0,1,0.7818314824680298,0.6234898018587336,0.8660254037844387,-0.4999999999999998,252567.28070894114,266448.36929740664,0
2023-04-19,2023,4,2,2,0,16075,995855.63,501499.95,661.5,988586.77,1002191.18,737646.56,,1176340.0,1159054.0,1,0,0,219,365,250,365,327,2,222,0,0,1,0.9749279121818236,-0.22252093395631434,0.8660254037844387,-0.4999999999999998,253309.40144811515,256644.06861939933,0
2023-04-20,2023,4,2,3,0,16301,975407.99,491718.02,661.5,995855.63,980771.02,702681.7,,1175574.0,1168145.0,1,0,0,218,365,249,365,326,1,221,0,0,1,0.43388373911755823,-0.900968867902419,0.8660254037844387,-0.4999999999999998,254006.6449748305,244462.11438128573,0
2023-04-21,2023,4,2,4,0,40056,2278702.11,1155711.15,4189.5,975407.99,1280773.47,982348.36,,1318135.0,1211357.0,1,0,0,217,365,248,365,325,0,220,0,0,1,-0.433883739117558,-0.9009688679024191,0.8660254037844387,-0.4999999999999998,491710.5292461831,314910.461439292,0
2023-04-22,2023,4,2,5,1,29583,1995480.9,1013738.53,4000.5,2278702.11,1514365.15,987207.05,,1386866.0,1244966.0,1,0,0,216,365,247,365,324,354,219,0,0,0,-0.9749279121818236,-0.2225209339563146,0.8660254037844387,-0.4999999999999998,553458.6970940636,342737.9603018715,0
2023-04-23,2023,4,2,6,1,29665,2000632.36,1012175.01,4000.5,1995480.9,1507560.24,1272394.81,,1457305.0,1269240.0,1,0,0,215,365,246,365,323,353,218,0,0,0,-0.7818314824680299,0.6234898018587334,0.8660254037844387,-0.4999999999999998,600737.0397286502,369492.28698804125,0
2023-04-24,2023,4,2,0,0,18974,1272410.7,644253.79,4000.5,2000632.36,966467.16,1526497.32,,1501011.0,1260771.0,1,0,0,214,365,245,365,322,352,217,0,0,0,0.0,1.0,0.8660254037844387,-0.4999999999999998,569386.0155991615,366290.2965091474,0
2023-04-25,2023,4,2,1,0,19571,1278246.59,645945.29,4000.5,1272410.7,988586.77,1514232.39,,1542391.0,1252905.0,1,0,0,213,365,244,365,321,351,216,0,0,0,0.7818314824680298,0.6234898018587336,0.8660254037844387,-0.4999999999999998,535453.3792681448,363180.16682769434,0
2023-04-26,2023,4,2,2,0,19624,1268414.94,643598.45,4000.5,1278246.59,995855.63,976074.28,,1581328.0,1262649.0,1,0,0,212,365,243,365,320,350,215,0,0,0,0.9749279121818236,-0.22252093395631434,0.8660254037844387,-0.4999999999999998,497663.0890397525,359398.5371129578,0
2023-04-27,2023,4,2,3,0,19683,1296943.31,656652.4,4000.5,1268414.94,975407.99,984770.61,,1627262.0,1273055.0,1,0,0,211,365,242,365,319,349,214,0,0,0,0.43388373911755823,-0.900968867902419,0.8660254037844387,-0.4999999999999998,444405.53025405144,355574.47780013893,0
2023-04-28,2023,4,2,4,0,25532,1687610.2,854356.09,4000.5,1296943.31,2278702.11,988814.31,,1542820.0,1296348.0,1,0,0,210,365,241,365,318,348,213,0,0,0,-0.433883739117558,-0.9009688679024191,0.8660254037844387,-0.4999999999999998,345043.9614063588,359182.45534230897,0
2023-04-29,2023,4,2,5,1,16533,1148652.26,580515.07,0.0,1687610.2,1995480.9,957492.96,,1421844.0,1302720.0,0,0,0,209,365,240,365,317,347,212,0,0,0,-0.9749279121818236,-0.2225209339563146,0.8660254037844387,-0.4999999999999998,306146.08486252703,354630.55990865605,1
2023-04-30,2023,4,2,6,1,16669,1165614.28,588690.63,0.0,1148652.26,2000632.36,1303855.54,,1302556.0,1298112.0,0,0,0,208,365,239,365,316,346,211,0,0,0,-0.7818314824680299,0.6234898018587334,0.8660254037844387,-0.4999999999999998,179537.8017734123,355512.3508307267,2
2023-05-01,2023,5,2,0,0,9988,682655.16,345429.28,0.0,1165614.28,1272410.7,1536689.13,,1218305.0,1269644.0,0,0,0,207,365,238,365,315,345,210,0,0,0,0.0,1.0,0.49999999999999994,-0.8660254037844387,296390.48626781994,369661.4404334282,3
2023-05-02,2023,5,2,1,0,9778,678805.57,343006.84,0.0,682655.16,1278246.59,1542578.52,,1132671.0,1240852.0,0,0,0,206,365,237,365,314,344,209,0,0,0,0.7818314824680298,0.6234898018587336,0.49999999999999994,-0.8660254037844387,356655.3121115222,381131.03788215877,4
2023-05-03,2023,5,2,2,0,9817,686899.56,347373.28,0.0,678805.57,1268414.94,987921.98,,1049597.0,1230818.0,0,0,0,205,365,236,365,313,343,208,0,0,0,0.9749279121818236,-0.22252093395631434,0.49999999999999994,-0.8660254037844387,386263.0851555822,391831.8768473883,5
2023-05-04,2023,5,2,3,0,10264,715091.13,362115.93,0.0,686899.56,1296943.31,976500.07,,966475.0,1222104.0,0,0,0,204,365,235,365,312,342,207,0,0,0,0.43388373911755823,-0.900968867902419,0.49999999999999994,-0.8660254037844387,386769.66936820885,400493.36290593917,6
2023-05-05,2023,5,2,4,0,13338,923474.12,467692.75,0.0,715091.13,1687610.2,961009.71,,857313.0,1220853.0,0,0,0,203,365,234,365,311,341,206,0,0,0,-0.433883739117558,-0.9009688679024191,0.49999999999999994,-0.8660254037844387,222089.92245787728,401394.7970204523,7
2023-05-06,2023,5,2,5,1,16029,1100303.07,557135.03,0.0,923474.12,1148652.26,981392.72,,850406.0,1224817.0,0,0,0,202,365,233,365,310,340,205,0,0,0,-0.9749279121818236,-0.2225209339563146,0.49999999999999994,-0.8660254037844387,212043.7366035784,399531.42528691376,8
2023-05-07,2023,5,2,6,1,15512,1087346.0,550559.67,0.0,1100303.07,1165614.28,1304471.19,,839225.0,1217579.0,0,0,0,201,365,232,365,309,339,204,0,0,0,-0.7818314824680299,0.6234898018587334,0.49999999999999994,-0.8660254037844387,193943.4922721046,400005.0585241168,9
2023-05-08,2023,5,2,0,0,9957,692126.5,349821.11,0.0,1087346.0,682655.16,1520687.97,,840578.0,1189961.0,0,0,0,200,365,231,365,308,338,203,0,0,0,0.0,1.0,0.49999999999999994,-0.8660254037844387,192698.17026684727,406899.93732546247,10
2023-05-09,2023,5,2,1,0,10195,705279.47,357153.38,0.0,692126.5,678805.57,1563143.3,,844360.0,1161365.0,0,0,0,199,365,230,365,307,337,202,0,0,0,0.7818314824680298,0.6234898018587336,0.49999999999999994,-0.8660254037844387,189222.4257867789,409902.36495005165,11
2023-05-10,2023,5,2,2,0,9979,679310.42,344234.53,0.0,705279.47,686899.56,986921.97,,843276.0,1151111.0,0,0,0,198,365,229,365,306,336,201,0,0,0,0.9749279121818236,-0.22252093395631434,0.49999999999999994,-0.8660254037844387,190293.67830979332,418180.4028413996,12
2023-05-11,2023,5,2,3,0,10101,684420.44,346817.16,0.0,679310.42,715091.13,977362.66,,838894.0,1141347.0,0,0,0,197,365,228,365,305,335,200,0,0,0,0.43388373911755823,-0.900968867902419,0.49999999999999994,-0.8660254037844387,194053.01522563284,425729.4718302667,13
2023-05-12,2023,5,2,4,0,13081,902144.2,456820.76,0.0,684420.44,923474.12,1002191.18,,835847.0,1138012.0,0,0,0,196,365,227,365,304,334,199,0,0,0,-0.433883739117558,-0.9009688679024191,0.49999999999999994,-0.8660254037844387,192666.0516068299,427246.267553116,14
2023-05-13,2023,5,2,5,1,15516,1079867.69,547138.69,0.0,902144.2,1100303.07,980771.02,,832928.0,1141315.0,0,0,0,195,365,226,365,303,333,198,0,0,0,-0.9749279121818236,-0.2225209339563146,0.49999999999999994,-0.8660254037844387,188091.59002957563,426370.83499001176,15
2023-05-14,2023,5,2,6,1,15526,1052876.12,531691.26,0.0,1079867.69,1087346.0,1280773.47,,828004.0,1133718.0,0,0,0,194,365,225,365,302,332,197,0,0,0,-0.7818314824680299,0.6234898018587334,0.49999999999999994,-0.8660254037844387,180623.72613335605,425830.3073828683,16
2023-05-15,2023,5,2,0,0,9898,679829.11,343573.9,0.0,1052876.12,692126.5,1514365.15,,826247.0,1105900.0,0,0,0,193,365,224,365,301,331,196,0,0,0,0.0,1.0,0.49999999999999994,-0.8660254037844387,182218.30812033822,427362.41935093264,17
2023-05-16,2023,5,2,1,0,10007,693577.56,351162.57,0.0,679829.11,705279.47,1507560.24,,824575.0,1078768.0,0,0,0,192,365,223,365,300,330,195,0,0,0,0.7818314824680298,0.6234898018587336,0.49999999999999994,-0.8660254037844387,183561.77007531884,426821.22960217186,18
2023-05-17,2023,5,2,2,0,9804,685874.63,346522.5,0.0,693577.56,679310.42,966467.16,,825513.0,1069415.0,0,0,0,191,365,222,365,299,329,194,0,0,0,0.9749279121818236,-0.22252093395631434,0.49999999999999994,-0.8660254037844387,182710.78168856754,432404.80924522167,19
2023-05-18,2023,5,2,3,0,10008,699986.99,354151.25,0.0,685874.63,684420.44,988586.77,,827737.0,1059795.0,0,0,0,190,365,221,365,298,328,193,0,0,0,0.43388373911755823,-0.900968867902419,0.49999999999999994,-0.8660254037844387,180791.97804264462,437445.99513199774,20
2023-05-19,2023,5,2,4,0,13051,922204.62,466778.65,0.0,699986.99,902144.2,995855.63,,830602.0,1057340.0,0,0,0,189,365,220,365,297,327,192,0,0,0,-0.433883739117558,-0.9009688679024191,0.49999999999999994,-0.8660254037844387,182320.53395208556,438023.49807128176,21
2023-05-20,2023,5,2,5,1,15683,1096494.7,555527.47,0.0,922204.62,1079867.69,975407.99,,832978.0,1061376.0,0,0,0,188,365,219,365,296,326,191,0,0,0,-0.9749279121818236,-0.2225209339563146,0.49999999999999994,-0.8660254037844387,186176.7526934715,437800.3229748521,22
2023-05-21,2023,5,2,6,1,15158,1066637.49,539374.55,0.0,1096494.7,1052876.12,2278702.11,,834944.0,1020974.0,0,0,0,187,365,218,365,295,325,190,0,0,0,-0.7818314824680299,0.6234898018587334,0.49999999999999994,-0.8660254037844387,188937.921400468,372668.79708991887,23
2023-05-22,2023,5,2,0,0,10035,697476.89,352864.32,0.0,1066637.49,679829.11,1995480.9,,837465.0,977707.0,0,0,0,186,365,217,365,294,324,189,0,0,0,0.0,1.0,0.49999999999999994,-0.8660254037844387,186626.77938129884,328339.83034608536,24
2023-05-23,2023,5,2,1,0,9967,707124.05,358108.42,0.0,697476.89,693577.56,2000632.36,,839400.0,934590.0,0,0,0,185,365,216,365,293,323,188,0,0,0,0.7818314824680298,0.6234898018587336,0.49999999999999994,-0.8660254037844387,184948.77192268235,268936.0043917182,25
2023-05-24,2023,5,2,2,0,9998,700284.02,354296.45,0.0,707124.05,685874.63,1272410.7,,841458.0,915519.0,0,0,0,184,365,215,365,292,322,187,0,0,0,0.9749279121818236,-0.22252093395631434,0.49999999999999994,-0.8660254037844387,183025.42954590684,264401.47611275193,26
2023-05-25,2023,5,2,3,0,10057,689011.07,348685.17,0.0,700284.02,699986.99,1278246.59,,839890.0,895878.0,0,0,0,183,365,214,365,291,321,186,0,0,0,0.43388373911755823,-0.900968867902419,0.49999999999999994,-0.8660254037844387,184480.65187482536,258343.3543857572,27
2023-05-26,2023,5,2,4,0,13373,930640.56,471049.44,0.0,689011.07,922204.62,1268414.94,,841096.0,884619.0,0,0,0,182,365,213,365,290,320,185,0,0,0,-0.433883739117558,-0.9009688679024191,0.49999999999999994,-0.8660254037844387,185134.39248549653,248729.10669496199,28
2023-05-27,2023,5,2,5,1,15568,1063563.52,539462.78,0.0,930640.56,1096494.7,1296943.31,,836391.0,876839.0,0,0,0,181,365,212,365,289,319,184,0,0,0,-0.9749279121818236,-0.2225209339563146,0.49999999999999994,-0.8660254037844387,177837.38248351755,238841.52999095945,29
2023-05-28,2023,5,2,6,1,15561,1085969.0,549213.09,0.0,1063563.52,1066637.49,1687610.2,,839153.0,856785.0,0,0,0,180,365,211,365,288,318,183,0,0,0,-0.7818314824680299,0.6234898018587334,0.49999999999999994,-0.8660254037844387,182107.6373604882,188335.09704756344,30
2023-05-29,2023,5,2,0,0,9917,695281.52,351985.38,0.0,1085969.0,697476.89,1148652.26,,838839.0,841672.0,0,0,0,179,365,210,365,287,317,182,0,0,0,0.0,1.0,0.49999999999999994,-0.8660254037844387,182393.96116461974,182197.14919586602,31
2023-05-30,2023,5,2,1,0,9948,686400.99,347300.5,0.0,695281.52,707124.05,1165614.28,,835879.0,825699.0,0,0,0,178,365,209,365,286,316,181,0,0,0,0.7818314824680298,0.6234898018587336,0.49999999999999994,-0.8660254037844387,185037.1657803245,173622.0802903554,32
2023-05-31,2023,5,2,2,0,9933,697941.54,353100.11,0.0,686400.99,700284.02,682655.16,,835544.0,826208.0,0,0,0,177,365,208,365,285,315,180,0,0,0,0.9749279121818236,-0.22252093395631434,0.49999999999999994,-0.8660254037844387,185325.15351399107,173209.74225707742,33
2023-06-01,2023,6,2,3,0,9996,677487.92,342481.11,0.0,697941.54,689011.07,678805.57,,833898.0,826164.0,0,0,0,176,365,207,365,284,314,179,0,0,0,0.43388373911755823,-0.900968867902419,1.2246467991473532e-16,-1.0,186888.26058234388,173248.57144716807,34
2023-06-02,2023,6,2,4,0,13207,923014.7,467771.7,0.0,677487.92,930640.56,686899.56,,832808.0,834035.0,0,0,0,175,365,206,365,283,313,178,0,0,0,-0.433883739117558,-0.9009688679024191,1.2246467991473532e-16,-1.0,186251.48107571117,172062.9404833813,35
2023-06-03,2023,6,2,5,1,15424,1082724.98,547033.24,0.0,923014.7,1063563.52,715091.13,,835546.0,846289.0,0,0,0,174,365,205,365,282,312,177,0,0,0,-0.9749279121818236,-0.2225209339563146,1.2246467991473532e-16,-1.0,190304.8444754798,176338.05311099897,36
2023-06-04,2023,6,2,6,1,15629,1077452.43,545572.59,0.0,1082724.98,1085969.0,923474.12,,834329.0,851422.0,0,0,0,173,365,204,365,281,311,176,0,0,0,-0.7818314824680299,0.6234898018587334,1.2246467991473532e-16,-1.0,188455.2466489847,180845.4091489778,37
2023-06-05,2023,6,2,0,0,10065,673387.37,340855.68,0.0,1077452.43,695281.52,1100303.07,,831201.0,837191.0,0,0,0,172,365,203,365,280,310,175,0,0,0,0.0,1.0,1.2246467991473532e-16,-1.0,191307.69898730537,177348.85599371314,38
2023-06-06,2023,6,2,1,0,9919,668392.14,338316.09,0.0,673387.37,686400.99,1087346.0,,828629.0,823226.0,0,0,0,171,365,202,365,279,309,174,0,0,0,0.7818314824680298,0.6234898018587336,1.2246467991473532e-16,-1.0,193685.81947130422,173423.02804620808,39
2023-06-07,2023,6,2,2,0,10076,684623.24,346050.78,0.0,668392.14,697941.54,692126.5,,826726.0,822976.0,0,0,0,170,365,201,365,278,308,173,0,0,0,0.9749279121818236,-0.22252093395631434,1.2246467991473532e-16,-1.0,195242.7035784221,173623.91221717757,40
2023-06-08,2023,6,2,3,0,10027,705192.08,356951.44,0.0,684623.24,677487.92,705279.47,,830684.0,822973.0,0,0,0,169,365,200,365,277,307,172,0,0,0,0.43388373911755823,-0.900968867902419,1.2246467991473532e-16,-1.0,191966.62775729017,173625.95570032584,41
2023-06-09,2023,6,2,4,0,13183,949862.12,482166.1,0.0,705192.08,923014.7,679310.42,,834519.0,831991.0,0,0,0,168,365,199,365,276,306,171,0,0,0,-0.433883739117558,-0.9009688679024191,1.2246467991473532e-16,-1.0,194371.9038994477,172931.6326477084,42
2023-06-10,2023,6,2,5,1,15554,1098107.88,556700.85,0.0,949862.12,1082724.98,684420.44,,836717.0,845781.0,0,0,0,167,365,198,365,275,305,170,0,0,0,-0.9749279121818236,-0.2225209339563146,1.2246467991473532e-16,-1.0,197704.1984572501,177199.60564863132,43
2023-06-11,2023,6,2,6,1,15549,1082047.83,547626.41,0.0,1098107.88,1077452.43,902144.2,,837373.0,851778.0,0,0,0,166,365,197,365,274,304,169,0,0,0,-0.7818314824680299,0.6234898018587334,1.2246467991473532e-16,-1.0,198642.20552166377,182147.87988397473,44
2023-06-12,2023,6,2,0,0,9678,682957.44,345647.99,0.0,1082047.83,673387.37,1079867.69,,838740.0,838547.0,0,0,0,165,365,196,365,273,303,168,0,0,0,0.0,1.0,1.2246467991473532e-16,-1.0,197354.22676125244,179403.39174921182,45
2023-06-13,2023,6,2,1,0,9847,689670.1,348965.45,0.0,682957.44,668392.14,1052876.12,,841780.0,826441.0,0,0,0,164,365,195,365,272,302,167,0,0,0,0.7818314824680298,0.6234898018587336,1.2246467991473532e-16,-1.0,194435.46110402897,176675.44333770178,46
2023-06-14,2023,6,2,2,0,10003,685308.5,346325.27,0.0,689670.1,684623.24,679829.11,,841878.0,826623.0,0,0,0,163,365,194,365,271,301,166,0,0,0,0.9749279121818236,-0.22252093395631434,1.2246467991473532e-16,-1.0,194343.29895352633,176521.41569397366,47
2023-06-15,2023,6,2,3,0,11455,838626.94,422880.73,542.5,685308.5,705192.08,693577.56,,860940.0,831458.0,1,0,0,162,365,193,365,270,300,165,0,0,0,0.43388373911755823,-0.900968867902419,1.2246467991473532e-16,-1.0,185022.4697909158,174728.96393304828,0
2023-06-16,2023,6,2,4,0,15540,1117774.89,564487.3,542.5,838626.94,949862.12,685874.63,,884928.0,845855.0,1,0,0,161,365,192,365,269,299,164,0,0,0,-0.433883739117558,-0.9009688679024191,1.2246467991473532e-16,-1.0,207937.911548286,180032.6427581251,0
2023-06-17,2023,6,2,5,1,17815,1281379.94,647378.53,542.5,1117774.89,1098107.88,699986.99,,911109.0,865235.0,1,0,0,160,365,191,365,268,298,163,0,0,0,-0.9749279121818236,-0.2225209339563146,1.2246467991473532e-16,-1.0,247102.97390780467,194500.08028509893,0
2023-06-18,2023,6,2,6,1,17982,1312926.68,662480.84,542.5,1281379.94,1082047.83,922204.62,,944092.0,878259.0,1,0,0,159,365,190,365,267,297,162,0,0,0,-0.7818314824680299,0.6234898018587334,1.2246467991473532e-16,-1.0,286059.86037247576,210841.65620398917,0
2023-06-19,2023,6,2,0,0,11491,821426.88,414069.38,542.5,1312926.68,682957.44,1096494.7,,963873.0,869090.0,1,0,0,158,365,189,365,266,296,161,0,0,0,0.0,1.0,1.2246467991473532e-16,-1.0,269288.5081999387,206969.32731325232,0
2023-06-20,2023,6,2,1,0,11250,830340.89,419866.56,542.5,821426.88,689670.1,1066637.49,,983969.0,861213.0,1,0,0,157,365,188,365,265,295,160,0,0,0,0.7818314824680298,0.6234898018587336,1.2246467991473532e-16,-1.0,249971.45979841263,203661.98904072246,0
2023-06-21,2023,6,2,2,0,11546,842143.17,425772.92,542.5,830340.89,685308.5,697476.89,,1006374.0,866035.0,1,0,0,156,365,187,365,264,294,159,0,0,0,0.9749279121818236,-0.22252093395631434,1.2246467991473532e-16,-1.0,224468.5967704919,201350.99076823142,0
2023-06-22,2023,6,2,3,0,11549,824013.59,415761.42,542.5,842143.17,838626.94,707124.05,,1004287.0,869932.0,1,0,0,155,365,186,365,263,293,158,0,0,0,0.43388373911755823,-0.900968867902419,1.2246467991473532e-16,-1.0,226348.78958309416,199290.2908625959,0
2023-06-23,2023,6,2,4,0,15146,1059660.15,534233.32,542.5,824013.59,1117774.89,700284.02,,995984.0,881911.0,1,0,0,154,365,185,365,262,292,157,0,0,0,-0.433883739117558,-0.9009688679024191,1.2246467991473532e-16,-1.0,222525.95652910447,199542.01182820133,0
2023-06-24,2023,6,2,5,1,17590,1292333.43,652083.2,542.5,1059660.15,1281379.94,689011.07,,997549.0,902022.0,1,0,0,153,365,184,365,261,291,156,0,0,0,-0.9749279121818236,-0.2225209339563146,1.2246467991473532e-16,-1.0,224893.2338879187,209580.5616934799,0
2023-06-25,2023,6,2,6,1,17569,1267277.96,639554.59,542.5,1292333.43,1312926.68,930640.56,,991028.0,913243.0,1,0,0,152,365,183,365,260,290,155,0,0,0,-0.7818314824680299,0.6234898018587334,1.2246467991473532e-16,-1.0,214652.73021724063,219922.55035646024,0
2023-06-26,2023,6,2,0,0,11155,821280.39,414555.88,542.5,1267277.96,821426.88,1063563.52,,991007.0,905167.0,1,0,0,151,365,182,365,259,289,154,0,0,0,0.0,1.0,1.2246467991473532e-16,-1.0,214672.02723808834,218657.0352341973,0
2023-06-27,2023,6,2,1,0,11539,816354.83,412397.45,542.5,821280.39,830340.89,1085969.0,,989009.0,896180.0,1,0,0,150,365,181,365,258,288,153,0,0,0,0.7818314824680298,0.6234898018587336,1.2246467991473532e-16,-1.0,216474.13829530517,216499.6767923007,0
2023-06-28,2023,6,2,2,0,11516,823003.63,415052.45,542.5,816354.83,842143.17,695281.52,,986275.0,900437.0,1,0,0,149,365,180,365,257,287,152,0,0,0,0.9749279121818236,-0.22252093395631434,1.2246467991473532e-16,-1.0,218747.2656141281,213649.89670142412,0
2023-06-29,2023,6,2,3,0,11469,845774.49,427081.85,542.5,823003.63,824013.59,686400.99,,989384.0,905750.0,1,0,0,148,365,179,365,256,286,151,0,0,0,0.43388373911755823,-0.900968867902419,1.2246467991473532e-16,-1.0,216196.74051233113,210096.19602448164,0
2023-06-30,2023,6,2,4,0,15253,1112831.77,562234.3,542.5,845774.49,1059660.15,697941.54,,996980.0,919579.0,1,0,0,147,365,178,365,255,285,150,0,0,0,-0.433883739117558,-0.9009688679024191,1.2246467991473532e-16,-1.0,219978.39172963047,209600.02721974472,0
2023-07-01,2023,7,3,5,1,17086,1217897.71,615625.62,542.5,1112831.77,1292333.43,677487.92,,986346.0,937593.0,1,0,0,146,365,177,365,254,284,149,0,0,0,-0.9749279121818236,-0.2225209339563146,-0.4999999999999997,-0.8660254037844388,204581.82686852754,211291.9106273013,0
2023-07-02,2023,7,3,6,1,16961,1206820.92,609086.61,542.5,1217897.71,1267277.96,923014.7,,977709.0,947053.0,1,0,0,145,365,176,365,253,283,148,0,0,0,-0.7818314824680299,0.6234898018587334,-0.4999999999999997,-0.8660254037844388,191610.10581762303,216895.82663949314,0
2023-07-03,2023,7,3,0,0,11116,787706.79,398250.55,542.5,1206820.92,821280.39,1082724.98,,972913.0,937219.0,1,0,0,144,365,175,365,252,282,147,0,0,0,0.0,1.0,-0.4999999999999997,-0.8660254037844388,196535.19876680648,217220.16577395654,0
2023-07-04,2023,7,3,1,0,11000,785997.36,397544.21,542.5,787706.79,816354.83,1077452.43,,968576.0,927504.0,1,0,0,143,365,174,365,251,281,146,0,0,0,0.7818314824680298,0.6234898018587336,-0.4999999999999997,-0.8660254037844388,200853.1141727419,217249.62334639352,0
2023-07-05,2023,7,3,2,0,10907,766365.49,387035.36,542.5,785997.36,823003.63,673387.37,,960485.0,930603.0,1,0,0,142,365,173,365,250,280,145,0,0,0,0.9749279121818236,-0.22252093395631434,-0.4999999999999997,-0.8660254037844388,208682.9168506879,214140.36268559855,0
2023-07-06,2023,7,3,3,0,10842,766359.01,386680.14,542.5,766365.49,845774.49,668392.14,,949140.0,933869.0,1,0,0,141,365,172,365,249,279,144,0,0,0,0.43388373911755823,-0.900968867902419,-0.4999999999999997,-0.8660254037844388,217913.12216503822,210723.57517887023,0
2023-07-07,2023,7,3,4,0,14714,1063262.32,537764.59,542.5,766359.01,1112831.77,684623.24,,942059.0,946490.0,1,0,0,140,365,171,365,248,278,143,0,0,0,-0.433883739117558,-0.9009688679024191,-0.4999999999999997,-0.8660254037844388,212443.9726717832,206578.75607200759,0
2023-07-08,2023,7,3,5,1,16803,1224234.09,619107.45,542.5,1063262.32,1217897.71,705192.08,,942964.0,963792.0,1,0,0,139,365,170,365,247,277,142,0,0,0,-0.9749279121818236,-0.2225209339563146,-0.4999999999999997,-0.8660254037844388,213824.19067687704,207406.43522701407,0
2023-07-09,2023,7,3,6,1,17154,1213132.2,612811.07,542.5,1224234.09,1206820.92,949862.12,,943865.0,972567.0,1,0,0,138,365,169,365,246,276,141,0,0,0,-0.7818314824680299,0.6234898018587334,-0.4999999999999997,-0.8660254037844388,215131.51113191815,212308.4775280587,0
2023-07-10,2023,7,3,0,0,11070,782157.08,395112.01,542.5,1213132.2,787706.79,1098107.88,,943073.0,962036.0,1,0,0,137,365,168,365,245,275,140,0,0,0,0.0,1.0,-0.4999999999999997,-0.8660254037844388,215812.0598336924,213698.13390163681,0
2023-07-11,2023,7,3,1,0,11041,787323.42,398799.11,542.5,782157.08,785997.36,1082047.83,,943262.0,952211.0,1,0,0,136,365,167,365,244,274,139,0,0,0,0.7818314824680298,0.6234898018587336,-0.4999999999999997,-0.8660254037844388,215651.72389326914,214762.56697674422,0
2023-07-12,2023,7,3,2,0,10870,778862.12,393505.67,542.5,787323.42,766365.49,682957.44,,945047.0,955408.0,1,0,0,135,365,166,365,243,273,138,0,0,0,0.9749279121818236,-0.22252093395631434,-0.4999999999999997,-0.8660254037844388,213988.5641028001,211302.32731400488,0
2023-07-13,2023,7,3,3,0,10479,776075.41,391738.59,542.5,778862.12,766359.01,689670.1,,946435.0,958288.0,1,0,0,134,365,165,365,242,272,137,0,0,0,0.43388373911755823,-0.900968867902419,-0.4999999999999997,-0.8660254037844388,212663.7186956411,208120.1722852733,0
2023-07-14,2023,7,3,4,0,14488,1036389.27,522931.23,542.5,776075.41,1063262.32,685308.5,,942596.0,969991.0,1,0,0,133,365,164,365,241,271,136,0,0,0,-0.433883739117558,-0.9009688679024191,-0.4999999999999997,-0.8660254037844388,210434.12993565077,202022.47279692302,0
2023-07-15,2023,7,3,5,1,17249,1222376.41,617359.75,542.5,1036389.27,1224234.09,838626.94,,942331.0,982783.0,1,0,0,132,365,163,365,240,270,135,0,0,0,-0.9749279121818236,-0.2225209339563146,-0.4999999999999997,-0.8660254037844388,210020.51890988232,205536.499333232,0
2023-07-16,2023,7,3,6,1,14693,1024173.91,519895.54,0.0,1222376.41,1213132.2,1117774.89,,915337.0,979663.0,0,0,0,131,365,162,365,239,269,134,0,0,0,-0.7818314824680299,0.6234898018587334,-0.4999999999999997,-0.8660254037844388,179311.5888703902,204122.22800663186,1
2023-07-17,2023,7,3,0,0,9390,662465.45,335239.45,0.0,1024173.91,782157.08,1281379.94,,898238.0,959032.0,0,0,0,130,365,161,365,238,268,133,0,0,0,0.0,1.0,-0.4999999999999997,-0.8660254037844388,198778.08991386648,203852.79894099,2
2023-07-18,2023,7,3,1,0,9758,645399.66,327453.2,0.0,662465.45,787323.42,1312926.68,,877963.0,936781.0,0,0,0,129,365,160,365,237,267,132,0,0,0,0.7818314824680298,0.6234898018587336,-0.4999999999999997,-0.8660254037844388,218259.81337139386,200292.37006623304,3
2023-07-19,2023,7,3,2,0,9537,644261.55,326414.89,0.0,645399.66,778862.12,821426.88,,858735.0,930876.0,0,0,0,128,365,159,365,236,266,131,0,0,0,0.9749279121818236,-0.22252093395631434,-0.4999999999999997,-0.8660254037844388,233820.20150121205,206331.57874760762,4
2023-07-20,2023,7,3,3,0,9601,669410.0,339487.33,0.0,644261.55,776075.41,830340.89,,843497.0,925511.0,0,0,0,127,365,158,365,235,265,130,0,0,0,0.43388373911755823,-0.900968867902419,-0.4999999999999997,-0.8660254037844388,243384.8828741388,211073.01409027798,5
2023-07-21,2023,7,3,4,0,12585,872364.28,441721.12,0.0,669410.0,1036389.27,842143.17,,820064.0,926519.0,0,0,0,126,365,157,365,234,264,129,0,0,0,-0.433883739117558,-0.9009688679024191,-0.4999999999999997,-0.8660254037844388,229201.33567765154,210733.25258409625,6
2023-07-22,2023,7,3,5,1,14846,1008762.13,512372.0,0.0,872364.28,1222376.41,824013.59,,789548.0,932677.0,0,0,0,125,365,156,365,233,263,128,0,0,0,-0.9749279121818236,-0.2225209339563146,-0.4999999999999997,-0.8660254037844388,174371.58536907454,210333.52113253812,7
2023-07-23,2023,7,3,6,1,14822,1025863.89,518986.24,0.0,1008762.13,1024173.91,1059660.15,,789790.0,931551.0,0,0,0,124,365,155,365,232,262,127,0,0,0,-0.7818314824680299,0.6234898018587334,-0.4999999999999997,-0.8660254037844388,174751.33401974727,209719.5601769364,8
2023-07-24,2023,7,3,0,0,9463,675617.71,342191.05,0.0,1025863.89,662465.45,1292333.43,,791668.0,910993.0,0,0,0,123,365,154,365,231,261,126,0,0,0,0.0,1.0,-0.4999999999999997,-0.8660254037844388,173218.18752599676,203261.84339870757,9
2023-07-25,2023,7,3,1,0,9479,649975.46,329930.81,0.0,675617.71,645399.66,1267277.96,,792322.0,890417.0,0,0,0,122,365,153,365,230,260,125,0,0,0,0.7818314824680298,0.6234898018587336,-0.4999999999999997,-0.8660254037844388,172581.66965199253,197102.76504812107,10
2023-07-26,2023,7,3,2,0,9617,669833.82,339675.33,0.0,649975.46,644261.55,821280.39,,795975.0,885368.0,0,0,0,121,365,152,365,229,259,124,0,0,0,0.9749279121818236,-0.22252093395631434,-0.4999999999999997,-0.8660254037844388,169161.96676084647,200838.579814767,11
2023-07-27,2023,7,3,3,0,9504,658377.73,332924.47,0.0,669833.82,669410.0,816354.83,,794399.0,880103.0,0,0,0,120,365,151,365,228,258,123,0,0,0,0.43388373911755823,-0.900968867902419,-0.4999999999999997,-0.8660254037844388,170583.0957881649,204743.5671423893,12
2023-07-28,2023,7,3,4,0,12997,893056.37,453190.02,0.0,658377.73,872364.28,823003.63,,797355.0,882438.0,0,0,0,119,365,150,365,227,257,122,0,0,0,-0.433883739117558,-0.9009688679024191,-0.4999999999999997,-0.8660254037844388,172329.65944931965,204469.19185966137,13
2023-07-29,2023,7,3,5,1,14974,1035228.5,524736.39,0.0,893056.37,1008762.13,845774.49,,801136.0,888753.0,0,0,0,118,365,149,365,226,256,121,0,0,0,-0.9749279121818236,-0.2225209339563146,-0.4999999999999997,-0.8660254037844388,177939.97753197898,206216.0160120933,14
2023-07-30,2023,7,3,6,1,14760,1028964.14,521401.74,0.0,1035228.5,1025863.89,1112831.77,,801579.0,885957.0,0,0,0,117,365,148,365,225,255,120,0,0,0,-0.7818314824680299,0.6234898018587334,-0.4999999999999997,-0.8660254037844388,178595.2015345277,203625.72801339102,15
2023-07-31,2023,7,3,0,0,9559,650049.12,328777.21,0.0,1028964.14,675617.71,1217897.71,,797926.0,867029.0,0,0,0,116,365,147,365,224,254,119,0,0,0,0.0,1.0,-0.4999999999999997,-0.8660254037844388,181832.8656109823,198021.18724532696,16
2023-08-01,2023,8,3,1,0,9413,647254.87,328017.69,0.0,650049.12,649975.46,1206820.92,,797538.0,848377.0,0,0,0,115,365,146,365,223,253,118,0,0,0,0.7818314824680298,0.6234898018587336,-0.8660254037844385,-0.5000000000000004,182204.3350631843,191145.74184029596,17
2023-08-02,2023,8,3,2,0,9449,669339.13,339028.56,0.0,647254.87,669833.82,787706.79,,797467.0,844431.0,0,0,0,114,365,145,365,222,252,117,0,0,0,0.9749279121818236,-0.22252093395631434,-0.8660254037844385,-0.5000000000000004,182262.20846627434,193646.56002871087,18
2023-08-03,2023,8,3,3,0,9461,649395.15,328543.0,0.0,669339.13,658377.73,785997.36,,796184.0,839878.0,0,0,0,113,365,144,365,221,251,116,0,0,0,0.43388373911755823,-0.900968867902419,-0.8660254037844385,-0.5000000000000004,183432.54848982097,196650.6810585478,19
2023-08-04,2023,8,3,4,0,12813,879314.77,445503.81,0.0,649395.15,893056.37,766365.49,,794221.0,843643.0,0,0,0,112,365,143,365,220,250,115,0,0,0,-0.433883739117558,-0.9009688679024191,-0.8660254037844385,-0.5000000000000004,182293.0283722265,196275.59938197484,20
2023-08-05,2023,8,3,5,1,14872,1023882.13,519726.76,0.0,879314.77,1035228.5,766359.01,,792600.0,852227.0,0,0,0,111,365,142,365,219,249,114,0,0,0,-0.9749279121818236,-0.2225209339563146,-0.8660254037844385,-0.5000000000000004,179826.63550001523,198398.94756599495,21
2023-08-06,2023,8,3,6,1,14724,1002685.32,508448.22,0.0,1023882.13,1028964.14,1063262.32,,788846.0,850208.0,0,0,0,110,365,141,365,218,248,113,0,0,0,-0.7818314824680299,0.6234898018587334,-0.8660254037844385,-0.5000000000000004,174257.897508146,196475.98591451615,22
2023-08-07,2023,8,3,0,0,9688,654138.62,330404.3,0.0,1002685.32,650049.12,1224234.09,,789430.0,831204.0,0,0,0,109,365,140,365,217,247,112,0,0,0,0.0,1.0,-0.8660254037844385,-0.5000000000000004,173721.04363629103,186362.18621974954,23
2023-08-08,2023,8,3,1,0,9486,665202.42,337302.39,0.0,654138.62,647254.87,1213132.2,,791994.0,812940.0,0,0,0,108,365,139,365,216,246,111,0,0,0,0.7818314824680298,0.6234898018587336,-0.8660254037844385,-0.5000000000000004,171389.7671690087,174086.30707421448,24
2023-08-09,2023,8,3,2,0,9580,658518.25,333677.73,0.0,665202.42,669339.13,782157.08,,790448.0,808819.0,0,0,0,107,365,138,365,215,245,110,0,0,0,0.9749279121818236,-0.22252093395631434,-0.8660254037844385,-0.5000000000000004,172724.0302107747,176289.7460581786,25
2023-08-10,2023,8,3,3,0,9814,665642.34,337677.32,0.0,658518.25,649395.15,787323.42,,792769.0,804763.0,0,0,0,106,365,137,365,214,244,109,0,0,0,0.43388373911755823,-0.900968867902419,-0.8660254037844385,-0.5000000000000004,170608.8981245741,178190.91298410413,26
2023-08-11,2023,8,3,4,0,13063,902134.91,457415.75,0.0,665642.34,879314.77,778862.12,,796029.0,808872.0,0,0,0,105,365,136,365,213,243,108,0,0,0,-0.433883739117558,-0.9009688679024191,-0.8660254037844385,-0.5000000000000004,172742.92509684552,178992.58502307854,27
2023-08-12,2023,8,3,5,1,14724,994666.02,502892.9,0.0,902134.91,1023882.13,776075.41,,791855.0,816158.0,0,0,0,104,365,135,365,212,242,107,0,0,0,-0.9749279121818236,-0.2225209339563146,-0.8660254037844385,-0.5000000000000004,166562.4977793445,182034.78243351012,28
2023-08-13,2023,8,3,6,1,14827,1035077.82,523887.14,0.0,994666.02,1002685.32,1036389.27,,796483.0,816114.0,0,0,0,103,365,134,365,211,241,106,0,0,0,-0.7818314824680299,0.6234898018587334,-0.8660254037844385,-0.5000000000000004,173693.40199916676,181980.22028903925,29
2023-08-14,2023,8,3,0,0,9550,652145.19,330757.34,0.0,1035077.82,654138.62,1222376.41,,796198.0,797107.0,0,0,0,102,365,133,365,210,240,105,0,0,0,0.0,1.0,-0.8660254037844385,-0.5000000000000004,173967.09470122147,167268.6776408474,30
2023-08-15,2023,8,3,1,0,11249,880276.23,447115.83,672.5,652145.19,665202.42,1024173.91,,826923.0,792310.0,1,0,0,101,365,132,365,209,239,104,0,0,0,0.7818314824680298,0.6234898018587336,-0.8660254037844385,-0.5000000000000004,165775.17022874684,162528.82360776444,0
2023-08-16,2023,8,3,2,0,11218,862406.17,437945.89,672.5,880276.23,658518.25,662465.45,,856050.0,798975.0,1,0,0,100,365,131,365,208,238,103,0,0,0,0.9749279121818236,-0.22252093395631434,-0.8660254037844385,-0.5000000000000004,148238.9624384369,161114.03326240813,0
2023-08-17,2023,8,3,3,0,11119,878502.2,445533.15,672.5,862406.17,665642.34,645399.66,,886458.0,806745.0,1,0,0,99,365,130,365,207,237,102,0,0,0,0.43388373911755823,-0.900968867902419,-0.8660254037844385,-0.5000000000000004,122219.12322123034,159059.9845236562,0
2023-08-18,2023,8,3,4,0,14763,1190174.64,603816.03,672.5,878502.2,902134.91,644261.55,,927607.0,824942.0,1,0,0,98,365,129,365,206,236,101,0,0,0,-0.433883739117558,-0.9009688679024191,-0.8660254037844385,-0.5000000000000004,168211.42205714658,170636.31410454577,0
2023-08-19,2023,8,3,5,1,17453,1348905.04,684330.08,672.5,1190174.64,994666.02,669410.0,,978212.0,847592.0,1,0,0,97,365,128,365,205,235,100,0,0,0,-0.9749279121818236,-0.2225209339563146,-0.8660254037844385,-0.5000000000000004,232679.7607048639,192921.49943152888,0
2023-08-20,2023,8,3,6,1,17166,1395747.26,708155.42,672.5,1348905.04,1035077.82,872364.28,,1029737.0,865038.0,1,0,0,96,365,127,365,204,234,99,0,0,0,-0.7818314824680299,0.6234898018587334,-0.8660254037844385,-0.5000000000000004,282063.1290622551,217356.54575852578,0
2023-08-21,2023,8,3,0,0,11302,904645.87,458319.64,672.5,1395747.26,652145.19,1008762.13,,1065808.0,861567.0,1,0,0,95,365,126,365,203,233,98,0,0,0,0.0,1.0,-0.8660254037844385,-0.5000000000000004,238509.9395123731,215808.26189106714,0
2023-08-22,2023,8,3,1,0,11219,894212.92,453200.94,672.5,904645.87,880276.23,1025863.89,,1067799.0,857179.0,1,0,0,94,365,125,365,202,232,97,0,0,0,0.7818314824680298,0.6234898018587336,-0.8660254037844385,-0.5000000000000004,236754.8057699357,213680.2012579137,0
2023-08-23,2023,8,3,2,0,11294,907580.79,459856.04,672.5,894212.92,862406.17,675617.71,,1074253.0,864911.0,1,0,0,93,365,124,365,201,231,96,0,0,0,0.9749279121818236,-0.22252093395631434,-0.8660254037844385,-0.5000000000000004,230762.91554639125,211064.6165222339,0
2023-08-24,2023,8,3,3,0,11151,875542.94,444228.95,672.5,907580.79,878502.2,649975.46,,1073830.0,872430.0,1,0,0,92,365,123,365,200,230,95,0,0,0,0.43388373911755823,-0.900968867902419,-0.8660254037844385,-0.5000000000000004,231183.62053940655,207124.78154902515,0
2023-08-25,2023,8,3,4,0,15020,1184862.49,599751.4,672.5,875542.94,1190174.64,669833.82,,1073071.0,889598.0,1,0,0,91,365,122,365,199,229,94,0,0,0,-0.433883739117558,-0.9009688679024191,-0.8660254037844385,-0.5000000000000004,230746.363249322,211060.26157211955,0
2023-08-26,2023,8,3,5,1,17473,1381271.27,701036.18,672.5,1184862.49,1348905.04,658377.73,,1077695.0,913694.0,1,0,0,90,365,121,365,198,228,93,0,0,0,-0.9749279121818236,-0.2225209339563146,-0.8660254037844385,-0.5000000000000004,237422.4917707773,224584.49925432014,0
2023-08-27,2023,8,3,6,1,17224,1352038.41,685258.58,672.5,1381271.27,1395747.26,893056.37,,1071451.0,928993.0,1,0,0,89,365,120,365,197,227,92,0,0,0,-0.7818314824680299,0.6234898018587334,-0.8660254037844385,-0.5000000000000004,228053.6349602331,238342.36408383274,0
2023-08-28,2023,8,3,0,0,11112,881580.61,447766.72,672.5,1352038.41,904645.87,1035228.5,,1068156.0,923872.0,1,0,0,88,365,119,365,196,226,91,0,0,0,0.0,1.0,-0.8660254037844385,-0.5000000000000004,231012.82792823628,237630.58672865343,0
2023-08-29,2023,8,3,1,0,11493,914540.44,464424.37,672.5,881580.61,894212.92,1028964.14,,1071060.0,920058.0,1,0,0,87,365,118,365,195,225,90,0,0,0,0.7818314824680298,0.6234898018587336,-0.8660254037844385,-0.5000000000000004,228576.7888480978,236802.46737994778,0
2023-08-30,2023,8,3,2,0,11018,879160.6,445992.73,672.5,914540.44,907580.79,650049.12,,1067000.0,927695.0,1,0,0,86,365,117,365,194,224,89,0,0,0,0.9749279121818236,-0.22252093395631434,-0.8660254037844385,-0.5000000000000004,232188.35978210033,231427.72881409928,0
2023-08-31,2023,8,3,3,0,11281,882417.57,447578.29,672.5,879160.6,875542.94,647254.87,,1067982.0,935534.0,1,0,0,85,365,116,365,193,223,88,0,0,0,0.43388373911755823,-0.900968867902419,-0.8660254037844385,-0.5000000000000004,231256.2536124664,225508.24539078213,0
2023-09-01,2023,9,3,4,0,15592,1231620.99,623357.75,672.5,882417.57,1184862.49,669339.13,,1074661.0,954276.0,1,0,0,84,365,115,365,192,222,87,0,0,0,-0.433883739117558,-0.9009688679024191,-1.0,-1.8369701987210297e-16,235825.18144555736,225987.0809362806,0
2023-09-02,2023,9,3,5,1,18448,1429360.49,723245.4,672.5,1231620.99,1381271.27,649395.15,,1081531.0,980275.0,1,0,0,83,365,114,365,191,221,86,0,0,0,-0.9749279121818236,-0.2225209339563146,-1.0,-1.8369701987210297e-16,246695.6831364386,234411.141626196,0
2023-09-03,2023,9,3,6,1,18351,1460734.67,739582.11,672.5,1429360.49,1352038.41,879314.77,,1097059.0,999656.0,1,0,0,82,365,113,365,190,220,85,0,0,0,-0.7818314824680299,0.6234898018587334,-1.0,-1.8369701987210297e-16,268975.15989851777,249336.28838071038,0
2023-09-04,2023,9,3,0,0,11579,933421.7,472976.03,672.5,1460734.67,881580.61,1023882.13,,1104465.0,996640.0,1,0,0,81,365,112,365,189,219,84,0,0,0,0.0,1.0,-1.0,-1.8369701987210297e-16,262693.76523875195,249580.07708332536,0
2023-09-05,2023,9,3,1,0,11758,951895.19,482883.56,672.5,933421.7,914540.44,1002685.32,,1109802.0,994947.0,1,0,0,80,365,111,365,188,218,83,0,0,0,0.7818314824680298,0.6234898018587336,-1.0,-1.8369701987210297e-16,258539.14565005762,249709.8898581392,0
2023-09-06,2023,9,3,2,0,11677,944427.2,479065.61,672.5,951895.19,879160.6,654138.62,,1119125.0,1004624.0,1,0,0,79,365,110,365,187,217,82,0,0,0,0.9749279121818236,-0.22252093395631434,-1.0,-1.8369701987210297e-16,249866.57352260835,241538.7849622382,0
2023-09-07,2023,9,3,3,0,11769,921176.95,466939.52,672.5,944427.2,882417.57,665202.42,,1124662.0,1013156.0,1,0,0,78,365,109,365,186,216,81,0,0,0,0.43388373911755823,-0.900968867902419,-1.0,-1.8369701987210297e-16,244110.01841921813,233523.31218673347,0
2023-09-08,2023,9,3,4,0,15764,1263959.88,641847.02,672.5,921176.95,1231620.99,658518.25,,1129282.0,1033338.0,1,0,0,77,365,108,365,185,215,80,0,0,0,-0.433883739117558,-0.9009688679024191,-1.0,-1.8369701987210297e-16,246763.1963266592,227912.31628803484,0
2023-09-09,2023,9,3,5,1,18197,1421420.84,720273.67,672.5,1263959.88,1429360.49,665642.34,,1128148.0,1058530.0,1,0,0,76,365,107,365,184,214,79,0,0,0,-0.9749279121818236,-0.2225209339563146,-1.0,-1.8369701987210297e-16,245167.10332879538,227637.44708579275,0
2023-09-10,2023,9,3,6,1,18603,1464908.6,741952.6,672.5,1421420.84,1460734.67,902134.91,,1128744.0,1077289.0,1,0,0,75,365,106,365,183,213,78,0,0,0,-0.7818314824680299,0.6234898018587334,-1.0,-1.8369701987210297e-16,246114.05575890193,237288.71834518816,0
2023-09-11,2023,9,3,0,0,9902,687873.22,347507.61,0.0,1464908.6,933421.7,994666.02,,1093666.0,1067063.0,0,0,0,74,365,105,365,182,212,77,0,0,0,0.0,1.0,-1.0,-1.8369701987210297e-16,291843.49214009865,247369.12690021622,1
2023-09-12,2023,9,3,1,0,10040,699466.5,354757.17,0.0,687873.22,951895.19,1035077.82,,1057605.0,1055876.0,0,0,0,73,365,104,365,181,211,76,0,0,0,0.7818314824680298,0.6234898018587336,-1.0,-1.8369701987210297e-16,325890.35121010523,256293.38383496084,2
2023-09-13,2023,9,3,2,0,9894,693434.19,350960.99,0.0,699466.5,944427.2,652145.19,,1021749.0,1057252.0,0,0,0,72,365,103,365,180,210,75,0,0,0,0.9749279121818236,-0.22252093395631434,-1.0,-1.8369701987210297e-16,353090.76244260056,254152.50245278818,3
2023-09-14,2023,9,3,3,0,9760,682879.92,345896.15,0.0,693434.19,921176.95,880276.23,,987706.0,1050672.0,0,0,0,71,365,102,365,179,209,74,0,0,0,0.43388373911755823,-0.900968867902419,-1.0,-1.8369701987210297e-16,375198.5324752467,261345.76156235128,4
2023-09-15,2023,9,3,4,0,12970,914042.36,462128.34,0.0,682879.92,1263959.88,862406.17,,937718.0,1052394.0,0,0,0,70,365,101,365,178,208,73,0,0,0,-0.433883739117558,-0.9009688679024191,-1.0,-1.8369701987210297e-16,355026.3183374618,260230.75514957175,5
2023-09-16,2023,9,3,5,1,15645,1074934.95,543161.41,0.0,914042.36,1421420.84,878502.2,,888220.0,1058941.0,0,0,0,69,365,100,365,177,207,72,0,0,0,-0.9749279121818236,-0.2225209339563146,-1.0,-1.8369701987210297e-16,295514.18027166446,258167.6186725632,6
2023-09-17,2023,9,3,6,1,15806,1066038.09,539448.9,0.0,1074934.95,1464908.6,1190174.64,,831238.0,1054803.0,0,0,0,68,365,99,365,176,206,71,0,0,0,-0.7818314824680299,0.6234898018587334,-1.0,-1.8369701987210297e-16,182707.89348270706,256983.80256186175,7
2023-09-18,2023,9,3,0,0,10126,694234.49,351318.02,0.0,1066038.09,687873.22,1348905.04,,832147.0,1032981.0,0,0,0,67,365,98,365,175,205,70,0,0,0,0.0,1.0,-1.0,-1.8369701987210297e-16,181889.9671781313,258937.3029993818,8
2023-09-19,2023,9,3,1,0,9893,687131.53,348130.67,0.0,694234.49,699466.5,1395747.26,,830385.0,1009361.0,0,0,0,66,365,97,365,174,204,69,0,0,0,0.7818314824680298,0.6234898018587336,-1.0,-1.8369701987210297e-16,183442.72574813932,257017.50693102388,9
2023-09-20,2023,9,3,2,0,9955,690710.65,349729.84,0.0,687131.53,693434.19,904645.87,,829996.0,1002229.0,0,0,0,65,365,96,365,173,203,68,0,0,0,0.9749279121818236,-0.22252093395631434,-1.0,-1.8369701987210297e-16,183784.17696352824,262923.15257559106,10
2023-09-21,2023,9,3,3,0,9796,697639.2,353973.97,0.0,690710.65,682879.92,894212.92,,832104.0,995677.0,0,0,0,64,365,95,365,172,202,67,0,0,0,0.43388373911755823,-0.900968867902419,-1.0,-1.8369701987210297e-16,181889.98702915403,268106.2906442154,11
2023-09-22,2023,9,3,4,0,13504,925509.2,468759.48,0.0,697639.2,914042.36,907580.79,,833743.0,996275.0,0,0,0,63,365,94,365,171,201,66,0,0,0,-0.433883739117558,-0.9009688679024191,-1.0,-1.8369701987210297e-16,182800.27628676227,267923.0703400696,12
2023-09-23,2023,9,3,5,1,15530,1089259.88,550946.58,0.0,925509.2,1074934.95,875542.94,,835789.0,1003398.0,0,0,0,62,365,93,365,170,200,65,0,0,0,-0.9749279121818236,-0.2225209339563146,-1.0,-1.8369701987210297e-16,186002.53685937752,267443.06829747284,13
2023-09-24,2023,9,3,6,1,15321,1049474.61,530884.14,0.0,1089259.88,1066038.09,1184862.49,,833423.0,998885.0,0,0,0,61,365,92,365,169,199,64,0,0,0,-0.7818314824680299,0.6234898018587334,-1.0,-1.8369701987210297e-16,182660.5988701507,265409.9532074673,14
2023-09-25,2023,9,3,0,0,10072,687412.42,347902.27,0.0,1049474.61,694234.49,1381271.27,,832448.0,975757.0,0,0,0,60,365,91,365,168,198,63,0,0,0,0.0,1.0,-1.0,-1.8369701987210297e-16,183543.0753093162,261136.7336769849,15
2023-09-26,2023,9,3,1,0,10149,696617.7,352851.82,0.0,687412.42,687131.53,1352038.41,,833803.0,953909.0,0,0,0,59,365,90,365,167,197,62,0,0,0,0.7818314824680298,0.6234898018587336,-1.0,-1.8369701987210297e-16,182322.28677287526,255935.8117578924,16
2023-09-27,2023,9,3,2,0,10033,687272.78,347721.16,0.0,696617.7,690710.65,881580.61,,833312.0,947433.0,0,0,0,58,365,89,365,166,196,61,0,0,0,0.9749279121818236,-0.22252093395631434,-1.0,-1.8369701987210297e-16,182776.04532168247,260251.61579314433,17
2023-09-28,2023,9,3,3,0,10262,694334.66,350976.49,0.0,687272.78,697639.2,914540.44,,832840.0,940092.0,0,0,0,57,365,88,365,165,195,60,0,0,0,0.43388373911755823,-0.900968867902419,-1.0,-1.8369701987210297e-16,183188.66892108458,264285.40638972854,18
2023-09-29,2023,9,3,4,0,13053,917105.69,464421.4,0.0,694334.66,925509.2,879160.6,,831640.0,941357.0,0,0,0,56,365,87,365,164,194,59,0,0,0,-0.433883739117558,-0.9009688679024191,-1.0,-1.8369701987210297e-16,182506.4249939812,264074.4551224011,19
2023-09-30,2023,9,3,5,1,15415,1071917.15,542603.48,0.0,917105.69,1089259.88,882417.57,,829162.0,947674.0,0,0,0,55,365,86,365,163,193,58,0,0,0,-0.9749279121818236,-0.2225209339563146,-1.0,-1.8369701987210297e-16,178500.09283076678,264881.1857010694,20
2023-10-01,2023,10,4,6,1,16390,1146266.8,578134.06,0.0,1071917.15,1049474.61,1231620.99,,842990.0,944829.0,0,0,0,54,365,85,365,162,192,57,0,0,0,-0.7818314824680299,0.6234898018587334,-0.8660254037844386,0.5000000000000001,200770.63582166255,262170.6190721543,21
2023-10-02,2023,10,4,0,0,11110,756689.57,381118.99,0.0,1146266.8,687412.42,1429360.49,,852886.0,922406.0,0,0,0,53,365,84,365,161,191,56,0,0,0,0.0,1.0,-0.8660254037844386,0.5000000000000001,193395.49626179147,247665.79253742468,22
2023-10-03,2023,10,4,1,0,10619,735336.67,370703.9,0.0,756689.57,696617.7,1460734.67,,858418.0,898226.0,0,0,0,52,365,83,365,160,190,55,0,0,0,0.7818314824680298,0.6234898018587336,-0.8660254037844386,0.5000000000000001,188677.31701148278,227919.34546934487,23
2023-10-04,2023,10,4,2,0,10869,758512.44,381559.8,0.0,735336.67,687272.78,933421.7,,868595.0,892396.0,0,0,0,51,365,82,365,159,189,54,0,0,0,0.9749279121818236,-0.22252093395631434,-0.8660254037844386,0.5000000000000001,179610.8089409329,229221.40528004194,24
2023-10-05,2023,10,4,3,0,10858,745679.97,376207.92,0.0,758512.44,694334.66,951895.19,,875930.0,885522.0,0,0,0,50,365,81,365,158,188,53,0,0,0,0.43388373911755823,-0.900968867902419,-0.8660254037844386,0.5000000000000001,172203.90246465983,230464.23326220326,25
2023-10-06,2023,10,4,4,0,14405,996241.71,502148.92,0.0,745679.97,917105.69,944427.2,,887235.0,887249.0,0,0,0,49,365,80,365,157,187,52,0,0,0,-0.433883739117558,-0.9009688679024191,-0.8660254037844386,0.5000000000000001,177862.29162226705,231114.14061050006,26
2023-10-07,2023,10,4,5,1,16282,1128976.26,569183.87,0.0,996241.71,1071917.15,921176.95,,895386.0,894176.0,0,0,0,48,365,79,365,156,186,51,0,0,0,-0.9749279121818236,-0.2225209339563146,-0.8660254037844386,0.5000000000000001,188713.28083826505,235243.09286988128,27
2023-10-08,2023,10,4,6,1,16424,1168184.49,588687.45,0.0,1128976.26,1146266.8,1263959.88,,898517.0,890984.0,0,0,0,47,365,78,365,155,185,50,0,0,0,-0.7818314824680299,0.6234898018587334,-0.8660254037844386,0.5000000000000001,193685.92238721752,230656.8471050112,28
2023-10-09,2023,10,4,0,0,10538,741815.08,374069.37,0.0,1168184.49,756689.57,1421420.84,,896392.0,868330.0,0,0,0,46,365,77,365,154,184,49,0,0,0,0.0,1.0,-0.8660254037844386,0.5000000000000001,195573.6403407765,209133.42562595417,29
2023-10-10,2023,10,4,1,0,10661,732837.19,369066.81,0.0,741815.08,735336.67,1464908.6,,896035.0,843928.0,0,0,0,45,365,76,365,153,183,48,0,0,0,0.7818314824680298,0.6234898018587336,-0.8660254037844386,0.5000000000000001,195918.67305716168,177429.43525776727,30
2023-10-11,2023,10,4,2,0,10796,728482.01,366677.1,0.0,732837.19,758512.44,687873.22,,891745.0,845281.0,0,0,0,44,365,75,365,152,182,47,0,0,0,0.9749279121818236,-0.22252093395631434,-0.8660254037844386,0.5000000000000001,199723.76533431408,176349.4446553867,31
2023-10-12,2023,10,4,3,0,10487,726558.63,366037.8,0.0,728482.01,745679.97,699466.5,,889014.0,846184.0,0,0,0,43,365,74,365,151,181,46,0,0,0,0.43388373911755823,-0.900968867902419,-0.8660254037844386,0.5000000000000001,202170.2317306476,175644.95184504063,32
2023-10-13,2023,10,4,4,0,14337,991941.88,499367.59,0.0,726558.63,996241.71,693434.19,,888399.0,856135.0,0,0,0,42,365,73,365,150,180,45,0,0,0,-0.433883739117558,-0.9009688679024191,-0.8660254037844386,0.5000000000000001,201796.3238130877,175147.79438584542,33
2023-10-14,2023,10,4,5,1,16560,1136126.22,572605.83,0.0,991941.88,1128976.26,682879.92,,889421.0,871243.0,0,0,0,41,365,72,365,149,179,44,0,0,0,-0.9749279121818236,-0.2225209339563146,-0.8660254037844386,0.5000000000000001,203229.99573770285,179189.37486964912,34
2023-10-15,2023,10,4,6,1,17200,1174157.59,591951.04,0.0,1136126.22,1168184.49,914042.36,,890274.0,879913.0,0,0,0,40,365,71,365,148,178,43,0,0,0,-0.7818314824680299,0.6234898018587334,-0.8660254037844386,0.5000000000000001,204603.41111802866,187435.17147152402,35
2023-10-16,2023,10,4,0,0,10712,745990.51,376194.66,0.0,1174157.59,741815.08,1074934.95,,890871.0,868949.0,0,0,0,39,365,70,365,147,177,42,0,0,0,0.0,1.0,-0.8660254037844386,0.5000000000000001,204103.9434078395,185241.8203051287,36
2023-10-17,2023,10,4,1,0,10731,752182.98,378916.31,0.0,745990.51,732837.19,1066038.09,,893634.0,858487.0,0,0,0,38,365,69,365,146,176,41,0,0,0,0.7818314824680298,0.6234898018587336,-0.8660254037844386,0.5000000000000001,201724.54438195936,182570.51621558133,37
2023-10-18,2023,10,4,2,0,10907,744990.22,375451.64,0.0,752182.98,728482.01,694234.49,,895993.0,860179.0,0,0,0,37,365,68,365,145,175,40,0,0,0,0.9749279121818236,-0.22252093395631434,-0.8660254037844386,0.5000000000000001,199556.84412094046,181226.14971509037,38
2023-10-19,2023,10,4,3,0,10725,744443.34,374940.16,0.0,744990.22,726558.63,687131.53,,898548.0,862089.0,0,0,0,36,365,67,365,144,174,39,0,0,0,0.43388373911755823,-0.900968867902419,-0.8660254037844386,0.5000000000000001,197125.68681140832,179634.1574878755,39
2023-10-20,2023,10,4,4,0,14488,1001505.54,505191.9,0.0,744443.34,991941.88,690710.65,,899914.0,872449.0,0,0,0,35,365,66,365,143,173,38,0,0,0,-0.433883739117558,-0.9009688679024191,-0.8660254037844386,0.5000000000000001,197912.4382595185,178367.2294790871,40
2023-10-21,2023,10,4,5,1,17067,1156268.23,583254.62,0.0,1001505.54,1136126.22,697639.2,,902791.0,887736.0,0,0,0,34,365,65,365,142,172,37,0,0,0,-0.9749279121818236,-0.2225209339563146,-0.8660254037844386,0.5000000000000001,202022.82447472468,182474.84067707296,41
2023-10-22,2023,10,4,6,1,16989,1156807.56,583128.72,0.0,1156268.23,1174157.59,925509.2,,900313.0,895446.0,0,0,0,33,365,64,365,141,171,36,0,0,0,-0.7818314824680299,0.6234898018587334,-0.8660254037844386,0.5000000000000001,198209.03101904877,188899.18611019466,42
2023-10-23,2023,10,4,0,0,10837,738261.55,372506.12,0.0,1156807.56,745990.51,1089259.88,,899208.0,883746.0,0,0,0,32,365,63,365,140,170,35,0,0,0,0.0,1.0,-0.8660254037844386,0.5000000000000001,199230.8634787264,187344.49846515837,43
2023-10-24,2023,10,4,1,0,10829,759185.69,382906.43,0.0,738261.55,752182.98,1049474.61,,900209.0,874070.0,0,0,0,31,365,62,365,139,169,34,0,0,0,0.7818314824680298,0.6234898018587336,-0.8660254037844386,0.5000000000000001,198385.35744980103,185981.22545116273,44
2023-10-25,2023,10,4,2,0,10615,739187.41,372164.05,0.0,759185.69,744990.22,687412.42,,899380.0,875796.0,0,0,0,30,365,61,365,138,168,33,0,0,0,0.9749279121818236,-0.22252093395631434,-0.8660254037844386,0.5000000000000001,199152.69320714433,184423.08625621858,45
2023-10-26,2023,10,4,3,0,10680,736094.81,369880.4,0.0,739187.41,744443.34,696617.7,,898187.0,877112.0,0,0,0,29,365,60,365,137,167,32,0,0,0,0.43388373911755823,-0.900968867902419,-0.8660254037844386,0.5000000000000001,200257.12532428672,183237.54935671668,46
2023-10-27,2023,10,4,4,0,14484,972838.23,490236.18,0.0,736094.81,1001505.54,687272.78,,894092.0,886631.0,0,0,0,28,365,59,365,136,166,31,0,0,0,-0.433883739117558,-0.9009688679024191,-0.8660254037844386,0.5000000000000001,198073.30101853827,180431.51485352975,47
2023-10-28,2023,10,4,5,1,16555,1155247.11,582612.22,0.0,972838.23,1156268.23,694334.66,,893946.0,901994.0,0,0,0,27,365,58,365,135,165,30,0,0,0,-0.9749279121818236,-0.2225209339563146,-0.8660254037844386,0.5000000000000001,197848.2845741159,183096.55537572774,48
2023-10-29,2023,10,4,6,1,16844,1173599.23,590986.53,0.0,1155247.11,1156807.56,917105.69,,896345.0,910544.0,0,0,0,26,365,57,365,134,164,29,0,0,0,-0.7818314824680299,0.6234898018587334,-0.8660254037844386,0.5000000000000001,201632.13608957344,189696.12434182398,49
2023-10-30,2023,10,4,0,0,11109,761553.01,383555.35,0.0,1173599.23,738261.55,1071917.15,,899672.0,900199.0,0,0,0,25,365,56,365,133,163,28,0,0,0,0.0,1.0,-0.8660254037844386,0.5000000000000001,198760.375331235,189053.92881032536,50
2023-10-31,2023,10,4,1,0,10683,742987.23,374493.91,0.0,761553.01,759185.69,1146266.8,,897358.0,886756.0,0,0,0,24,365,55,365,132,162,27,0,0,0,0.7818314824680298,0.6234898018587336,-0.8660254037844386,0.5000000000000001,200752.89838439974,185253.3276142666,51
2023-11-01,2023,11,4,2,0,12209,1013238.11,510441.85,0.0,742987.23,739187.41,756689.57,,936508.0,895308.0,0,1,0,23,365,54,365,131,161,26,0,0,0,0.9749279121818236,-0.22252093395631434,-0.5000000000000004,0.8660254037844384,191263.9662228666,184963.3299009645,52
2023-11-02,2023,11,4,3,0,12791,1044301.92,526915.68,0.0,1013238.11,736094.81,735336.67,,980538.0,905607.0,0,1,0,22,365,53,365,130,160,25,0,0,0,0.43388373911755823,-0.900968867902419,-0.5000000000000004,0.8660254037844384,171937.5501767222,184349.56803978485,53
2023-11-03,2023,11,4,4,0,17196,1375407.7,692423.74,0.0,1044301.92,972838.23,758512.44,,1038048.0,926170.0,0,1,0,21,365,52,365,129,159,24,0,0,0,-0.433883739117558,-0.9009688679024191,-0.5000000000000004,0.8660254037844384,227334.6703901024,201027.46991928955,54
2023-11-04,2023,11,4,5,1,19674,1635576.9,826873.51,0.0,1375407.7,1155247.11,745679.97,,1106666.0,955833.0,0,1,0,20,365,51,365,128,158,23,0,0,0,-0.9749279121818236,-0.2225209339563146,-0.5000000000000004,0.8660254037844384,321567.041080305,236076.70118680774,55
2023-11-05,2023,11,4,6,1,19837,1601447.81,808996.86,0.0,1635576.9,1173599.23,996241.71,,1167788.0,976006.0,0,1,0,19,365,50,365,127,157,22,0,0,0,-0.7818314824680299,0.6234898018587334,-0.5000000000000004,0.8660254037844384,372963.4180775721,263871.08889134956,56
2023-11-06,2023,11,4,0,0,12701,1041217.74,525568.07,0.0,1601447.81,761553.01,1128976.26,,1207740.0,973081.0,0,1,0,18,365,49,365,126,156,21,0,0,0,0.0,1.0,-0.5000000000000004,0.8660254037844384,335268.6737987856,262600.1701489608,57
2023-11-07,2023,11,4,1,0,12392,1016080.43,511457.95,0.0,1041217.74,742987.23,1168184.49,,1246753.0,968011.0,0,1,0,17,365,48,365,125,155,20,0,0,0,0.7818314824680298,0.6234898018587336,-0.5000000000000004,0.8660254037844384,284169.7516693053,260160.36715690338,58
2023-11-08,2023,11,4,2,0,12764,1047190.91,528195.12,0.0,1016080.43,1013238.11,741815.08,,1251603.0,978190.0,0,1,0,16,365,47,365,124,154,19,0,0,0,0.9749279121818236,-0.22252093395631434,-0.5000000000000004,0.8660254037844384,279775.454492353,256959.37077713915,59
2023-11-09,2023,11,4,3,0,12646,1072606.64,541259.12,0.0,1047190.91,1044301.92,732837.19,,1255647.0,989516.0,0,1,0,15,365,46,365,123,153,18,0,0,0,0.43388373911755823,-0.900968867902419,-0.5000000000000004,0.8660254037844384,276464.9821791122,253233.13816730143,60
2023-11-10,2023,11,4,4,0,16897,1391603.5,702421.44,0.0,1072606.64,1375407.7,728482.01,,1257961.0,1011620.0,0,1,0,14,365,45,365,122,152,17,0,0,0,-0.433883739117558,-0.9009688679024191,-0.5000000000000004,0.8660254037844384,277699.29626914277,258547.78225242873,61
2023-11-11,2023,11,4,5,1,19513,1627350.04,822089.77,0.0,1391603.5,1635576.9,726558.63,,1256785.0,1041646.0,0,1,0,13,365,44,365,121,151,16,0,0,0,-0.9749279121818236,-0.2225209339563146,-0.5000000000000004,0.8660254037844384,275846.0361224925,276017.1027814799,62
2023-11-12,2023,11,4,6,1,19461,1637281.7,827018.72,0.0,1627350.04,1601447.81,991941.88,,1261904.0,1063158.0,0,1,0,12,365,43,365,120,150,15,0,0,0,-0.7818314824680299,0.6234898018587334,-0.5000000000000004,0.8660254037844384,283533.6665925886,296404.11773638095,63
2023-11-13,2023,11,4,0,0,12602,1025206.97,517157.41,0.0,1637281.7,1041217.74,1136126.22,,1259617.0,1059460.0,0,1,0,11,365,42,365,119,149,14,0,0,0,0.0,1.0,-0.5000000000000004,0.8660254037844384,285667.1991635738,296154.2218938335,64
2023-11-14,2023,11,4,1,0,12624,1036708.84,522157.18,0.0,1025206.97,1016080.43,1174157.59,,1262564.0,1054879.0,0,1,0,10,365,41,365,118,148,13,0,0,0,0.7818314824680298,0.6234898018587336,-0.5000000000000004,0.8660254037844384,282828.4762112122,295380.8066946053,65
2023-11-15,2023,11,4,2,0,12441,1024731.34,517825.05,0.0,1036708.84,1047190.91,745990.51,,1259356.0,1064170.0,0,1,0,9,365,40,365,117,147,12,0,0,0,0.9749279121818236,-0.22252093395631434,-0.5000000000000004,0.8660254037844384,285790.8413792437,289658.05403056875,66
2023-11-16,2023,11,4,3,0,12847,1052325.68,531899.01,0.0,1024731.34,1072606.64,752182.98,,1256458.0,1074175.0,0,1,0,8,365,39,365,116,146,11,0,0,0,0.43388373911755823,-0.900968867902419,-0.5000000000000004,0.8660254037844384,288093.12244677555,283631.2162700444,67
2023-11-17,2023,11,4,4,0,16713,1384911.7,698361.31,0.0,1052325.68,1391603.5,744990.22,,1255502.0,1095506.0,0,1,0,7,365,38,365,115,145,10,1,0,0,-0.433883739117558,-0.9009688679024191,-0.5000000000000004,0.8660254037844384,287580.5791044639,282079.6065861539,68
2023-11-18,2023,11,4,5,1,19857,1626392.57,823441.65,0.0,1384911.7,1627350.04,744443.34,,1255366.0,1124904.0,0,1,0,6,365,37,365,114,144,9,1,0,0,-0.9749279121818236,-0.2225209339563146,-0.5000000000000004,0.8660254037844384,287374.3947618129,290075.30206957576,69
2023-11-19,2023,11,4,6,1,19861,1653910.61,835000.89,0.0,1626392.57,1637281.7,1001505.54,,1257741.0,1146651.0,0,1,0,5,365,36,365,113,143,8,1,0,0,-0.7818314824680299,0.6234898018587334,-0.5000000000000004,0.8660254037844384,291102.2080231622,304596.96279222326,70
2023-11-20,2023,11,4,0,0,12889,1046417.54,527961.05,0.0,1653910.61,1025206.97,1156268.23,,1260771.0,1142989.0,0,1,0,4,365,35,365,112,142,7,1,0,0,0.0,1.0,-0.5000000000000004,0.8660254037844384,288375.9781596273,305137.16159006336,71
2023-11-21,2023,11,4,1,0,12684,1049396.64,529668.94,0.0,1046417.54,1036708.84,1156807.56,,1262584.0,1139409.0,0,1,0,3,365,34,365,111,141,6,1,0,0,0.7818314824680298,0.6234898018587336,-0.5000000000000004,0.8660254037844384,286768.34302775434,305599.2386144291,72
2023-11-22,2023,11,4,2,0,12720,1056573.44,532843.16,0.0,1049396.64,1024731.34,738261.55,,1267133.0,1150019.0,0,1,0,2,365,33,365,110,140,5,1,0,0,0.9749279121818236,-0.22252093395631434,-0.5000000000000004,0.8660254037844384,282588.6675566011,296584.06985165784,73
2023-11-23,2023,11,4,3,0,12369,1032212.74,520965.34,0.0,1056573.44,1052325.68,759185.69,,1264259.0,1159120.0,0,1,0,1,365,32,365,109,139,4,1,0,0,0.43388373911755823,-0.900968867902419,-0.5000000000000004,0.8660254037844384,285226.71326663275,288249.4145202085,74
2023-11-24,2023,11,4,4,0,33830,3845702.54,1943283.75,15554.0,1032212.74,1384911.7,739187.41,,1615801.0,1262670.0,1,1,0,0,0,31,365,108,138,3,1,0,0,-0.433883739117558,-0.9009688679024191,-0.5000000000000004,0.8660254037844384,1022443.7675202187,561071.8034593188,0
2023-11-25,2023,11,4,5,1,39659,4457216.55,2252351.81,15554.0,3845702.54,1626392.57,736094.81,,2020204.0,1386708.0,1,1,0,365,1,30,365,107,137,2,1,0,0,-0.9749279121818236,-0.2225209339563146,-0.5000000000000004,0.8660254037844384,1483300.5720278302,800765.3689062307,0
2023-11-26,2023,11,4,6,1,38626,4326387.63,2183828.77,15554.0,4457216.55,1653910.61,972838.23,,2401987.0,1498493.0,1,1,0,365,2,29,365,106,136,1,1,0,0,-0.7818314824680299,0.6234898018587334,-0.5000000000000004,0.8660254037844384,1701229.4212330983,959365.5020320032,0
2023-11-27,2023,11,4,0,0,29105,4636323.71,2362993.13,31110.0,4326387.63,1046417.54,1155247.11,,2914830.0,1614529.0,1,1,0,365,3,28,365,105,135,0,1,0,0,0.0,1.0,-0.5000000000000004,0.8660254037844384,1764403.690710645,1114409.0448134914,0
2023-11-28,2023,11,4,1,0,14121,1658327.0,844016.41,20000.0,4636323.71,1049396.64,1173599.23,,3001821.0,1630686.0,1,1,0,365,4,27,365,104,134,365,0,0,0,0.7818314824680298,0.6234898018587336,-0.5000000000000004,0.8660254037844384,1669566.2621571324,1111305.313640038,0
2023-11-29,2023,11,4,2,0,12669,1028244.01,518046.92,0.0,1658327.0,1056573.44,761553.01,,2997773.0,1639576.0,0,1,0,365,5,26,365,103,133,365,0,0,0,0.9749279121818236,-0.22252093395631434,-0.5000000000000004,0.8660254037844384,1675092.6546407822,1105162.7861859011,1
2023-11-30,2023,11,4,3,0,12434,1035637.27,522150.92,0.0,1028244.01,1032212.74,742987.23,,2998263.0,1649331.0,0,1,0,365,6,25,365,102,132,365,0,0,0,0.43388373911755823,-0.900968867902419,-0.5000000000000004,0.8660254037844384,1674423.29467916,1098245.8505298884,2
2023-12-01,2023,12,4,4,0,18412,1448445.58,727621.19,0.0,1035637.27,3845702.54,1013238.11,,2655797.0,1663838.0,0,1,1,364,7,24,365,101,131,365,0,0,0,-0.433883739117558,-0.9009688679024191,-2.4492935982947064e-16,1.0,1716826.6091559737,1092412.7324405743,3
2023-12-02,2023,12,4,5,1,21288,1706132.17,856763.9,0.0,1448445.58,4457216.55,1044301.92,,2262785.0,1685899.0,0,1,1,363,8,23,365,100,130,365,0,0,0,-0.9749279121818236,-0.2225209339563146,-2.4492935982947064e-16,1.0,1541671.4613000327,1086134.637386186,4
2023-12-03,2023,12,4,6,1,21113,1732637.41,870229.11,0.0,1706132.17,4326387.63,1375407.7,,1892250.0,1697807.0,0,1,1,362,9,22,365,99,129,365,0,0,0,-0.7818314824680299,0.6234898018587334,-2.4492935982947064e-16,1.0,1246463.7048156746,1084570.3261425465,5
2023-12-04,2023,12,4,0,0,13886,1097829.85,551838.07,0.0,1732637.41,4636323.71,1635576.9,,1386750.0,1679882.0,0,1,1,361,10,21,365,98,128,364,0,0,0,0.0,1.0,-2.4492935982947064e-16,1.0,325188.41449724074,1090064.0833127229,6
2023-12-05,2023,12,4,1,0,13634,1089527.36,548184.97,0.0,1097829.85,1658327.0,1601447.81,,1305493.0,1662818.0,0,1,1,360,11,20,365,97,127,363,0,0,0,0.7818314824680298,0.6234898018587336,-2.4492935982947064e-16,1.0,316978.9137725589,1095328.36211144,7
2023-12-06,2023,12,4,2,0,13627,1081140.26,542782.95,0.0,1089527.36,1028244.01,1041217.74,,1313050.0,1664148.0,0,1,1,359,12,19,365,96,126,362,0,0,0,0.9749279121818236,-0.22252093395631434,-2.4492935982947064e-16,1.0,309817.4688203462,1094571.1081626469,8
2023-12-07,2023,12,4,3,0,13876,1108644.97,557343.94,0.0,1081140.26,1035637.27,1016080.43,,1323480.0,1667234.0,0,1,1,358,13,18,365,95,125,361,0,0,0,0.43388373911755823,-0.900968867902419,-2.4492935982947064e-16,1.0,299995.3702986942,1092810.3247504295,9
2023-12-08,2023,12,4,4,0,18266,1477272.16,743599.4,0.0,1108644.97,1448445.58,1047190.91,,1327598.0,1681570.0,0,1,1,357,14,17,365,94,124,360,0,0,0,-0.433883739117558,-0.9009688679024191,-2.4492935982947064e-16,1.0,302186.5524855198,1087202.424703825,10
2023-12-09,2023,12,4,5,1,20873,1715565.62,863536.65,0.0,1477272.16,1706132.17,1072606.64,,1328945.0,1703002.0,0,1,1,356,15,16,365,93,123,359,0,0,0,-0.9749279121818236,-0.2225209339563146,-2.4492935982947064e-16,1.0,304170.545193713,1081104.221223285,11
2023-12-10,2023,12,4,6,1,36318,3600566.39,1807725.87,2400.0,1715565.62,1732637.41,1391603.5,,1595792.0,1776634.0,1,1,1,355,16,15,365,92,122,358,0,0,0,-0.7818314824680299,0.6234898018587334,-2.4492935982947064e-16,1.0,917783.7307149438,1133136.2516640883,0
2023-12-11,2023,12,4,0,0,23964,2367261.81,1189070.26,2400.0,3600566.39,1097829.85,1627350.04,,1777140.0,1801298.0,1,1,1,354,17,14,365,91,121,357,0,1,0,0.0,1.0,-2.4492935982947064e-16,1.0,928345.4872358511,1137817.6584757695,0
2023-12-12,2023,12,4,1,0,22927,2267572.17,1137044.23,2400.0,2367261.81,1089527.36,1637281.7,,1945432.0,1822307.0,1,1,1,353,18,13,365,90,120,356,0,1,0,0.7818314824680298,0.6234898018587336,-2.4492935982947064e-16,1.0,888857.8308278999,1140500.6474814715,0
2023-12-13,2023,12,4,2,0,23668,2328896.72,1165583.07,2400.0,2267572.17,1081140.26,1025206.97,,2123683.0,1865764.0,1,1,1,352,19,12,365,89,119,355,0,1,0,0.9749279121818236,-0.22252093395631434,-2.4492935982947064e-16,1.0,808088.3739554841,1133899.5897946386,0
2023-12-14,2023,12,4,3,0,23822,2311624.19,1157703.65,2400.0,2328896.72,1108644.97,1036708.84,,2295537.0,1908261.0,1,1,1,351,20,11,365,88,118,354,0,1,0,0.43388373911755823,-0.900968867902419,-2.4492935982947064e-16,1.0,672845.2035263088,1125617.061640488,0
2023-12-15,2023,12,4,4,0,31114,3114212.08,1562031.58,2400.0,2311624.19,1477272.16,1024731.34,,2529386.0,1977910.0,1,1,1,350,21,10,365,87,117,353,0,1,0,-0.433883739117558,-0.9009688679024191,-2.4492935982947064e-16,1.0,623725.2967082275,1133678.2064791224,0
2023-12-16,2023,12,4,5,1,36662,3684857.57,1848326.4,2400.0,3114212.08,1715565.62,1052325.68,,2810713.0,2065661.0,1,1,1,349,22,9,365,86,116,352,0,1,0,-0.9749279121818236,-0.2225209339563146,-2.4492935982947064e-16,1.0,639400.2770280916,1161115.9425926723,0
2023-12-17,2023,12,4,6,1,36873,3655387.72,1833972.97,2400.0,3684857.57,3600566.39,1384911.7,,2818545.0,2141344.0,1,1,1,348,23,8,365,85,115,351,0,1,0,-0.7818314824680299,0.6234898018587334,-2.4492935982947064e-16,1.0,650919.0876297499,1188877.9299216561,0
2023-12-18,2023,12,4,0,0,23539,2310328.06,1158680.26,2400.0,3655387.72,2367261.81,1626392.57,,2810411.0,2164142.0,1,1,1,347,24,7,365,84,114,350,0,1,0,0.0,1.0,-2.4492935982947064e-16,1.0,657816.9430325697,1185214.6580464623,0
2023-12-19,2023,12,4,1,0,23141,2309554.77,1160565.6,2400.0,2310328.06,2267572.17,1653910.61,,2816409.0,2185997.0,1,1,1,346,25,6,365,83,113,349,0,1,0,0.7818314824680298,0.6234898018587336,-2.4492935982947064e-16,1.0,652210.3369392667,1181520.9363852066,0
2023-12-20,2023,12,4,2,0,23444,2343687.12,1173949.21,2400.0,2309554.77,2328896.72,1046417.54,,2818522.0,2229239.0,1,1,1,345,26,5,365,82,112,348,0,1,0,0.9749279121818236,-0.22252093395631434,-2.4492935982947064e-16,1.0,650389.1721477087,1161952.7124046548,0
2023-12-21,2023,12,4,3,0,23548,2344651.41,1177088.64,2400.0,2343687.12,2311624.19,1049396.64,,2823240.0,2272414.0,1,1,1,344,27,4,365,81,111,347,0,1,0,0.43388373911755823,-0.900968867902419,-2.4492935982947064e-16,1.0,646205.4102066951,1140466.6113583967,0
2023-12-22,2023,12,4,4,0,30872,3097567.42,1556306.87,2400.0,2344651.41,3114212.08,1056573.44,,2820862.0,2340447.0,1,1,1,343,28,3,365,80,110,346,0,1,0,-0.433883739117558,-0.9009688679024191,-2.4492935982947064e-16,1.0,644985.7609864859,1126223.6763192697,0
2023-12-23,2023,12,4,5,1,36988,3666959.78,1841305.8,2400.0,3097567.42,3684857.57,1032212.74,,2818305.0,2428272.0,1,1,1,342,29,2,365,79,109,345,0,1,0,-0.9749279121818236,-0.2225209339563146,-2.4492935982947064e-16,1.0,641013.1483825543,1123414.9820253542,0
2023-12-24,2023,12,4,6,1,36229,3663118.22,1835674.09,2400.0,3666959.78,3655387.72,3845702.54,,2819410.0,2422186.0,1,1,1,341,30,1,365,78,108,344,0,1,0,-0.7818314824680299,0.6234898018587334,-2.4492935982947064e-16,1.0,642700.0978813278,1115940.9214682637,0
2023-12-25,2023,12,4,0,0,23781,2341923.16,1174774.78,2400.0,3663118.22,2310328.06,4457216.55,,2823923.0,2351676.0,1,1,1,340,31,0,0,77,107,343,0,1,0,0.0,1.0,-2.4492935982947064e-16,1.0,638627.0661236915,1047663.1393549485,0
2023-12-26,2023,12,4,1,0,13915,1113748.72,559681.43,0.0,2341923.16,2309554.77,4326387.63,,2653094.0,2244588.0,0,1,1,339,32,365,1,76,106,342,0,0,0,0.7818314824680298,0.6234898018587336,-2.4492935982947064e-16,1.0,903964.4164612977,1002054.5668303843,1
2023-12-27,2023,12,4,2,0,13419,1100909.34,553952.22,0.0,1113748.72,2343687.12,4636323.71,,2475554.0,2126741.0,0,1,1,338,33,364,2,75,105,341,0,0,0,0.9749279121818236,-0.22252093395631434,-2.4492935982947064e-16,1.0,1079800.2481378939,915202.0894958456,2
2023-12-28,2023,12,4,3,0,13351,1087981.04,547446.92,0.0,1100909.34,2344651.41,1658327.0,,2296030.0,2107729.0,0,1,1,337,34,363,3,74,104,340,0,0,0,0.43388373911755823,-0.900968867902419,-2.4492935982947064e-16,1.0,1202665.9128440632,931054.6210565149,3
2023-12-29,2023,12,4,4,0,18088,1464228.38,737174.46,0.0,1087981.04,3097567.42,1028244.01,,2062696.0,2122262.0,0,1,1,336,35,362,4,73,103,339,0,0,0,-0.433883739117558,-0.9009688679024191,-2.4492935982947064e-16,1.0,1179459.5252331544,916919.2650977385,4
2023-12-30,2023,12,4,5,1,21178,1722042.19,866294.43,0.0,1464228.38,3666959.78,1035637.27,,1784850.0,2145142.0,0,1,1,335,36,361,5,72,102,338,0,0,0,-0.9749279121818236,-0.2225209339563146,-2.4492935982947064e-16,1.0,944170.1080748985,897221.849296823,5
2023-12-31,2023,12,4,6,1,20977,1707128.69,858411.85,0.0,1722042.19,3663118.22,1448445.58,,1505423.0,2153765.0,0,1,1,334,37,360,6,71,101,337,0,0,0,-0.7818314824680299,0.6234898018587334,-2.4492935982947064e-16,1.0,461940.90638672543,891520.2691070645,6
2024-01-01,2024,1,1,0,0,11181,740475.8,373140.76,892.5,1707128.69,2341923.16,1706132.17,1133417.94,1276645.0,2121577.0,1,0,0,333,38,359,7,70,100,336,0,0,0,0.0,1.0,0.49999999999999994,0.8660254037844387,365005.0478493522,925041.8795618705,0
2024-01-02,2024,1,1,1,0,11040,744848.14,374755.85,892.5,740475.8,1113748.72,1732637.41,698894.69,1223945.0,2088650.0,1,0,0,332,39,358,8,69,99,335,0,0,0,0.7818314824680298,0.6234898018587336,0.49999999999999994,0.8660254037844387,415572.62348332506,956411.3122972056,0
2024-01-03,2024,1,1,2,0,11266,748970.33,378497.89,892.5,744848.14,1100909.34,1097829.85,713164.86,1173668.0,2077022.0,1,0,0,331,40,357,9,68,98,334,0,0,0,0.9749279121818236,-0.22252093395631434,0.49999999999999994,0.8660254037844387,452580.0509205765,970885.0546666331,0
2024-01-04,2024,1,1,3,0,10940,733370.36,369672.68,892.5,748970.33,1087981.04,1089527.36,700771.7,1123009.0,2065150.0,1,0,0,330,41,356,10,67,97,333,0,0,0,0.43388373911755823,-0.900968867902419,0.49999999999999994,0.8660254037844387,482619.1945743139,985444.7883823519,0
2024-01-05,2024,1,1,4,0,14248,971750.01,490079.2,892.5,733370.36,1464228.38,1081140.26,720935.33,1052655.0,2061503.0,1,0,0,329,42,355,11,66,96,332,0,0,0,-0.433883739117558,-0.9009688679024191,0.49999999999999994,0.8660254037844387,459950.83334233065,989405.7943966693,0
2024-01-06,2024,1,1,5,1,17189,1139869.6,575729.82,892.5,971750.01,1722042.19,1108644.97,941099.22,969488.0,2062544.0,1,0,0,328,43,354,12,65,95,331,0,0,0,-0.9749279121818236,-0.2225209339563146,0.49999999999999994,0.8660254037844387,360656.3532878175,988384.7520269891,0
2024-01-07,2024,1,1,6,1,17131,1162519.6,586136.99,892.5,1139869.6,1707128.69,1477272.16,1083316.15,891686.0,2052053.0,1,0,0,327,44,353,13,64,94,330,0,0,0,-0.7818314824680299,0.6234898018587334,0.49999999999999994,0.8660254037844387,196304.8946326049,996449.330847797,0
2024-01-08,2024,1,1,0,0,11024,750617.6,377869.22,892.5,1162519.6,740475.8,1715565.62,1100131.59,893135.0,2019888.0,1,0,0,326,45,352,14,63,93,329,0,0,0,0.0,1.0,0.49999999999999994,0.8660254037844387,195036.21021643386,1022908.2740978581,0
2024-01-09,2024,1,1,1,0,10882,732942.85,368841.77,892.5,750617.6,744848.14,3600566.39,711756.15,891434.0,1924300.0,1,0,0,325,46,351,15,62,92,328,0,0,0,0.7818314824680298,0.6234898018587336,0.49999999999999994,0.8660254037844387,196590.53301785514,1003914.2596426342,0
2024-01-10,2024,1,1,2,0,10919,729618.63,367694.49,892.5,732942.85,748970.33,2367261.81,703350.47,888670.0,1869712.0,1,0,0,324,47,350,16,61,91,327,0,0,0,0.9749279121818236,-0.22252093395631434,0.49999999999999994,0.8660254037844387,199048.51058538593,1023333.3713967333,0
2024-01-11,2024,1,1,3,0,11192,752238.17,379739.69,892.5,729618.63,733370.36,2267572.17,711812.89,891365.0,1819201.0,1,0,0,323,48,349,17,60,90,326,0,0,0,0.43388373911755823,-0.900968867902419,0.49999999999999994,0.8660254037844387,196709.03826300494,1040275.7999396622,0
2024-01-12,2024,1,1,4,0,14831,995414.59,502203.95,892.5,752238.17,971750.01,2328896.72,703804.62,894746.0,1774752.0,1,0,0,322,49,348,18,59,89,325,0,0,0,-0.433883739117558,-0.9009688679024191,0.49999999999999994,0.8660254037844387,198515.83904787837,1046218.1497162565,0
2024-01-13,2024,1,1,5,1,17258,1159500.56,585843.56,892.5,995414.59,1139869.6,2311624.19,951520.2,897550.0,1736347.0,1,0,0,321,50,347,19,58,88,324,0,0,0,-0.9749279121818236,-0.2225209339563146,0.49999999999999994,0.8660254037844387,202651.4165394577,1046976.8509636906,0
2024-01-14,2024,1,1,6,1,17052,1146677.09,578673.63,892.5,1159500.56,1162519.6,3114212.08,1102734.76,895287.0,1670763.0,1,0,0,320,51,346,20,57,87,323,0,0,0,-0.7818314824680299,0.6234898018587334,0.49999999999999994,0.8660254037844387,199259.10762776437,1018938.1805139704,0
2024-01-15,2024,1,1,0,0,10936,756562.45,381145.88,892.5,1146677.09,750617.6,3684857.57,1104377.4,896136.0,1573153.0,1,0,0,319,52,345,21,56,86,322,0,0,0,0.0,1.0,0.49999999999999994,0.8660254037844387,198551.15534413818,957766.2617576865,0
2024-01-16,2024,1,1,1,0,9766,626137.82,316619.95,0.0,756562.45,732942.85,3655387.72,629898.73,880878.0,1472178.0,0,0,0,318,53,344,22,55,85,321,0,0,0,0.7818314824680298,0.6234898018587336,0.49999999999999994,0.8660254037844387,216476.64838904273,887799.0674271196,1
2024-01-17,2024,1,1,2,0,9609,633914.69,320420.38,0.0,626137.82,729618.63,2310328.06,647896.38,867206.0,1416298.0,0,0,0,317,54,343,23,54,84,320,0,0,0,0.9749279121818236,-0.22252093395631434,0.49999999999999994,0.8660254037844387,230208.58017643527,885981.6235257055,2
2024-01-18,2024,1,1,3,0,9646,622388.25,313494.25,0.0,633914.69,752238.17,2309554.77,644189.66,848656.0,1360059.0,0,0,0,316,55,342,24,53,83,319,0,0,0,0.43388373911755823,-0.900968867902419,0.49999999999999994,0.8660254037844387,245725.28074938245,880858.4970161185,3
2024-01-19,2024,1,1,4,0,13370,859027.6,434402.26,0.0,622388.25,995414.59,2343687.12,663343.75,829173.0,1310570.0,0,0,0,315,56,341,25,52,82,318,0,0,0,-0.433883739117558,-0.9009688679024191,0.49999999999999994,0.8660254037844387,237415.8650792906,865258.037242264,4
2024-01-20,2024,1,1,5,1,15448,1000474.51,506875.81,0.0,859027.6,1159500.56,2344651.41,867312.6,806455.0,1265764.0,0,0,0,314,57,340,26,51,81,317,0,0,0,-0.9749279121818236,-0.2225209339563146,0.49999999999999994,0.8660254037844387,206079.59547770905,844415.3390858102,5
2024-01-21,2024,1,1,6,1,15097,974651.46,492391.8,0.0,1000474.51,1146677.09,3097567.42,976054.32,781880.0,1195000.0,0,0,0,313,58,339,27,50,80,316,0,0,0,-0.7818314824680299,0.6234898018587334,0.49999999999999994,0.8660254037844387,164885.87165449603,771409.334406454,6
2024-01-22,2024,1,1,0,0,9517,624066.49,315101.26,0.0,974651.46,756562.45,3666959.78,1008928.76,762952.0,1093571.0,0,0,0,312,59,338,28,49,79,315,0,0,0,0.0,1.0,0.49999999999999994,0.8660254037844387,175537.37729139614,620451.4585948739,7
2024-01-23,2024,1,1,1,0,10015,643187.65,325333.05,0.0,624066.49,626137.82,3663118.22,645105.0,765387.0,992906.0,0,0,0,311,60,337,29,48,78,314,0,0,0,0.7818314824680298,0.6234898018587336,0.49999999999999994,0.8660254037844387,173428.22340018052,392169.49637745146,8
2024-01-24,2024,1,1,2,0,9606,635972.5,321949.71,0.0,643187.65,633914.69,2341923.16,654856.93,765681.0,936041.0,0,0,0,310,61,336,30,47,77,313,0,0,0,0.9749279121818236,-0.22252093395631434,0.49999999999999994,0.8660254037844387,173169.77730615303,303465.98188251705,9
2024-01-25,2024,1,1,3,0,9740,642023.48,324307.69,0.0,635972.5,622388.25,1113748.72,647477.72,768486.0,920317.0,0,0,0,309,62,335,31,46,76,312,0,0,0,0.43388373911755823,-0.900968867902419,0.49999999999999994,0.8660254037844387,170601.83421618512,306149.9182894046,10
2024-01-26,2024,1,1,4,0,13268,841720.39,425329.97,0.0,642023.48,859027.6,1100909.34,646707.34,766014.0,911677.0,0,0,0,308,63,334,32,45,75,311,0,0,0,-0.433883739117558,-0.9009688679024191,0.49999999999999994,0.8660254037844387,169190.53685754724,304530.726388137,11
2024-01-27,2024,1,1,5,1,15703,999015.67,504848.0,0.0,841720.39,1000474.51,1087981.04,849624.92,765805.0,908712.0,0,0,0,307,64,333,33,44,74,310,0,0,0,-0.9749279121818236,-0.2225209339563146,0.49999999999999994,0.8660254037844387,168854.16260886862,303184.8816710043,12
2024-01-28,2024,1,1,6,1,15552,1013707.41,513180.0,0.0,999015.67,974651.46,1464228.38,1002923.42,771385.0,893694.0,0,0,0,306,65,332,34,43,73,309,0,0,0,-0.7818314824680299,0.6234898018587334,0.49999999999999994,0.8660254037844387,177337.33924719185,285353.43587553274,13
2024-01-29,2024,1,1,0,0,9899,634597.73,320750.98,0.0,1013707.41,624066.49,1722042.19,1005928.14,772889.0,857446.0,0,0,0,305,66,331,35,42,72,308,0,0,0,0.0,1.0,0.49999999999999994,0.8660254037844387,175918.2412259741,242325.2501827617,14
2024-01-30,2024,1,1,1,0,9775,635042.58,320540.8,0.0,634597.73,643187.65,1707128.69,622316.66,771726.0,821710.0,0,0,0,304,67,330,36,41,71,307,0,0,0,0.7818314824680298,0.6234898018587336,0.49999999999999994,0.8660254037844387,176943.06414670777,184961.8155071804,15
2024-01-31,2024,1,1,2,0,9827,629401.11,318226.15,0.0,635042.58,635972.5,740475.8,638586.83,770787.0,818008.0,0,0,0,303,68,329,37,40,70,306,0,0,0,0.9749279121818236,-0.22252093395631434,0.49999999999999994,0.8660254037844387,177798.7045413707,187734.93909940487,16
2024-02-01,2024,2,1,3,0,9859,638062.1,322673.58,0.0,629401.11,642023.48,744848.14,643255.67,770221.0,814448.0,0,0,0,302,69,328,38,39,69,305,0,0,0,0.43388373911755823,-0.900968867902419,0.8660254037844386,0.5000000000000001,178282.49517432257,190166.51420029998,17
2024-02-02,2024,2,1,4,0,13316,846934.09,427487.38,0.0,638062.1,841720.39,748970.33,659254.81,770966.0,817714.0,0,0,0,301,70,327,39,38,68,304,0,0,0,-0.433883739117558,-0.9009688679024191,0.8660254037844386,0.5000000000000001,178641.51285797905,189844.20957032233,18
2024-02-03,2024,2,1,5,1,15401,990288.13,501481.23,0.0,846934.09,999015.67,733370.36,860411.78,769719.0,826277.0,0,0,0,300,71,326,40,37,67,303,0,0,0,-0.9749279121818236,-0.2225209339563146,0.8660254037844386,0.5000000000000001,176805.63750867543,191694.0694262848,19
2024-02-04,2024,2,1,6,1,15544,1009972.45,510002.92,0.0,990288.13,1013707.41,971750.01,983917.23,769185.0,827552.0,0,0,0,299,72,325,41,36,66,302,0,0,0,-0.7818314824680299,0.6234898018587334,0.8660254037844386,0.5000000000000001,175950.17479632254,192818.00931946386,20
2024-02-05,2024,2,1,0,0,9672,633768.26,320691.16,0.0,1009972.45,634597.73,1139869.6,1013528.28,769067.0,810682.0,0,0,0,298,73,324,42,35,65,301,0,0,0,0.0,1.0,0.8660254037844386,0.5000000000000001,176056.16847977616,186589.74257949006,21
2024-02-06,2024,2,1,1,0,9657,631592.19,319213.84,0.0,633768.26,635042.58,1162519.6,645497.24,768574.0,792984.0,0,0,0,297,74,323,43,34,64,300,0,0,0,0.7818314824680298,0.6234898018587336,0.8660254037844386,0.5000000000000001,176498.21716250246,177000.20096473553,22
2024-02-07,2024,2,1,2,0,9833,633894.84,321108.71,0.0,631592.19,629401.11,750617.6,635579.56,769216.0,789093.0,0,0,0,296,75,322,44,33,63,299,0,0,0,0.9749279121818236,-0.22252093395631434,0.8660254037844386,0.5000000000000001,175914.85704339083,179232.4016584428,23
2024-02-08,2024,2,1,3,0,9839,636497.81,322422.85,0.0,633894.84,638062.1,732942.85,645178.03,768993.0,785878.0,0,0,0,295,76,321,45,32,62,298,0,0,0,0.43388373911755823,-0.900968867902419,0.8660254037844386,0.5000000000000001,176110.1191954322,181129.1970825914,24
2024-02-09,2024,2,1,4,0,13278,843826.59,426817.2,0.0,636497.81,846934.09,729618.63,640096.73,768549.0,789685.0,0,0,0,294,77,320,46,31,61,297,0,0,0,-0.433883739117558,-0.9009688679024191,0.8660254037844386,0.5000000000000001,175884.67566574304,181106.1656638135,25
2024-02-10,2024,2,1,5,1,15166,982803.17,496740.46,0.0,843826.59,990288.13,752238.17,856165.01,767479.0,797371.0,0,0,0,293,78,319,47,30,60,296,0,0,0,-0.9749279121818236,-0.2225209339563146,0.8660254037844386,0.5000000000000001,174327.81047841837,184325.80563705694,26
2024-02-11,2024,2,1,6,1,15285,991178.29,501759.55,0.0,982803.17,1009972.45,995414.59,990529.56,764794.0,797230.0,0,0,0,292,79,318,48,29,59,295,0,0,0,-0.7818314824680299,0.6234898018587334,0.8660254037844386,0.5000000000000001,170063.2061081225,184170.41192286942,27
2024-02-12,2024,2,1,0,0,9631,625464.41,315828.86,0.0,991178.29,633768.26,1159500.56,995158.08,763608.0,779428.0,0,0,0,291,80,317,49,28,58,294,0,0,0,0.0,1.0,0.8660254037844386,0.5000000000000001,171154.9548656807,173443.81982952557,28
2024-02-13,2024,2,1,1,0,9903,636288.23,322254.2,0.0,625464.41,631592.19,1146677.09,640658.71,764279.0,762415.0,0,0,0,290,81,316,50,27,57,293,0,0,0,0.7818314824680298,0.6234898018587336,0.8660254037844386,0.5000000000000001,170559.42710693774,160745.48905288428,29
2024-02-14,2024,2,1,2,0,10052,636191.11,321423.73,0.0,636288.23,633894.84,756562.45,645632.98,764607.0,758403.0,0,0,0,289,82,315,51,26,56,292,0,0,0,0.9749279121818236,-0.22252093395631434,0.8660254037844386,0.5000000000000001,170268.82370134132,162390.50391902766,30
2024-02-15,2024,2,1,3,0,9957,638912.1,323047.89,0.0,636191.11,636497.81,626137.82,623617.34,764952.0,758829.0,0,0,0,288,83,314,52,25,55,291,0,0,0,0.43388373911755823,-0.900968867902419,0.8660254037844386,0.5000000000000001,169968.25397969485,162048.11484330377,31
2024-02-16,2024,2,1,4,0,12955,840245.18,424585.47,0.0,638912.1,843826.59,633914.69,649601.15,764440.0,765707.0,0,0,0,287,84,313,53,24,54,290,0,0,0,-0.433883739117558,-0.9009688679024191,0.8660254037844386,0.5000000000000001,169696.43176034294,160938.42823621165,32
2024-02-17,2024,2,1,5,1,15382,998217.19,504723.12,0.0,840245.18,982803.17,622388.25,840792.01,766642.0,778234.0,0,0,0,286,85,312,54,23,53,289,0,0,0,-0.9749279121818236,-0.2225209339563146,0.8660254037844386,0.5000000000000001,173068.68654908336,163996.10876844093,33
2024-02-18,2024,2,1,6,1,15498,999273.72,505605.98,0.0,998217.19,991178.29,859027.6,1000291.27,767799.0,782909.0,0,0,0,285,86,311,55,22,52,288,0,0,0,-0.7818314824680299,0.6234898018587334,0.8660254037844386,0.5000000000000001,174837.174306421,168320.53396339575,34
2024-02-19,2024,2,1,0,0,9598,638332.32,321860.09,0.0,999273.72,625464.41,1000474.51,1007497.74,769637.0,770838.0,0,0,0,284,87,310,56,21,51,287,0,0,0,0.0,1.0,0.8660254037844386,0.5000000000000001,173150.73394970762,165135.09437889254,35
2024-02-20,2024,2,1,1,0,9779,641729.22,324645.24,0.0,638332.32,636288.23,974651.46,645693.66,770414.0,759740.0,0,0,0,283,88,309,57,20,50,286,0,0,0,0.7818314824680298,0.6234898018587336,0.8660254037844386,0.5000000000000001,172463.201490705,162125.18654182722,36
2024-02-21,2024,2,1,2,0,10000,643747.45,325560.09,0.0,641729.22,636191.11,624066.49,644198.65,771494.0,760396.0,0,0,0,282,89,308,58,19,49,285,0,0,0,0.9749279121818236,-0.22252093395631434,0.8660254037844386,0.5000000000000001,171504.0343897424,161596.2143009275,37
2024-02-22,2024,2,1,3,0,9807,632938.1,320072.62,0.0,643747.45,638912.1,643187.65,640273.43,770640.0,760055.0,0,0,0,281,90,307,59,18,48,284,0,0,0,0.43388373911755823,-0.900968867902419,0.8660254037844386,0.5000000000000001,172286.81527569034,161863.17977487168,38
2024-02-23,2024,2,1,4,0,13108,848620.27,428104.36,0.0,632938.1,840245.18,635972.5,638737.65,771837.0,767143.0,0,0,0,280,91,306,60,17,47,283,0,0,0,-0.433883739117558,-0.9009688679024191,0.8660254037844386,0.5000000000000001,172878.80813808463,160895.25297668597,39
2024-02-24,2024,2,1,5,1,15263,989105.96,499434.15,0.0,848620.27,998217.19,642023.48,842806.84,770535.0,778712.0,0,0,0,279,92,305,61,16,46,282,0,0,0,-0.9749279121818236,-0.2225209339563146,0.8660254037844386,0.5000000000000001,170913.449469878,164036.20418867926,40
2024-02-25,2024,2,1,6,1,15567,983835.75,497794.57,0.0,989105.96,999273.72,841720.39,1028542.18,768330.0,783449.0,0,0,0,278,93,304,62,15,45,281,0,0,0,-0.7818314824680299,0.6234898018587334,0.8660254037844386,0.5000000000000001,167536.1716693096,167924.53205884525,41
2024-02-26,2024,2,1,0,0,9867,637873.18,322341.58,0.0,983835.75,638332.32,999015.67,1007736.7,768264.0,771411.0,0,0,0,277,94,303,63,14,44,280,0,0,0,0.0,1.0,0.8660254037844386,0.5000000000000001,167595.62829776303,164854.89918520156,42
2024-02-27,2024,2,1,1,0,9772,644502.84,325931.39,0.0,637873.18,641729.22,1013707.41,637517.61,768661.0,759105.0,0,0,0,276,95,302,64,13,43,279,0,0,0,0.7818314824680298,0.6234898018587336,0.8660254037844386,0.5000000000000001,167249.53482604004,159848.16739940073,43
2024-02-28,2024,2,1,2,0,9715,633250.81,320154.61,0.0,644502.84,643747.45,634597.73,633863.11,767161.0,759060.0,0,0,0,275,96,301,65,12,42,278,0,0,0,0.9749279121818236,-0.22252093395631434,0.8660254037844386,0.5000000000000001,168597.7538952271,159884.52914829028,44
2024-02-29,2024,2,1,3,0,9908,636298.51,322449.6,0.0,633250.81,632938.1,635042.58,749248.92,767641.0,759102.0,0,0,0,274,97,300,66,11,41,277,0,0,0,0.43388373911755823,-0.900968867902419,0.8660254037844386,0.5000000000000001,168156.08176555793,159851.09757007516,45
2024-03-01,2024,3,1,4,0,14282,958984.03,484184.56,0.0,636298.51,848620.27,629401.11,729033.82,783407.0,770088.0,0,0,0,273,98,299,67,10,40,276,0,0,0,-0.433883739117558,-0.9009688679024191,1.0,6.123233995736766e-17,181646.76668796627,161941.75460815465,46
2024-03-02,2024,3,1,5,1,16577,1150047.14,580505.64,0.0,958984.03,989105.96,638062.1,965977.62,806399.0,787154.0,0,0,0,272,99,298,68,9,39,275,0,0,0,-0.9749279121818236,-0.2225209339563146,1.0,6.123233995736766e-17,218474.18870581815,174071.89469142386,47
2024-03-03,2024,3,1,6,1,16812,1160516.55,585530.06,0.0,1150047.14,983835.75,846934.09,1139334.56,831639.0,797607.0,0,0,0,271,100,297,69,8,38,274,0,0,0,-0.7818314824680299,0.6234898018587334,1.0,6.123233995736766e-17,250280.4625224505,186739.53705578484,48
2024-03-04,2024,3,1,0,0,10755,743505.9,375155.36,0.0,1160516.55,637873.18,990288.13,1139094.72,846729.0,789380.0,0,0,0,270,101,296,70,7,37,273,0,0,0,0.0,1.0,1.0,6.123233995736766e-17,239607.34171992893,183364.02599736903,49
2024-03-05,2024,3,1,1,0,10263,720210.19,363587.52,0.0,743505.9,644502.84,1009972.45,721627.62,857545.0,779722.0,0,0,0,269,102,295,71,6,36,272,0,0,0,0.7818314824680298,0.6234898018587336,1.0,6.123233995736766e-17,230493.23858212552,178921.4402559811,50
2024-03-06,2024,3,1,2,0,10716,728258.81,367848.46,0.0,720210.19,633250.81,633768.26,732990.19,871117.0,782871.0,0,0,0,268,103,294,72,5,35,271,0,0,0,0.9749279121818236,-0.22252093395631434,1.0,6.123233995736766e-17,217516.42901343925,177085.79419781946,51
2024-03-07,2024,3,1,3,0,10349,723462.71,364296.08,0.0,728258.81,636298.51,631592.19,723992.26,883569.0,785934.0,0,0,0,267,104,293,73,4,34,270,0,0,0,0.43388373911755823,-0.900968867902419,1.0,6.123233995736766e-17,203902.35543008815,175163.4341144335,52
2024-03-08,2024,3,1,4,0,14245,969867.76,488699.92,0.0,723462.71,958984.03,633894.84,721589.5,885124.0,797133.0,0,0,0,266,105,292,74,3,33,269,0,0,1,-0.433883739117558,-0.9009688679024191,1.0,6.123233995736766e-17,204613.5149724474,175846.5171292476,53
2024-03-09,2024,3,1,5,1,16767,1158108.44,583926.09,0.0,969867.76,1150047.14,636497.81,969452.94,886276.0,814520.0,0,0,0,265,106,291,75,2,32,268,0,0,1,-0.9749279121818236,-0.2225209339563146,1.0,6.123233995736766e-17,206368.23539540108,184966.76705096956,54
2024-03-10,2024,3,1,6,1,16330,1151410.2,580823.42,0.0,1158108.44,1160516.55,843826.59,1149758.69,884975.0,824773.0,0,0,0,264,107,290,76,1,31,267,0,0,1,-0.7818314824680299,0.6234898018587334,1.0,6.123233995736766e-17,204370.376785169,194905.02261213074,55
2024-03-11,2024,3,1,0,0,17023,1026444.62,517860.9,738.5,1151410.2,743505.9,982803.17,1122606.32,925395.0,826227.0,1,0,0,263,108,289,77,0,30,266,0,0,1,0.0,1.0,1.0,6.123233995736766e-17,199652.7824658809,196283.18033476072,0
2024-03-12,2024,3,1,1,0,17117,1021139.29,514424.85,738.5,1026444.62,720210.19,991178.29,723208.52,968385.0,827226.0,1,0,0,262,109,288,78,353,29,265,0,0,1,0.7818314824680298,0.6234898018587336,1.0,6.123233995736766e-17,179488.55857081764,197225.36105944036,0
2024-03-13,2024,3,1,2,0,17063,1031107.72,519672.24,738.5,1021139.29,728258.81,625464.41,720982.94,1011649.0,840748.0,1,0,0,261,110,287,79,352,28,264,0,0,1,0.9749279121818236,-0.22252093395631434,1.0,6.123233995736766e-17,145182.75156347337,196820.63669803125,0
2024-03-14,2024,3,1,3,0,16996,1018291.76,512644.54,738.5,1031107.72,723462.71,636288.23,732041.65,1053767.0,853481.0,1,0,0,260,111,286,80,351,27,263,0,0,1,0.43388373911755823,-0.900968867902419,1.0,6.123233995736766e-17,71929.8600627741,195489.3654551094,0
2024-03-15,2024,3,1,4,0,23124,1361278.32,684534.88,738.5,1018291.76,969867.76,636191.11,728053.8,1109683.0,877651.0,1,0,0,259,112,285,81,350,26,262,0,0,1,-0.433883739117558,-0.9009688679024191,1.0,6.123233995736766e-17,126939.24883337929,211838.007229184,0
2024-03-16,2024,3,1,5,1,26524,1582561.21,797816.12,738.5,1361278.32,1158108.44,638912.1,959361.79,1170319.0,909106.0,1,0,0,258,113,284,82,349,25,261,0,0,1,-0.9749279121818236,-0.2225209339563146,1.0,6.123233995736766e-17,220685.72284107422,242942.12899299402,0
2024-03-17,2024,3,1,6,1,27006,1597813.25,805618.71,738.5,1582561.21,1151410.2,840245.18,1124334.48,1234091.0,934358.0,1,0,0,257,114,283,83,348,24,260,0,0,1,-0.7818314824680299,0.6234898018587334,1.0,6.123233995736766e-17,272683.8678257208,273044.8847858763,0
2024-03-18,2024,3,1,0,0,17016,1034509.44,521458.53,738.5,1597813.25,1026444.62,998217.19,1160414.56,1235243.0,935568.0,1,0,0,256,115,282,84,347,23,259,0,0,1,0.0,1.0,1.0,6.123233995736766e-17,271675.49297352246,273417.7169970163,0
2024-03-19,2024,3,1,1,0,17051,1018020.11,512833.05,738.5,1034509.44,1021139.29,999273.72,737646.56,1234797.0,936192.0,1,0,0,255,116,281,85,346,22,258,0,0,1,0.7818314824680298,0.6234898018587336,1.0,6.123233995736766e-17,272087.4357910274,273589.7020314302,0
2024-03-20,2024,3,1,2,0,17219,1039334.98,523664.49,738.5,1018020.11,1031107.72,638332.32,702681.7,1235973.0,949559.0,1,0,0,254,117,280,86,345,21,257,0,0,1,0.9749279121818236,-0.22252093395631434,1.0,6.123233995736766e-17,271076.81521281524,268279.71060338634,0
2024-03-21,2024,3,1,3,0,17132,1024531.43,517021.91,738.5,1039334.98,1018291.76,641729.22,982348.36,1236864.0,962319.0,1,0,0,253,118,279,87,344,20,256,0,0,1,0.43388373911755823,-0.900968867902419,1.0,6.123233995736766e-17,270250.7154681981,262167.5617494892,0
2024-03-22,2024,3,1,4,0,22146,1334391.33,671483.99,738.5,1024531.43,1361278.32,643747.45,987207.05,1233023.0,985341.0,1,0,0,252,119,278,88,343,19,255,0,0,1,-0.433883739117558,-0.9009688679024191,1.0,6.123233995736766e-17,268372.2803423142,263548.2764576708,0
2024-03-23,2024,3,1,5,1,27051,1617106.85,814003.61,738.5,1334391.33,1582561.21,632938.1,1272394.81,1237958.0,1018146.0,1,0,0,251,120,277,89,342,18,254,0,0,1,-0.9749279121818236,-0.2225209339563146,1.0,6.123233995736766e-17,276078.2001001181,278971.49509117106,0
2024-03-24,2024,3,1,6,1,26340,1563570.47,787014.06,738.5,1617106.85,1597813.25,848620.27,1526497.32,1233066.0,1041978.0,1,0,0,250,121,276,90,341,17,253,0,0,1,-0.7818314824680299,0.6234898018587334,1.0,6.123233995736766e-17,268847.9182789675,294116.8973986318,0
2024-03-25,2024,3,1,0,0,16757,997643.55,502688.86,738.5,1563570.47,1034509.44,989105.96,1514232.39,1227800.0,1042263.0,1,0,0,249,122,275,91,340,16,252,0,0,1,0.0,1.0,1.0,6.123233995736766e-17,273703.036352161,294068.10096434824,0
2024-03-26,2024,3,1,1,0,17539,1054783.56,531291.3,738.5,997643.55,1018020.11,983835.75,976074.28,1233052.0,1044627.0,1,0,0,248,123,274,92,339,15,251,0,0,1,0.7818314824680298,0.6234898018587336,1.0,6.123233995736766e-17,269324.50489025674,293867.23998794734,0
2024-03-27,2024,3,1,2,0,17174,1012366.0,510155.65,738.5,1054783.56,1039334.98,637873.18,984770.61,1229199.0,1057111.0,1,0,0,247,124,273,93,338,14,250,0,0,1,0.9749279121818236,-0.22252093395631434,1.0,6.123233995736766e-17,272728.8771430412,283773.6827044502,0
2024-03-28,2024,3,1,3,0,16935,1019450.14,513457.46,738.5,1012366.0,1024531.43,644502.84,988814.31,1228473.0,1069609.0,1,0,0,246,125,272,94,337,13,249,0,0,1,0.43388373911755823,-0.900968867902419,1.0,6.123233995736766e-17,273370.4215902263,273028.01147283975,0
2024-03-29,2024,3,1,4,0,22904,1365897.94,687545.58,738.5,1019450.14,1334391.33,633250.81,957492.96,1232974.0,1094030.0,1,0,0,245,126,271,95,336,12,248,0,0,1,-0.433883739117558,-0.9009688679024191,1.0,6.123233995736766e-17,275654.80475544697,265308.6081246966,0
2024-03-30,2024,3,1,5,1,26241,1571032.83,791971.89,738.5,1365897.94,1617106.85,636298.51,1303855.54,1226392.0,1125188.0,1,0,0,244,127,270,96,335,11,247,0,0,1,-0.9749279121818236,-0.2225209339563146,1.0,6.123233995736766e-17,265309.85086083494,264585.53247500095,0
2024-03-31,2024,3,1,6,1,26179,1594383.23,803665.1,738.5,1571032.83,1563570.47,958984.03,1536689.13,1230794.0,1146368.0,1,0,0,243,128,269,97,334,10,246,0,0,1,-0.7818314824680299,0.6234898018587334,1.0,6.123233995736766e-17,272007.5029244343,276007.3715498491,0
2024-04-01,2024,4,2,0,0,17096,1033631.35,520552.34,738.5,1594383.23,997643.55,1150047.14,1542578.52,1235935.0,1142488.0,1,0,0,242,129,268,98,333,9,245,0,0,1,0.0,1.0,0.8660254037844387,-0.4999999999999998,267163.3265819234,276771.1809456873,0
2024-04-02,2024,4,2,1,0,17094,1007437.88,506900.77,738.5,1033631.35,1054783.56,1160516.55,987921.98,1229171.0,1137385.0,1,0,0,241,130,267,99,332,8,244,0,0,1,0.7818314824680298,0.6234898018587336,0.8660254037844387,-0.4999999999999998,273048.3224158609,277836.38278992433,0
2024-04-03,2024,4,2,2,0,16739,991163.93,498561.92,738.5,1007437.88,1012366.0,743505.9,976500.07,1226142.0,1145640.0,1,0,0,240,131,266,100,331,7,243,0,0,1,0.9749279121818236,-0.22252093395631434,0.8660254037844387,-0.4999999999999998,275956.2379838897,269277.0630622308,0
2024-04-04,2024,4,2,3,0,16877,1039444.44,523739.22,738.5,991163.93,1019450.14,720210.19,961009.71,1228999.0,1156281.0,1,0,0,239,132,265,101,330,6,242,0,0,1,0.43388373911755823,-0.900968867902419,0.8660254037844387,-0.4999999999999998,273553.2844105809,257955.06979624217,0
2024-04-05,2024,4,2,4,0,22486,1364252.33,686710.27,738.5,1039444.44,1365897.94,728258.81,981392.72,1228764.0,1177481.0,1,0,0,238,133,264,102,329,5,241,0,0,1,-0.433883739117558,-0.9009688679024191,0.8660254037844387,-0.4999999999999998,273416.7004329549,247487.32480117123,0
2024-04-06,2024,4,2,5,1,26620,1582028.53,796590.44,738.5,1364252.33,1571032.83,723462.71,1304471.19,1230335.0,1206100.0,1,0,0,237,134,263,103,328,4,240,0,0,1,-0.9749279121818236,-0.2225209339563146,0.8660254037844387,-0.4999999999999998,275732.5886713577,242771.62663762853,0
2024-04-07,2024,4,2,6,1,26392,1591278.46,800169.26,738.5,1582028.53,1594383.23,969867.76,1520687.97,1229891.0,1226814.0,1,0,0,236,135,262,104,327,3,239,0,0,1,-0.7818314824680299,0.6234898018587334,0.8660254037844387,-0.4999999999999998,275051.0407971618,248366.3010078315,0
2024-04-08,2024,4,2,0,0,17530,1033534.56,520552.99,738.5,1591278.46,1033631.35,1158108.44,1563143.3,1229877.0,1222661.0,1,0,0,235,136,261,105,326,2,238,0,0,1,0.0,1.0,0.8660254037844387,-0.4999999999999998,275062.5535620402,250586.0655470633,0
2024-04-09,2024,4,2,1,0,16860,1017315.33,512994.33,738.5,1033534.56,1007437.88,1151410.2,986921.97,1231288.0,1218191.0,1,0,0,234,137,260,106,325,1,237,0,0,1,0.7818314824680298,0.6234898018587336,0.8660254037844387,-0.4999999999999998,273753.4811873942,253084.33816423698,0
2024-04-10,2024,4,2,2,0,33035,1837996.04,929750.77,4544.0,1017315.33,991163.93,1026444.62,977362.66,1352264.0,1245243.0,1,0,0,233,138,259,107,324,0,236,0,0,1,0.9749279121818236,-0.22252093395631434,0.8660254037844387,-0.4999999999999998,331067.498316594,274360.4310755045,0
2024-04-11,2024,4,2,3,0,20172,1279278.19,647721.11,4333.0,1837996.04,1039444.44,1021139.29,1002191.18,1386526.0,1253848.0,1,0,0,232,139,258,108,323,353,235,0,0,0,0.43388373911755823,-0.900968867902419,0.8660254037844387,-0.4999999999999998,304654.911555671,271118.39645080763,0
2024-04-12,2024,4,2,4,0,27226,1772205.75,899893.67,4333.0,1279278.19,1364252.33,1031107.72,980771.02,1444805.0,1278551.0,1,0,0,231,140,257,109,322,352,234,0,0,0,-0.433883739117558,-0.9009688679024191,0.8660254037844387,-0.4999999999999998,336987.9162793226,283599.0724355942,0
2024-04-13,2024,4,2,5,1,31148,2037529.91,1032976.65,4333.0,1772205.75,1582028.53,1018291.76,1280773.47,1509877.0,1312526.0,1,0,0,230,141,256,110,321,351,233,0,0,0,-0.9749279121818236,-0.2225209339563146,0.8660254037844387,-0.4999999999999998,405013.8266529465,311066.5892908268,0
2024-04-14,2024,4,2,6,1,31341,2075234.44,1051352.48,4333.0,2037529.91,1591278.46,1361278.32,1514365.15,1579013.0,1336324.0,1,0,0,229,142,255,111,320,350,232,0,0,0,-0.7818314824680299,0.6234898018587334,0.8660254037844387,-0.4999999999999998,458941.0066018583,340813.77981157607,0
2024-04-15,2024,4,2,0,0,20596,1347177.77,684571.41,4333.0,2075234.44,1033534.56,1582561.21,1507560.24,1623820.0,1328478.0,1,0,0,228,143,254,112,319,349,231,0,0,0,0.0,1.0,0.8660254037844387,-0.4999999999999998,409452.5797073859,337644.23508571624,0
2024-04-16,2024,4,2,1,0,20667,1313428.62,666952.49,4333.0,1347177.77,1017315.33,1597813.25,966467.16,1666122.0,1318999.0,1,0,0,227,144,253,113,318,348,230,0,0,0,0.7818314824680298,0.6234898018587336,0.8660254037844387,-0.4999999999999998,346861.511099464,333791.92970142135,0
2024-04-17,2024,4,2,2,0,20571,1330105.2,671927.03,4333.0,1313428.62,1837996.04,1034509.44,988586.77,1593566.0,1328852.0,1,0,0,226,145,252,114,317,347,229,0,0,0,0.9749279121818236,-0.22252093395631434,0.8660254037844387,-0.4999999999999998,357862.43445421744,329438.9799035406,0
2024-04-18,2024,4,2,3,0,10492,734119.85,370265.57,0.0,1330105.2,1279278.19,1018020.11,995855.63,1515686.0,1319388.0,0,0,0,225,146,251,115,316,346,228,0,0,0,0.43388373911755823,-0.900968867902419,0.8660254037844387,-0.4999999999999998,477110.5491650113,342494.61774128093,1
2024-04-19,2024,4,2,4,0,14300,990448.87,500036.16,0.0,734119.85,1772205.75,1039334.98,975407.99,1404006.0,1317759.0,0,0,0,224,147,250,116,315,345,227,0,0,0,-0.433883739117558,-0.9009688679024191,0.8660254037844387,-0.4999999999999998,498091.71757057373,343986.06509001536,2
2024-04-20,2024,4,2,5,1,16406,1101820.07,555546.35,0.0,990448.87,2037529.91,1024531.43,2278702.11,1270334.0,1320335.0,0,0,0,223,148,249,117,314,344,226,0,0,0,-0.9749279121818236,-0.2225209339563146,0.8660254037844387,-0.4999999999999998,419018.23173945287,341997.8865874946,3
2024-04-21,2024,4,2,6,1,16413,1137983.58,574226.63,0.0,1101820.07,2075234.44,1334391.33,1995480.9,1136441.0,1313788.0,0,0,0,222,149,248,118,313,343,225,0,0,0,-0.7818314824680299,0.6234898018587334,0.8660254037844387,-0.4999999999999998,222717.09421371817,343595.73121619277,4
2024-04-22,2024,4,2,0,0,10650,742395.86,374807.27,0.0,1137983.58,1347177.77,1617106.85,2000632.36,1050043.0,1284631.0,0,0,0,221,150,247,119,312,342,224,0,0,0,0.0,1.0,0.8660254037844387,-0.4999999999999998,243661.95540357483,353927.0336048871,5
2024-04-23,2024,4,2,1,0,10390,733639.79,369427.97,0.0,742395.86,1313428.62,1563570.47,1272410.7,967216.0,1256967.0,0,0,0,220,151,246,120,311,341,223,0,0,0,0.7818314824680298,0.6234898018587336,0.8660254037844387,-0.4999999999999998,237677.6234513555,363673.36028336576,6
2024-04-24,2024,4,2,2,0,10388,715865.25,361093.56,0.0,733639.79,1330105.2,997643.55,1278246.59,879468.0,1247574.0,0,0,0,219,152,245,121,310,340,222,0,0,0,0.9749279121818236,-0.22252093395631434,0.8660254037844387,-0.4999999999999998,189971.08751636205,374091.3984437494,7
2024-04-25,2024,4,2,3,0,10687,741061.22,373902.96,0.0,715865.25,734119.85,1054783.56,1268414.94,880459.0,1237117.0,0,0,0,218,153,244,122,309,339,221,0,0,0,0.43388373911755823,-0.900968867902419,0.8660254037844387,-0.4999999999999998,189102.07066451447,383922.2882557444,8
2024-04-26,2024,4,2,4,0,14078,966237.42,487003.28,0.0,741061.22,990448.87,1012366.0,1296943.31,877000.0,1235579.0,0,0,0,217,154,243,123,308,338,220,0,0,0,-0.433883739117558,-0.9009688679024191,0.8660254037844387,-0.4999999999999998,186964.3432641066,384944.4732780076,9
2024-04-27,2024,4,2,5,1,16127,1125856.86,568993.57,0.0,966237.42,1101820.07,1019450.14,1687610.2,880434.0,1239126.0,0,0,0,216,155,242,124,307,337,219,0,0,0,-0.9749279121818236,-0.2225209339563146,0.8660254037844387,-0.4999999999999998,191936.23364613423,383371.3859012289,10
2024-04-28,2024,4,2,6,1,16284,1133351.57,570445.12,0.0,1125856.86,1137983.58,1365897.94,1148652.26,879773.0,1231375.0,0,0,0,215,156,241,125,306,336,218,0,0,0,-0.7818314824680299,0.6234898018587334,0.8660254037844387,-0.4999999999999998,190905.54179170108,383070.60495503276,11
2024-04-29,2024,4,2,0,0,10644,750614.86,378435.81,0.0,1133351.57,742395.86,1571032.83,1165614.28,880947.0,1204027.0,0,0,0,214,157,240,126,305,335,217,0,0,0,0.0,1.0,0.8660254037844387,-0.4999999999999998,189942.64866424835,387248.27868798806,12
2024-04-30,2024,4,2,1,0,10436,706182.44,356033.4,0.0,750614.86,733639.79,1594383.23,682655.16,877024.0,1174421.0,0,0,0,213,158,239,127,304,334,216,0,0,0,0.7818314824680298,0.6234898018587336,0.8660254037844387,-0.4999999999999998,193737.27021032193,390316.00121761445,13
2024-05-01,2024,5,2,2,0,9890,695204.41,352404.23,0.0,706182.44,715865.25,1033631.35,678805.57,874073.0,1163140.0,0,0,0,212,159,238,128,303,333,215,0,0,0,0.9749279121818236,-0.22252093395631434,0.49999999999999994,-0.8660254037844387,196735.87535395444,399312.32616156194,14
2024-05-02,2024,5,2,3,0,9928,693296.78,350170.1,0.0,695204.41,741061.22,1007437.88,686899.56,867249.0,1152668.0,0,0,0,211,160,237,129,302,332,214,0,0,0,0.43388373911755823,-0.900968867902419,0.49999999999999994,-0.8660254037844387,202851.33532680513,407569.7341152095,15
2024-05-03,2024,5,2,4,0,13230,929271.9,470408.6,0.0,693296.78,966237.42,991163.93,715091.13,861968.0,1150605.0,0,0,0,210,161,236,130,301,331,213,0,0,0,-0.433883739117558,-0.9009688679024191,0.49999999999999994,-0.8660254037844387,200310.14508776207,408570.85542309,16
2024-05-04,2024,5,2,5,1,15719,1072508.76,542813.94,0.0,929271.9,1125856.86,1039444.44,923474.12,854347.0,1151707.0,0,0,0,209,162,235,131,300,330,212,0,0,0,-0.9749279121818236,-0.2225209339563146,0.49999999999999994,-0.8660254037844387,189309.4799834885,408305.1623053212,17
2024-05-05,2024,5,2,6,1,15130,1061444.0,537493.8,0.0,1072508.76,1133351.57,1364252.33,1100303.07,844075.0,1141614.0,0,0,0,208,163,234,132,299,329,211,0,0,0,-0.7818314824680299,0.6234898018587334,0.49999999999999994,-0.8660254037844387,172885.05656618683,406609.01405026205,18
2024-05-06,2024,5,2,0,0,9896,689822.91,349228.99,0.0,1061444.0,750614.86,1582028.53,1087346.0,835390.0,1111874.0,0,0,0,207,164,233,133,298,328,210,0,0,0,0.0,1.0,0.49999999999999994,-0.8660254037844387,179752.78508421566,405913.67634690244,19
2024-05-07,2024,5,2,1,0,9962,686864.43,347554.37,0.0,689822.91,706182.44,1591278.46,692126.5,832630.0,1081727.0,0,0,0,206,165,232,134,297,327,209,0,0,0,0.7818314824680298,0.6234898018587336,0.49999999999999994,-0.8660254037844387,182198.759721088,402652.83717387996,20
2024-05-08,2024,5,2,2,0,10166,693133.5,350298.29,0.0,686864.43,695204.41,1033534.56,705279.47,832335.0,1070380.0,0,0,0,205,166,231,135,296,326,208,0,0,0,0.9749279121818236,-0.22252093395631434,0.49999999999999994,-0.8660254037844387,182460.58853417053,408806.90896204667,21
2024-05-09,2024,5,2,3,0,10106,678292.74,342810.96,0.0,693133.5,693296.78,1017315.33,679310.42,830191.0,1059079.0,0,0,0,204,167,230,136,295,325,207,0,0,0,0.43388373911755823,-0.900968867902419,0.49999999999999994,-0.8660254037844387,184443.49524109534,414963.84659474145,22
2024-05-10,2024,5,2,4,0,13186,926447.84,470275.54,0.0,678292.74,929271.9,1837996.04,684420.44,829788.0,1028694.0,0,0,0,203,168,229,137,294,324,206,0,0,0,-0.433883739117558,-0.9009688679024191,0.49999999999999994,-0.8660254037844387,184193.57290285392,388491.1989940335,23
2024-05-11,2024,5,2,5,1,15613,1057990.14,535091.29,0.0,926447.84,1072508.76,1279278.19,902144.2,827714.0,1021318.0,0,0,0,202,169,228,138,293,323,205,0,0,0,-0.9749279121818236,-0.2225209339563146,0.49999999999999994,-0.8660254037844387,181060.0097133629,385659.78205509257,24
2024-05-12,2024,5,2,6,1,15366,1084098.83,548528.7,0.0,1057990.14,1061444.0,1772205.75,1079867.69,830950.0,998381.0,0,0,0,201,170,227,139,292,322,204,0,0,0,-0.7818314824680299,0.6234898018587334,0.49999999999999994,-0.8660254037844387,186067.42794987708,359002.2759286765,25
2024-05-13,2024,5,2,0,0,9976,687770.44,348079.1,0.0,1084098.83,689822.91,2037529.91,1052876.12,830657.0,953389.0,0,0,0,200,171,226,140,291,321,203,0,0,0,0.0,1.0,0.49999999999999994,-0.8660254037844387,186328.31944232062,304762.0033528046,26
2024-05-14,2024,5,2,1,0,9736,679169.17,344477.53,0.0,687770.44,686864.43,2075234.44,679829.11,829558.0,906854.0,0,0,0,199,172,225,141,290,320,202,0,0,0,0.7818314824680298,0.6234898018587336,0.49999999999999994,-0.8660254037844387,187338.04261208035,223237.09604715544,27
2024-05-15,2024,5,2,2,0,9951,690436.81,349028.34,0.0,679169.17,693133.5,1347177.77,693577.56,829172.0,884962.0,0,0,0,198,173,224,142,289,319,201,0,0,0,0.9749279121818236,-0.22252093395631434,0.49999999999999994,-0.8660254037844387,187667.82405578528,210400.5210653746,28
2024-05-16,2024,5,2,3,0,9948,699458.28,354819.45,0.0,690436.81,678292.74,1313428.62,685874.63,832196.0,864496.0,0,0,0,197,174,223,143,288,318,200,0,0,0,0.43388373911755823,-0.900968867902419,0.49999999999999994,-0.8660254037844387,184983.04521637023,196700.8786080038,29
2024-05-17,2024,5,2,4,0,13398,952256.77,482806.95,0.0,699458.28,926447.84,1330105.2,699986.99,835883.0,851902.0,0,0,0,196,175,222,144,287,317,199,0,0,0,-0.433883739117558,-0.9009688679024191,0.49999999999999994,-0.8660254037844387,187415.93119812716,176966.51010377592,30
2024-05-18,2024,5,2,5,1,15315,1060004.62,537291.21,0.0,952256.77,1057990.14,734119.85,922204.62,836171.0,862764.0,0,0,0,195,176,221,145,286,316,198,0,0,0,-0.9749279121818236,-0.2225209339563146,0.49999999999999994,-0.8660254037844387,187814.947533966,179471.5979527881,31
2024-05-19,2024,5,2,6,1,15679,1062804.43,537751.29,0.0,1060004.62,1084098.83,990448.87,1096494.7,833129.0,865176.0,0,0,0,194,177,220,146,285,315,197,0,0,0,-0.7818314824680299,0.6234898018587334,0.49999999999999994,-0.8660254037844387,183246.84552609804,181718.78307730253,32
2024-05-20,2024,5,2,0,0,10246,698718.73,353783.19,0.0,1062804.43,687770.44,1101820.07,1066637.49,834693.0,851739.0,0,0,0,193,178,219,147,284,314,196,0,0,0,0.0,1.0,0.49999999999999994,-0.8660254037844387,181840.74179819482,178491.87856892403,33
2024-05-21,2024,5,2,1,0,10109,690929.84,350035.5,0.0,698718.73,679169.17,1137983.58,697476.89,836373.0,836838.0,0,0,0,192,179,218,148,283,313,195,0,0,0,0.7818314824680298,0.6234898018587336,0.49999999999999994,-0.8660254037844387,180211.34123077936,172325.20608675925,34
2024-05-22,2024,5,2,2,0,9994,692263.25,350407.14,0.0,690929.84,690436.81,742395.86,707124.05,836634.0,835167.0,0,0,0,191,180,217,149,282,312,194,0,0,0,0.9749279121818236,-0.22252093395631434,0.49999999999999994,-0.8660254037844387,179965.9864997628,173511.60709390472,35
2024-05-23,2024,5,2,3,0,10157,703238.2,356585.11,0.0,692263.25,699458.28,733639.79,700284.02,837174.0,834153.0,0,0,0,190,181,216,150,281,311,193,0,0,0,0.43388373911755823,-0.900968867902419,0.49999999999999994,-0.8660254037844387,179490.83551993678,174212.38099779203,36
2024-05-24,2024,5,2,4,0,13520,931775.08,471535.73,0.0,703238.2,952256.77,715865.25,689011.07,834248.0,841350.0,0,0,0,189,182,215,151,280,310,192,0,0,0,-0.433883739117558,-0.9009688679024191,0.49999999999999994,-0.8660254037844387,177457.57213211138,173615.9795058596,37
2024-05-25,2024,5,2,5,1,15219,1057527.15,534270.34,0.0,931775.08,1060004.62,741061.22,930640.56,833894.0,851899.0,0,0,0,188,183,214,152,279,309,191,0,0,0,-0.9749279121818236,-0.2225209339563146,0.49999999999999994,-0.8660254037844387,176933.97480732706,176895.5443817434,38
2024-05-26,2024,5,2,6,1,15039,1053827.89,533306.84,0.0,1057527.15,1062804.43,966237.42,1063563.52,832611.0,854819.0,0,0,0,187,184,213,153,278,308,190,0,0,0,-0.7818314824680299,0.6234898018587334,0.49999999999999994,-0.8660254037844387,175020.57264197382,179550.70635347944,39
2024-05-27,2024,5,2,0,0,10099,688293.38,348513.85,0.0,1053827.89,698718.73,1125856.86,1085969.0,831122.0,840233.0,0,0,0,186,185,212,154,277,307,189,0,0,0,0.0,1.0,0.49999999999999994,-0.8660254037844387,176388.8332969699,174474.7994860072,40
2024-05-28,2024,5,2,1,0,9893,692519.45,350335.26,0.0,688293.38,690929.84,1133351.57,695281.52,831349.0,825539.0,0,0,0,185,186,211,155,276,306,188,0,0,0,0.7818314824680298,0.6234898018587336,0.49999999999999994,-0.8660254037844387,176179.1639560155,167355.24001250803,41
2024-05-29,2024,5,2,2,0,9595,683429.26,345803.05,0.0,692519.45,692263.25,750614.86,686400.99,830087.0,823299.0,0,0,0,184,187,210,156,275,305,187,0,0,0,0.9749279121818236,-0.22252093395631434,0.49999999999999994,-0.8660254037844387,177369.12806953592,168835.4217084003,42
2024-05-30,2024,5,2,3,0,10213,690590.78,348631.59,0.0,683429.26,703238.2,706182.44,697941.54,828280.0,822780.0,0,0,0,183,188,209,157,274,304,186,0,0,0,0.43388373911755823,-0.900968867902419,0.49999999999999994,-0.8660254037844387,178934.14847721675,169231.90380124372,43
2024-05-31,2024,5,2,4,0,13215,933191.09,472245.49,0.0,690590.78,931775.08,695204.41,677487.92,828483.0,830713.0,0,0,0,182,189,208,158,273,303,185,0,0,0,-0.433883739117558,-0.9009688679024191,0.49999999999999994,-0.8660254037844387,179071.39847841294,168622.307867308,44
2024-06-01,2024,6,2,5,1,15648,1064610.08,537080.78,0.0,933191.09,1057527.15,693296.78,923014.7,829495.0,843090.0,0,0,0,181,190,207,159,272,302,184,0,0,0,-0.9749279121818236,-0.2225209339563146,1.2246467991473532e-16,-1.0,180594.85364718837,171785.77025278917,45
2024-06-02,2024,6,2,6,1,15305,1062418.52,536452.27,0.0,1064610.08,1053827.89,929271.9,1082724.98,830722.0,847528.0,0,0,0,180,191,206,160,271,301,183,0,0,0,-0.7818314824680299,0.6234898018587334,1.2246467991473532e-16,-1.0,182393.61851425652,175763.0665844282,46
2024-06-03,2024,6,2,0,0,9808,692791.01,350230.35,0.0,1062418.52,688293.38,1072508.76,1077452.43,831364.0,834871.0,0,0,0,179,192,205,161,270,300,182,0,0,0,0.0,1.0,1.2246467991473532e-16,-1.0,181815.26828774658,172647.5308986475,47
2024-06-04,2024,6,2,1,0,9897,692264.73,350768.52,0.0,692791.01,692519.45,1061444.0,673387.37,831328.0,822565.0,0,0,0,178,193,204,162,269,299,181,0,0,0,0.7818314824680298,0.6234898018587336,1.2246467991473532e-16,-1.0,181847.71075251722,169060.87054704636,48
2024-06-05,2024,6,2,2,0,10052,706053.15,357926.13,0.0,692264.73,683429.26,689822.91,668392.14,834560.0,823106.0,0,0,0,177,194,203,163,268,298,180,0,0,0,0.9749279121818236,-0.22252093395631434,1.2246467991473532e-16,-1.0,178959.10778418236,168646.9010848603,49
2024-06-06,2024,6,2,3,0,9915,690597.16,350016.6,0.0,706053.15,690590.78,686864.43,684623.24,834561.0,823230.0,0,0,0,176,195,202,164,267,297,179,0,0,0,0.43388373911755823,-0.900968867902419,1.2246467991473532e-16,-1.0,178958.2523673573,168544.2646811551,50
2024-06-07,2024,6,2,4,0,12956,928972.01,470286.81,0.0,690597.16,933191.09,693133.5,705192.08,833958.0,831091.0,0,0,0,175,196,201,165,266,296,178,0,0,0,-0.433883739117558,-0.9009688679024191,1.2246467991473532e-16,-1.0,178577.4044269548,167765.245364491,51
2024-06-08,2024,6,2,5,1,15639,1106280.45,561027.73,0.0,928972.01,1064610.08,678292.74,949862.12,839911.0,845358.0,0,0,0,174,197,200,166,265,295,177,0,0,0,-0.9749279121818236,-0.2225209339563146,1.2246467991473532e-16,-1.0,187993.97294273702,172455.48975730024,52
2024-06-09,2024,6,2,6,1,15364,1078752.27,545970.83,0.0,1106280.45,1062418.52,926447.84,1098107.88,842244.0,850434.0,0,0,0,173,198,199,167,264,294,176,0,0,0,-0.7818314824680299,0.6234898018587334,1.2246467991473532e-16,-1.0,191288.54547508666,177104.11905881972,53
2024-06-10,2024,6,2,0,0,9828,691476.7,349428.6,0.0,1078752.27,692791.01,1057990.14,1082047.83,842057.0,838217.0,0,0,0,172,199,198,168,263,293,175,0,0,0,0.0,1.0,1.2246467991473532e-16,-1.0,191460.2580955838,174920.73601970702,54
2024-06-11,2024,6,2,1,0,10211,701129.37,355588.96,0.0,691476.7,692264.73,1084098.83,682957.44,843323.0,825452.0,0,0,0,171,200,197,169,262,292,174,0,0,0,0.7818314824680298,0.6234898018587336,1.2246467991473532e-16,-1.0,190330.34254344122,170270.29085750796,55
2024-06-12,2024,6,2,2,0,9991,697803.35,352637.13,0.0,701129.37,706053.15,687770.44,689670.1,842144.0,825786.0,0,0,0,170,201,196,170,261,291,173,0,0,0,0.9749279121818236,-0.22252093395631434,1.2246467991473532e-16,-1.0,191344.83273649288,170000.18293372006,56
2024-06-13,2024,6,2,3,0,10196,699272.36,353702.11,0.0,697803.35,690597.16,679169.17,685308.5,843384.0,826456.0,0,0,0,169,202,195,171,260,290,172,0,0,0,0.43388373911755823,-0.900968867902419,1.2246467991473532e-16,-1.0,190224.50393701062,169441.0216509566,57
2024-06-14,2024,6,2,4,0,13616,923366.86,468174.26,0.0,699272.36,928972.01,690436.81,838626.94,842583.0,834221.0,0,0,0,168,203,194,172,259,289,171,0,0,0,-0.433883739117558,-0.9009688679024191,1.2246467991473532e-16,-1.0,189815.53817523684,168326.38520317918,58
2024-06-15,2024,6,2,5,1,18067,1334898.41,674550.34,625.0,923366.86,1106280.45,699458.28,1117774.89,875243.0,855402.0,1,0,0,167,204,193,173,258,288,170,0,0,0,-0.9749279121818236,-0.2225209339563146,1.2246467991473532e-16,-1.0,252174.2550700176,189439.95288210062,0
2024-06-16,2024,6,2,6,1,18684,1353778.9,683245.84,625.0,1334898.41,1078752.27,952256.77,1281379.94,914532.0,868786.0,1,0,0,166,205,192,174,257,287,169,0,0,0,-0.7818314824680299,0.6234898018587334,1.2246467991473532e-16,-1.0,305048.1334312524,209627.10420310384,0
2024-06-17,2024,6,2,0,0,12149,859114.06,432655.73,625.0,1353778.9,691476.7,1060004.62,1312926.68,938480.0,862090.0,1,0,0,165,206,191,175,256,286,168,0,0,0,0.0,1.0,1.2246467991473532e-16,-1.0,290869.08796751354,206493.37412842424,0
2024-06-18,2024,6,2,1,0,11809,859181.34,433725.18,625.0,859114.06,701129.37,1062804.43,821426.88,961059.0,855302.0,1,0,0,164,207,190,176,255,285,167,0,0,0,0.7818314824680298,0.6234898018587336,1.2246467991473532e-16,-1.0,275079.72549799085,202985.12161870353,0
2024-06-19,2024,6,2,2,0,11802,855274.11,431486.5,625.0,859181.34,697803.35,698718.73,830340.89,983555.0,860521.0,1,0,0,163,208,189,177,254,284,166,0,0,0,0.9749279121818236,-0.22252093395631434,1.2246467991473532e-16,-1.0,255720.38801283124,200821.62887084126,0
2024-06-20,2024,6,2,3,0,11948,874542.8,441687.54,625.0,855274.11,699272.36,690929.84,842143.17,1008594.0,866641.0,1,0,0,162,209,188,178,253,283,165,0,0,0,0.43388373911755823,-0.900968867902419,1.2246467991473532e-16,-1.0,230591.976185734,198256.3866497426,0
2024-06-21,2024,6,2,4,0,15842,1173691.5,591319.64,625.0,874542.8,923366.86,692263.25,824013.59,1044354.0,882689.0,1,0,0,161,210,187,179,252,282,164,0,0,0,-0.433883739117558,-0.9009688679024191,1.2246467991473532e-16,-1.0,234548.43481949976,203080.48232096073,0
2024-06-22,2024,6,2,5,1,18379,1344440.11,677883.3,625.0,1173691.5,1334898.41,703238.2,1059660.15,1045718.0,904062.0,1,0,0,160,211,186,180,251,281,163,0,0,0,-0.9749279121818236,-0.2225209339563146,1.2246467991473532e-16,-1.0,236537.66933737101,216819.9625340874,0
2024-06-23,2024,6,2,6,1,18454,1316350.78,663843.22,625.0,1344440.11,1353778.9,931775.08,1292333.43,1040371.0,916881.0,1,0,0,159,212,185,181,250,280,162,0,0,0,-0.7818314824680299,0.6234898018587334,1.2246467991473532e-16,-1.0,228706.8138237761,229512.22470728456,0
2024-06-24,2024,6,2,0,0,11950,859854.44,432641.88,625.0,1316350.78,859114.06,1057527.15,1267277.96,1040476.0,910292.0,1,0,0,158,213,184,182,249,279,161,0,0,0,0.0,1.0,1.2246467991473532e-16,-1.0,228609.16883413738,228168.74442972528,0
2024-06-25,2024,6,2,1,0,11899,871642.42,439473.98,625.0,859854.44,859181.34,1053827.89,821280.39,1042257.0,904219.0,1,0,0,157,214,183,183,248,278,160,0,0,0,0.7818314824680298,0.6234898018587336,1.2246467991473532e-16,-1.0,227005.04503593253,226636.0619212549,0
2024-06-26,2024,6,2,2,0,11605,858794.71,434165.96,625.0,871642.42,855274.11,688293.38,816354.83,1042760.0,909903.0,1,0,0,156,215,182,184,247,277,159,0,0,0,0.9749279121818236,-0.22252093395631434,1.2246467991473532e-16,-1.0,226525.12212628836,223145.50520489897,0
2024-06-27,2024,6,2,3,0,11709,872921.74,440239.57,625.0,858794.71,874542.8,692519.45,823003.63,1042528.0,915916.0,1,0,0,155,216,181,185,246,276,158,0,0,0,0.43388373911755823,-0.900968867902419,1.2246467991473532e-16,-1.0,226726.49345421072,219486.14324788307,0
2024-06-28,2024,6,2,4,0,15533,1151593.18,582623.84,625.0,872921.74,1173691.5,683429.26,845774.49,1039371.0,931522.0,1,0,0,154,217,180,186,245,275,157,0,0,0,-0.433883739117558,-0.9009688679024191,1.2246467991473532e-16,-1.0,224740.9629687581,219029.08320834054,0
2024-06-29,2024,6,2,5,1,18858,1359318.57,685119.01,625.0,1151593.18,1344440.11,690590.78,1112831.77,1041497.0,953813.0,1,0,0,153,218,179,187,244,274,156,0,0,0,-0.9749279121818236,-0.2225209339563146,1.2246467991473532e-16,-1.0,228151.5076261003,227527.52373602288,0
2024-06-30,2024,6,2,6,1,18393,1344080.75,678271.53,625.0,1359318.57,1316350.78,933191.09,1217897.71,1045458.0,967509.0,1,0,0,152,219,178,188,243,273,155,0,0,0,-0.7818314824680299,0.6234898018587334,1.2246467991473532e-16,-1.0,233887.8516282788,238352.8825994446,0
2024-07-01,2024,7,3,0,0,11314,809479.36,408576.38,625.0,1344080.75,859854.44,1064610.08,1206820.92,1038262.0,959005.0,1,0,0,151,220,177,189,242,272,154,0,0,0,0.0,1.0,-0.4999999999999997,-0.8660254037844388,241210.79160213238,239318.41121703945,0
2024-07-02,2024,7,3,1,0,11243,809917.61,408737.48,625.0,809479.36,871642.42,1062418.52,787706.79,1029444.0,950588.0,1,0,0,150,221,176,190,241,271,153,0,0,0,0.7818314824680298,0.6234898018587336,-0.4999999999999997,-0.8660254037844388,249309.25085359658,239995.1850150342,0
2024-07-03,2024,7,3,2,0,11367,820609.03,415010.9,625.0,809917.61,858794.71,692791.01,785997.36,1023989.0,954848.0,1,0,0,149,222,175,191,240,270,152,0,0,0,0.9749279121818236,-0.22252093395631434,-0.4999999999999997,-0.8660254037844388,254038.43232780608,236367.89621465735,0
2024-07-04,2024,7,3,3,0,11576,831545.83,420088.21,625.0,820609.03,872921.74,692264.73,766365.49,1018078.0,959491.0,1,0,0,148,223,174,192,239,269,151,0,0,0,0.43388373911755823,-0.900968867902419,-0.4999999999999997,-0.8660254037844388,258579.97088074032,232366.4158713784,0
2024-07-05,2024,7,3,4,0,14911,1094209.22,552171.25,625.0,831545.83,1151593.18,706053.15,766359.01,1009880.0,972430.0,1,0,0,147,224,173,193,238,268,150,0,0,0,-0.433883739117558,-0.9009688679024191,-0.4999999999999997,-0.8660254037844388,254519.4239644792,228543.09057089355,0
2024-07-06,2024,7,3,5,1,17628,1242163.65,628672.15,625.0,1094209.22,1359318.57,690597.16,1063262.32,993144.0,990815.0,1,0,0,146,225,172,194,237,267,149,0,0,0,-0.9749279121818236,-0.2225209339563146,-0.4999999999999997,-0.8660254037844388,230422.9667656236,227271.09834158517,0
2024-07-07,2024,7,3,6,1,16968,1228692.36,620292.0,625.0,1242163.65,1344080.75,928972.01,1224234.09,976660.0,1000806.0,1,0,0,145,226,171,195,236,266,148,0,0,0,-0.7818314824680299,0.6234898018587334,-0.4999999999999997,-0.8660254037844388,203712.51653507992,231015.6710456704,0
2024-07-08,2024,7,3,0,0,11308,813202.32,410869.61,625.0,1228692.36,809479.36,1106280.45,1213132.2,977191.0,991037.0,1,0,0,144,227,170,196,235,265,147,0,0,0,0.0,1.0,-0.4999999999999997,-0.8660254037844388,203207.53192413744,232593.03039024732,0
2024-07-09,2024,7,3,1,0,11045,805364.81,406512.75,625.0,813202.32,809917.61,1078752.27,782157.08,976541.0,981924.0,1,0,0,143,228,169,197,234,264,146,0,0,0,0.7818314824680298,0.6234898018587336,-0.4999999999999997,-0.8660254037844388,203838.45791022686,234386.55338802125,0
2024-07-10,2024,7,3,2,0,11007,801864.32,405358.75,625.0,805364.81,820609.03,691476.7,787323.42,973863.0,985603.0,1,0,0,142,229,168,198,233,263,145,0,0,0,0.9749279121818236,-0.22252093395631434,-0.4999999999999997,-0.8660254037844388,206336.16224755606,230503.97394051685,0
2024-07-11,2024,7,3,3,0,11108,810226.82,409798.28,625.0,801864.32,831545.83,701129.37,778862.12,970818.0,989240.0,1,0,0,141,230,167,199,232,262,144,0,0,0,0.43388373911755823,-0.900968867902419,-0.4999999999999997,-0.8660254037844388,208927.96774403492,226690.2135361695,0
2024-07-12,2024,7,3,4,0,15535,1104375.82,558026.02,625.0,810226.82,1094209.22,697803.35,776075.41,972270.0,1002792.0,1,0,0,140,231,166,200,231,261,143,0,0,0,-0.433883739117558,-0.9009688679024191,-0.4999999999999997,-0.8660254037844388,209961.4702457217,220741.39554126238,0
2024-07-13,2024,7,3,5,1,18433,1282391.37,647029.19,625.0,1104375.82,1242163.65,699272.36,1036389.27,978017.0,1022230.0,1,0,0,139,232,165,201,230,260,142,0,0,0,-0.9749279121818236,-0.2225209339563146,-0.4999999999999997,-0.8660254037844388,218938.50477799602,218757.7155752899,0
2024-07-14,2024,7,3,6,1,17762,1275064.14,643230.4,625.0,1282391.37,1228692.36,923366.86,1222376.41,984641.0,1033953.0,1,0,0,138,233,164,202,229,259,141,0,0,0,-0.7818314824680299,0.6234898018587334,-0.4999999999999997,-0.8660254037844388,228289.3282803026,222665.7968131885,0
2024-07-15,2024,7,3,0,0,11411,801509.99,404855.51,625.0,1275064.14,813202.32,1334898.41,1024173.91,982971.0,1016173.0,1,0,0,137,234,163,203,228,258,140,0,0,0,0.0,1.0,-0.4999999999999997,-0.8660254037844388,229790.60354529426,219073.25429182372,0
2024-07-16,2024,7,3,1,0,9443,652086.07,330262.07,0.0,801509.99,805364.81,1353778.9,662465.45,961074.0,992783.0,0,0,0,136,235,162,204,227,257,139,0,0,0,0.7818314824680298,0.6234898018587336,-0.4999999999999997,-0.8660254037844388,255410.41481924822,219243.92307947556,1
2024-07-17,2024,7,3,2,0,9426,660998.57,334264.86,0.0,652086.07,801864.32,859114.06,645399.66,940950.0,986180.0,0,0,0,135,236,161,205,226,256,138,0,0,0,0.9749279121818236,-0.22252093395631434,-0.4999999999999997,-0.8660254037844388,274854.4177466807,226279.83961778428,2
2024-07-18,2024,7,3,3,0,9498,668607.57,338739.26,0.0,660998.57,810226.82,859181.34,644261.55,920719.0,979827.0,0,0,0,134,237,160,206,225,255,137,0,0,0,0.43388373911755823,-0.900968867902419,-0.4999999999999997,-0.8660254037844388,290828.2778081473,232556.05401691777,3
2024-07-19,2024,7,3,4,0,12528,866640.67,438595.91,0.0,668607.57,1104375.82,855274.11,669410.0,886757.0,980206.0,0,0,0,133,238,159,207,224,254,136,0,0,0,-0.433883739117558,-0.9009688679024191,-0.4999999999999997,-0.8660254037844388,279465.9183333152,232355.30483009916,4
2024-07-20,2024,7,3,5,1,14897,1060637.81,537592.68,0.0,866640.67,1282391.37,874542.8,872364.28,855078.0,986409.0,0,0,0,132,239,158,208,223,253,135,0,0,0,-0.9749279121818236,-0.2225209339563146,-0.4999999999999997,-0.8660254037844388,236393.10141184818,231920.82641484123,5
2024-07-21,2024,7,3,6,1,14768,1034343.06,525279.77,0.0,1060637.81,1275064.14,1173691.5,1008762.13,820689.0,981764.0,0,0,0,131,240,157,209,222,252,134,0,0,0,-0.7818314824680299,0.6234898018587334,-0.4999999999999997,-0.8660254037844388,174527.7542227495,229422.5544735213,6
2024-07-22,2024,7,3,0,0,9635,661471.2,335216.42,0.0,1034343.06,801509.99,1344440.11,1025863.89,800684.0,958999.0,0,0,0,130,241,156,210,221,251,133,0,0,0,0.0,1.0,-0.4999999999999997,-0.8660254037844388,184815.48148073163,226054.01925648696,7
2024-07-23,2024,7,3,1,0,9593,658210.93,333328.15,0.0,661471.2,652086.07,1316350.78,675617.71,801559.0,937061.0,0,0,0,129,242,155,211,220,250,132,0,0,0,0.7818314824680298,0.6234898018587336,-0.4999999999999997,-0.8660254037844388,184007.4501444815,222078.46939604878,8
2024-07-24,2024,7,3,2,0,9618,659315.52,334105.88,0.0,658210.93,660998.57,859854.44,649975.46,801318.0,930376.0,0,0,0,128,243,154,212,219,249,131,0,0,0,0.9749279121818236,-0.22252093395631434,-0.4999999999999997,-0.8660254037844388,184222.69909607584,227436.05124432893,9
2024-07-25,2024,7,3,3,0,9695,655999.15,332560.1,0.0,659315.52,668607.57,871642.42,669833.82,799517.0,923188.0,0,0,0,127,244,153,213,218,248,130,0,0,0,0.43388373911755823,-0.900968867902419,-0.4999999999999997,-0.8660254037844388,185791.46891237033,232703.04530193208,10
2024-07-26,2024,7,3,4,0,12607,867690.89,438494.05,0.0,655999.15,866640.67,858794.71,658377.73,799667.0,923484.0,0,0,0,126,245,152,214,217,247,129,0,0,0,-0.433883739117558,-0.9009688679024191,-0.4999999999999997,-0.8660254037844388,185855.12025912164,232623.81272304576,11
2024-07-27,2024,7,3,5,1,14991,1033937.61,522876.8,0.0,867690.89,1060637.81,872921.74,893056.37,795853.0,928852.0,0,0,0,125,246,151,215,216,246,128,0,0,0,-0.9749279121818236,-0.2225209339563146,-0.4999999999999997,-0.8660254037844388,179781.28521716944,233273.58741063185,12
2024-07-28,2024,7,3,6,1,14750,1024090.44,519660.69,0.0,1033937.61,1034343.06,1151593.18,1035228.5,794388.0,924602.0,0,0,0,124,247,150,216,215,245,127,0,0,0,-0.7818314824680299,0.6234898018587334,-0.4999999999999997,-0.8660254037844388,177542.32314632257,230216.92615150515,13
2024-07-29,2024,7,3,0,0,9701,669424.3,339904.37,0.0,1024090.44,661471.2,1359318.57,1028964.14,795524.0,901605.0,0,0,0,123,248,149,217,214,244,126,0,0,0,0.0,1.0,-0.4999999999999997,-0.8660254037844388,176572.77737712863,219503.08428650437,14
2024-07-30,2024,7,3,1,0,9508,654249.97,331334.53,0.0,669424.3,658210.93,1344080.75,650049.12,794958.0,878611.0,0,0,0,122,249,148,218,213,243,125,0,0,0,0.7818314824680298,0.6234898018587336,-0.4999999999999997,-0.8660254037844388,177091.74000096208,207348.1227098485,15
2024-07-31,2024,7,3,2,0,9580,662269.63,335841.41,0.0,654249.97,659315.52,809479.36,647254.87,795380.0,873704.0,0,0,0,121,250,147,219,212,242,124,0,0,0,0.9749279121818236,-0.22252093395631434,-0.4999999999999997,-0.8660254037844388,176717.75007267747,210754.47633285396,16
2024-08-01,2024,8,3,3,0,9734,660965.07,335267.1,0.0,662269.63,655999.15,809917.61,669339.13,796090.0,868739.0,0,0,0,120,251,146,220,211,241,123,0,0,0,0.43388373911755823,-0.900968867902419,-0.8660254037844385,-0.5000000000000004,176073.75607607357,214037.98597787198,17
2024-08-02,2024,8,3,4,0,12962,886921.82,448815.74,0.0,660965.07,867690.89,820609.03,649395.15,798837.0,870949.0,0,0,0,119,252,145,221,210,240,122,0,0,0,-0.433883739117558,-0.9009688679024191,-0.8660254037844385,-0.5000000000000004,177521.22707101845,213866.1455070679,18
2024-08-03,2024,8,3,5,1,14644,1001981.12,507900.18,0.0,886921.82,1033937.61,831545.83,879314.77,794272.0,876630.0,0,0,0,118,253,144,222,209,239,121,0,0,0,-0.9749279121818236,-0.2225209339563146,-0.8660254037844385,-0.5000000000000004,170749.35987831088,215043.83200273587,19
2024-08-04,2024,8,3,6,1,14829,1023074.17,519553.19,0.0,1001981.12,1024090.44,1094209.22,1023882.13,794127.0,874259.0,0,0,0,117,254,143,223,208,238,120,0,0,0,-0.7818314824680299,0.6234898018587334,-0.8660254037844385,-0.5000000000000004,170521.66675780714,212943.91159376717,20
2024-08-05,2024,8,3,0,0,9623,650737.06,329838.97,0.0,1023074.17,669424.3,1242163.65,1002685.32,791457.0,854545.0,0,0,0,116,255,142,224,207,237,119,0,0,0,0.0,1.0,-0.8660254037844385,-0.5000000000000004,172928.61791111564,204935.39214455322,21
2024-08-06,2024,8,3,1,0,9623,673642.9,341315.16,0.0,650737.06,654249.97,1228692.36,654138.62,794227.0,836043.0,0,0,0,115,256,141,225,206,236,118,0,0,0,0.7818314824680298,0.6234898018587336,-0.8660254037844385,-0.5000000000000004,170502.44806961395,194796.68673984634,22
2024-08-07,2024,8,3,2,0,9713,661125.41,334646.26,0.0,673642.9,662269.63,813202.32,665202.42,794064.0,830974.0,0,0,0,114,257,140,226,205,235,117,0,0,0,0.9749279121818236,-0.22252093395631434,-0.8660254037844385,-0.5000000000000004,170650.5241817161,197373.29689004456,23
2024-08-08,2024,8,3,3,0,9747,668492.72,338792.86,0.0,661125.41,660965.07,805364.81,658518.25,795139.0,826412.0,0,0,0,113,258,139,227,204,234,116,0,0,0,0.43388373911755823,-0.900968867902419,-0.8660254037844385,-0.5000000000000004,169693.0245615092,199555.55662371925,24
2024-08-09,2024,8,3,4,0,12928,871670.18,440742.49,0.0,668492.72,886921.82,801864.32,665642.34,792961.0,828738.0,0,0,0,112,259,138,228,203,233,115,0,0,0,-0.433883739117558,-0.9009688679024191,-0.8660254037844385,-0.5000000000000004,168411.22795130513,199666.4058785155,25
2024-08-10,2024,8,3,5,1,14767,1030453.08,521958.62,0.0,871670.18,1001981.12,810226.82,902134.91,797028.0,836079.0,0,0,0,111,260,137,229,202,232,114,0,0,0,-0.9749279121818236,-0.2225209339563146,-0.8660254037844385,-0.5000000000000004,174533.3531550576,202983.1839275953,26
2024-08-11,2024,8,3,6,1,15184,1040665.28,526948.96,0.0,1030453.08,1023074.17,1104375.82,994666.02,799541.0,833956.0,0,0,0,110,261,136,230,201,231,113,0,0,0,-0.7818314824680299,0.6234898018587334,-0.8660254037844385,-0.5000000000000004,178414.03022746986,200396.16900527067,27
2024-08-12,2024,8,3,0,0,9699,652695.22,330324.06,0.0,1040665.28,650737.06,1282391.37,1035077.82,799821.0,812966.0,0,0,0,109,262,135,231,200,230,112,0,0,0,0.0,1.0,-0.8660254037844385,-0.5000000000000004,178143.1634356938,184123.60387171232,28
2024-08-13,2024,8,3,1,0,9804,668711.78,338656.4,0.0,652695.22,673642.9,1275064.14,652145.19,799116.0,792754.0,0,0,0,108,263,134,232,199,229,111,0,0,0,0.7818314824680298,0.6234898018587336,-0.8660254037844385,-0.5000000000000004,178734.04726140623,163808.37748710424,29
2024-08-14,2024,8,3,2,0,9793,653075.7,331044.43,0.0,668711.78,661125.41,801509.99,880276.23,797966.0,787806.0,0,0,0,107,264,133,233,198,228,110,0,0,0,0.9749279121818236,-0.22252093395631434,-0.8660254037844385,-0.5000000000000004,179792.59866396387,165764.81875957022,30
2024-08-15,2024,8,3,3,0,11274,936195.06,475106.31,770.0,653075.7,668492.72,652086.07,862406.17,836209.0,797276.0,1,0,0,106,265,132,234,197,227,109,0,0,0,0.43388373911755823,-0.900968867902419,-0.8660254037844385,-0.5000000000000004,176095.74680306044,165859.3091645438,0
2024-08-16,2024,8,3,4,0,15521,1257437.46,638894.97,770.0,936195.06,871670.18,660998.57,878502.2,891319.0,817158.0,1,0,0,105,266,131,235,196,226,108,0,0,0,-0.433883739117558,-0.9009688679024191,-0.8660254037844385,-0.5000000000000004,238388.45884174437,183743.49656634414,0
2024-08-17,2024,8,3,5,1,18068,1481652.59,751738.97,770.0,1257437.46,1030453.08,668607.57,1190174.64,955776.0,844259.0,1,0,0,104,267,130,236,195,225,107,0,0,0,-0.9749279121818236,-0.2225209339563146,-0.8660254037844385,-0.5000000000000004,326860.5015036008,217868.98819233145,0
2024-08-18,2024,8,3,6,1,17863,1450184.49,736649.59,770.0,1481652.59,1040665.28,866640.67,1348905.04,1014279.0,863711.0,1,0,0,103,268,129,237,194,224,106,0,0,0,-0.7818314824680299,0.6234898018587334,-0.8660254037844385,-0.5000000000000004,377337.6393950944,244373.4889987696,0
2024-08-19,2024,8,3,0,0,11534,921160.67,466709.43,770.0,1450184.49,652695.22,1060637.81,1395747.26,1052631.0,859061.0,1,0,0,102,269,128,238,193,223,105,0,0,0,0.0,1.0,-0.8660254037844385,-0.5000000000000004,346875.1382444083,241811.0845255462,0
2024-08-20,2024,8,3,1,0,11471,921535.98,468090.68,770.0,921160.67,668711.78,1034343.06,904645.87,1088749.0,855301.0,1,0,0,101,270,127,239,192,222,104,0,0,0,0.7818314824680298,0.6234898018587336,-0.8660254037844385,-0.5000000000000004,311607.2881998481,239860.63968296573,0
2024-08-21,2024,8,3,2,0,11471,928001.98,470185.8,770.0,921535.98,653075.7,661471.2,894212.92,1128024.0,864186.0,1,0,0,100,271,126,240,191,221,103,0,0,0,0.9749279121818236,-0.22252093395631434,-0.8660254037844385,-0.5000000000000004,260712.25997902337,237356.70973409122,0
2024-08-22,2024,8,3,3,0,11726,942940.46,477693.36,770.0,928001.98,936195.06,658210.93,907580.79,1128988.0,873677.0,1,0,0,99,272,125,241,190,220,102,0,0,0,0.43388373911755823,-0.900968867902419,-0.8660254037844385,-0.5000000000000004,259896.25143961853,234512.14352682265,0
2024-08-23,2024,8,3,4,0,15436,1255672.45,637421.99,770.0,942940.46,1257437.46,659315.52,875542.94,1128736.0,893555.0,1,0,0,98,273,124,242,189,219,101,0,0,0,-0.433883739117558,-0.9009688679024191,-0.8660254037844385,-0.5000000000000004,259751.6791538134,240903.319219214,0
2024-08-24,2024,8,3,5,1,17820,1422479.72,721562.31,770.0,1255672.45,1481652.59,655999.15,1184862.49,1120282.0,919105.0,1,0,0,97,274,123,243,188,218,100,0,0,0,-0.9749279121818236,-0.2225209339563146,-0.8660254037844385,-0.5000000000000004,247002.22713562677,255068.82948255964,0
2024-08-25,2024,8,3,6,1,17913,1486638.39,752724.5,770.0,1422479.72,1450184.49,867690.89,1381271.27,1125490.0,939736.0,1,0,0,96,275,122,244,187,217,99,0,0,0,-0.7818314824680299,0.6234898018587334,-0.8660254037844385,-0.5000000000000004,255359.9073345339,275018.7834869943,0
2024-08-26,2024,8,3,0,0,11708,925493.37,469875.93,770.0,1486638.39,921160.67,1033937.61,1352038.41,1126109.0,936121.0,1,0,0,95,276,121,245,186,216,98,0,0,0,0.0,1.0,-0.8660254037844385,-0.5000000000000004,254786.7046616887,274450.0162090947,0
2024-08-27,2024,8,3,1,0,11346,942283.78,477624.98,770.0,925493.37,921535.98,1024090.44,881580.61,1129073.0,933394.0,1,0,0,94,277,120,246,185,215,97,0,0,0,0.7818314824680298,0.6234898018587336,-0.8660254037844385,-0.5000000000000004,252116.9332528925,273951.78637860867,0
2024-08-28,2024,8,3,2,0,11514,942879.92,478311.7,770.0,942283.78,928001.98,669424.3,914540.44,1131198.0,942510.0,1,0,0,93,278,119,247,184,214,96,0,0,0,0.9749279121818236,-0.22252093395631434,-0.8660254037844385,-0.5000000000000004,250194.71680242897,269376.99657291453,0
2024-08-29,2024,8,3,3,0,11542,963854.93,489833.91,770.0,942879.92,942940.46,654249.97,879160.6,1134186.0,952830.0,1,0,0,92,279,118,248,183,213,95,0,0,0,0.43388373911755823,-0.900968867902419,-0.8660254037844385,-0.5000000000000004,247684.16691803234,263826.08354561514,0
2024-08-30,2024,8,3,4,0,14896,1201719.86,610470.54,770.0,963854.93,1255672.45,662269.63,882417.57,1126479.0,970811.0,1,0,0,91,280,117,249,182,212,94,0,0,0,-0.433883739117558,-0.9009688679024191,-0.8660254037844385,-0.5000000000000004,244086.976409192,261714.687868296,0
2024-08-31,2024,8,3,5,1,17601,1487558.91,753740.45,770.0,1201719.86,1422479.72,660965.07,1231620.99,1135776.0,998365.0,1,0,0,90,281,116,250,181,211,93,0,0,0,-0.9749279121818236,-0.2225209339563146,-0.8660254037844385,-0.5000000000000004,258078.7996022073,271305.31969613995,0
2024-09-01,2024,9,3,6,1,18506,1538203.23,779397.96,770.0,1487558.91,1486638.39,886921.82,1429360.49,1143142.0,1020074.0,1,0,0,89,282,115,251,180,210,92,0,0,0,-0.7818314824680299,0.6234898018587334,-1.0,-1.8369701987210297e-16,270213.32741089666,287645.5027684575,0
2024-09-02,2024,9,3,0,0,11905,977547.46,495426.92,770.0,1538203.23,925493.37,1001981.12,1460734.67,1150578.0,1019259.0,1,0,0,88,283,114,252,179,209,91,0,0,0,0.0,1.0,-1.0,-1.8369701987210297e-16,263867.0718514158,287733.0763367469,0
2024-09-03,2024,9,3,1,0,11864,959176.89,486227.45,770.0,977547.46,942283.78,1023074.17,933421.7,1152992.0,1017130.0,1,0,0,87,284,113,253,178,208,90,0,0,0,0.7818314824680298,0.6234898018587336,-1.0,-1.8369701987210297e-16,261712.98344253926,287940.2861266933,0
2024-09-04,2024,9,3,2,0,12059,984993.89,497924.79,770.0,959176.89,942879.92,650737.06,951895.19,1159008.0,1028271.0,1,0,0,86,285,112,254,177,207,89,0,0,0,0.9749279121818236,-0.22252093395631434,-1.0,-1.8369701987210297e-16,256510.2523004998,279620.6557734525,0
2024-09-05,2024,9,3,3,0,11966,983665.06,499395.31,770.0,984993.89,963854.93,673642.9,944427.2,1161838.0,1038606.0,1,0,0,85,286,111,255,176,206,88,0,0,0,0.43388373911755823,-0.900968867902419,-1.0,-1.8369701987210297e-16,254096.2497267008,271678.57198364293,0
2024-09-06,2024,9,3,4,0,16022,1287507.25,652013.23,770.0,983665.06,1201719.86,661125.41,921176.95,1174093.0,1059485.0,1,0,0,84,287,110,256,175,205,87,0,0,0,-0.433883739117558,-0.9009688679024191,-1.0,-1.8369701987210297e-16,258373.2073933326,265670.94623419817,0
2024-09-07,2024,9,3,5,1,18492,1515562.99,769126.55,770.0,1287507.25,1487558.91,668492.72,1263959.88,1178094.0,1087721.0,1,0,0,83,288,109,257,174,204,86,0,0,0,-0.9749279121818236,-0.2225209339563146,-1.0,-1.8369701987210297e-16,264187.15492570546,267689.0368824356,0
2024-09-08,2024,9,3,6,1,18735,1523387.05,771529.93,770.0,1515562.99,1538203.23,871670.18,1421420.84,1175977.0,1109444.0,1,0,0,82,289,108,258,173,203,85,0,0,0,-0.7818314824680299,0.6234898018587334,-1.0,-1.8369701987210297e-16,260859.59976024678,275870.71151151677,0
2024-09-09,2024,9,3,0,0,12200,972261.17,492620.46,770.0,1523387.05,977547.46,1030453.08,1464908.6,1175222.0,1107505.0,1,0,0,81,290,107,259,172,202,84,0,0,0,0.0,1.0,-1.0,-1.8369701987210297e-16,261536.56597398335,276648.76145491336,0
2024-09-10,2024,9,3,1,0,12028,987154.92,500775.41,770.0,972261.17,959176.89,1040665.28,687873.22,1179219.0,1105721.0,1,0,0,80,291,106,260,171,201,83,0,0,0,0.7818314824680298,0.6234898018587336,-1.0,-1.8369701987210297e-16,257872.7600860954,277266.3789828241,0
2024-09-11,2024,9,3,2,0,10250,722764.96,366219.68,0.0,987154.92,984993.89,652695.22,699466.5,1141758.0,1108057.0,0,0,0,79,292,105,261,170,200,82,0,0,0,0.9749279121818236,-0.22252093395631434,-1.0,-1.8369701987210297e-16,305448.73525116924,273589.29718597064,1
2024-09-12,2024,9,3,3,0,9909,695572.46,352124.19,0.0,722764.96,983665.06,668711.78,693434.19,1100602.0,1108952.0,0,0,0,78,293,104,262,169,199,81,0,0,0,0.43388373911755823,-0.900968867902419,-1.0,-1.8369701987210297e-16,346896.9010805142,272142.0293295765,2
2024-09-13,2024,9,3,4,0,13662,931429.59,471845.36,0.0,695572.46,1287507.25,653075.7,682879.92,1049733.0,1118231.0,0,0,0,77,294,103,263,168,198,80,0,0,0,-0.433883739117558,-0.9009688679024191,-1.0,-1.8369701987210297e-16,340978.2796837061,260562.09081876918,3
2024-09-14,2024,9,3,5,1,15656,1087486.06,549537.84,0.0,931429.59,1515562.99,936195.06,914042.36,988579.0,1123274.0,0,0,0,76,295,102,264,167,197,79,0,0,0,-0.9749279121818236,-0.2225209339563146,-1.0,-1.8369701987210297e-16,275634.5853505397,258372.28059630425,4
2024-09-15,2024,9,3,6,1,15580,1085114.78,549503.75,0.0,1087486.06,1523387.05,1257437.46,1074934.95,925969.0,1117530.0,0,0,0,75,296,101,265,166,196,78,0,0,0,-0.7818314824680299,0.6234898018587334,-1.0,-1.8369701987210297e-16,159010.52760311984,257199.58322295878,5
2024-09-16,2024,9,3,0,0,10159,708270.58,358104.24,0.0,1085114.78,972261.17,1481652.59,1066038.09,888256.0,1091750.0,0,0,0,74,297,100,266,165,195,77,0,0,0,0.0,1.0,-1.0,-1.8369701987210297e-16,176540.80436775726,258201.1425613198,6
2024-09-17,2024,9,3,1,0,9958,672273.75,339923.67,0.0,708270.58,987154.92,1450184.49,694234.49,843273.0,1065820.0,0,0,0,73,298,99,267,164,194,76,0,0,0,0.7818314824680298,0.6234898018587336,-1.0,-1.8369701987210297e-16,186950.56553169602,260018.6184208232,7
2024-09-18,2024,9,3,2,0,9877,693609.65,351409.98,0.0,672273.75,722764.96,921160.67,687131.53,839108.0,1058235.0,0,0,0,72,299,98,268,163,193,75,0,0,0,0.9749279121818236,-0.22252093395631434,-1.0,-1.8369701987210297e-16,190376.20256415868,267592.64608230506,8
2024-09-19,2024,9,3,3,0,9873,689693.77,349337.32,0.0,693609.65,695572.46,921535.98,690710.65,838268.0,1050507.0,0,0,0,71,300,97,269,162,192,74,0,0,0,0.43388373911755823,-0.900968867902419,-1.0,-1.8369701987210297e-16,191126.40510132205,274924.00792129734,9
2024-09-20,2024,9,3,4,0,13157,933599.32,472287.36,0.0,689693.77,931429.59,928001.98,697639.2,838578.0,1050693.0,0,0,0,70,301,96,270,161,191,73,0,0,0,-0.433883739117558,-0.9009688679024191,-1.0,-1.8369701987210297e-16,191304.34792031432,274839.88938962197,10
2024-09-21,2024,9,3,5,1,15084,1049965.8,531680.38,0.0,933599.32,1087486.06,942940.46,925509.2,833218.0,1054261.0,0,0,0,69,302,95,271,160,190,72,0,0,0,-0.9749279121818236,-0.2225209339563146,-1.0,-1.8369701987210297e-16,183535.92352421032,274086.5730830205,11
2024-09-22,2024,9,3,6,1,15786,1077739.55,546201.79,0.0,1049965.8,1085114.78,1255672.45,1089259.88,832165.0,1048330.0,0,0,0,68,303,94,272,159,189,71,0,0,0,-0.7818314824680299,0.6234898018587334,-1.0,-1.8369701987210297e-16,181862.42276617637,271490.72977787105,12
2024-09-23,2024,9,3,0,0,9734,677161.05,342307.61,0.0,1077739.55,708270.58,1422479.72,1049474.61,827720.0,1023486.0,0,0,0,67,304,93,273,158,188,70,0,0,0,0.0,1.0,-1.0,-1.8369701987210297e-16,185733.57334796558,270170.4725686816,13
2024-09-24,2024,9,3,1,0,9839,705031.87,356004.1,0.0,677161.05,672273.75,1486638.39,687412.42,832400.0,997432.0,0,0,0,66,305,92,274,157,187,69,0,0,0,0.7818314824680298,0.6234898018587336,-1.0,-1.8369701987210297e-16,181529.27953129512,261514.76611065678,14
2024-09-25,2024,9,3,2,0,9961,679314.51,343822.54,0.0,705031.87,693609.65,925493.37,696617.7,830358.0,989226.0,0,0,0,65,306,91,275,156,186,68,0,0,0,0.9749279121818236,-0.22252093395631434,-1.0,-1.8369701987210297e-16,183421.41508901815,267640.5666138977,15
2024-09-26,2024,9,3,3,0,9901,678604.61,343759.56,0.0,679314.51,689693.77,942283.78,687272.78,828774.0,980437.0,0,0,0,64,307,90,276,155,185,67,0,0,0,0.43388373911755823,-0.900968867902419,-1.0,-1.8369701987210297e-16,184880.85865208402,273500.76096329984,16
2024-09-27,2024,9,3,4,0,13616,929021.99,470957.64,0.0,678604.61,933599.32,942879.92,694334.66,828120.0,979975.0,0,0,0,63,308,89,277,154,184,66,0,0,0,-0.433883739117558,-0.9009688679024191,-1.0,-1.8369701987210297e-16,184455.91539206676,273578.0721275678,17
2024-09-28,2024,9,3,5,1,15361,1086094.24,550324.81,0.0,929021.99,1049965.8,963854.93,917105.69,833281.0,984050.0,0,0,0,62,309,88,278,153,183,65,0,0,0,-0.9749279121818236,-0.2225209339563146,-1.0,-1.8369701987210297e-16,192047.12874431294,274239.2145281283,18
2024-09-29,2024,9,3,6,1,15197,1078847.83,546484.53,0.0,1086094.24,1077739.55,1201719.86,1071917.15,833439.0,979954.0,0,0,0,61,310,87,279,152,182,64,0,0,0,-0.7818314824680299,0.6234898018587334,-1.0,-1.8369701987210297e-16,192282.5644517628,271782.770857002,19
2024-09-30,2024,9,3,0,0,9808,679413.81,344031.14,0.0,1078847.83,677161.05,1487558.91,1146266.8,833761.0,953016.0,0,0,0,60,311,86,280,151,181,63,0,0,0,0.0,1.0,-1.0,-1.8369701987210297e-16,191979.05357366902,259508.94034310518,20
2024-10-01,2024,10,4,1,0,10895,744102.03,375319.81,0.0,679413.81,705031.87,1538203.23,756689.57,839343.0,926546.0,0,0,0,59,312,85,281,150,180,62,0,0,0,0.7818314824680298,0.6234898018587336,-0.8660254037844386,0.5000000000000001,188142.3198422798,237311.25719581416,21
2024-10-02,2024,10,4,2,0,10597,726867.13,366194.1,0.0,744102.03,679314.51,977547.46,735336.67,846136.0,918190.0,0,0,0,58,313,84,282,149,179,61,0,0,0,0.9749279121818236,-0.22252093395631434,-0.8660254037844386,0.5000000000000001,182164.71015854794,239853.25829310095,22
2024-10-03,2024,10,4,3,0,10688,748262.46,377476.7,0.0,726867.13,678604.61,959176.89,758512.44,856087.0,911159.0,0,0,0,57,314,83,283,148,178,60,0,0,0,0.43388373911755823,-0.900968867902419,-0.8660254037844386,0.5000000000000001,173168.11985307347,241694.48033081685,23
2024-10-04,2024,10,4,4,0,14547,995774.85,501022.99,0.0,748262.46,929021.99,984993.89,745679.97,865623.0,911519.0,0,0,0,56,315,82,284,147,177,59,0,0,0,-0.433883739117558,-0.9009688679024191,-0.8660254037844386,0.5000000000000001,179573.4744018851,241816.03200234348,24
2024-10-05,2024,10,4,5,1,16673,1161484.44,584914.57,0.0,995774.85,1086094.24,983665.06,996241.71,876393.0,917446.0,0,0,0,55,316,81,285,146,176,58,0,0,0,-0.9749279121818236,-0.2225209339563146,-0.8660254037844386,0.5000000000000001,196466.38244122075,245792.08059246952,25
2024-10-06,2024,10,4,6,1,16967,1164659.72,586227.43,0.0,1161484.44,1078847.83,1287507.25,1128976.26,888652.0,913351.0,0,0,0,54,317,80,286,145,175,57,0,0,0,-0.7818314824680299,0.6234898018587334,-0.8660254037844386,0.5000000000000001,213171.28789304045,240377.92502721254,26
2024-10-07,2024,10,4,0,0,10668,740246.96,373455.42,0.0,1164659.72,679413.81,1515562.99,1168184.49,897343.0,887507.0,0,0,0,53,318,79,287,144,174,56,0,0,0,0.0,1.0,-0.8660254037844386,0.5000000000000001,204273.8148249294,213584.6164462433,27
2024-10-08,2024,10,4,1,0,10849,730906.27,369224.53,0.0,740246.96,744102.03,1523387.05,741815.08,895457.0,861091.0,0,0,0,52,319,78,288,143,173,55,0,0,0,0.7818314824680298,0.6234898018587336,-0.8660254037844386,0.5000000000000001,205977.4463578502,178323.5599466055,28
2024-10-09,2024,10,4,2,0,11135,768485.02,387361.06,0.0,730906.27,726867.13,972261.17,732837.19,901403.0,854298.0,0,0,0,51,320,77,289,142,172,54,0,0,0,0.9749279121818236,-0.22252093395631434,-0.8660254037844386,0.5000000000000001,200836.63373406252,177823.27280860886,29
2024-10-10,2024,10,4,3,0,10809,745522.38,376205.22,0.0,768485.02,748262.46,987154.92,728482.01,901011.0,846244.0,0,0,0,50,321,76,290,141,171,53,0,0,0,0.43388373911755823,-0.900968867902419,-0.8660254037844386,0.5000000000000001,201187.22201756548,177068.8122867963,30
2024-10-11,2024,10,4,4,0,14583,991253.58,499244.26,0.0,745522.38,995774.85,722764.96,726558.63,900365.0,855194.0,0,0,0,49,322,75,291,140,170,52,0,0,0,-0.433883739117558,-0.9009688679024191,-0.8660254037844386,0.5000000000000001,200839.242902758,177397.4081517965,31
2024-10-12,2024,10,4,5,1,16550,1162840.07,584489.73,0.0,991253.58,1161484.44,695572.46,991941.88,900559.0,870769.0,0,0,0,48,323,74,292,139,169,51,0,0,0,-0.9749279121818236,-0.2225209339563146,-0.8660254037844386,0.5000000000000001,201133.4322970654,183313.8238890165,32
2024-10-13,2024,10,4,6,1,17120,1161378.7,583910.09,0.0,1162840.07,1164659.72,931429.59,1136126.22,900090.0,878434.0,0,0,0,47,324,73,293,138,168,50,0,0,0,-0.7818314824680299,0.6234898018587334,-0.8660254037844386,0.5000000000000001,200417.9525376386,190600.35845965854,33
2024-10-14,2024,10,4,0,0,11020,748603.17,377420.48,0.0,1161378.7,740246.96,1087486.06,1174157.59,901284.0,867138.0,0,0,0,46,325,72,294,137,167,49,0,0,0,0.0,1.0,-0.8660254037844386,0.5000000000000001,199329.13072379748,187805.0881334624,34
2024-10-15,2024,10,4,1,0,11003,748932.62,377431.56,0.0,748603.17,730906.27,1085114.78,745990.51,903859.0,855932.0,0,0,0,45,326,71,295,136,166,48,0,0,0,0.7818314824680298,0.6234898018587336,-0.8660254037844386,0.5000000000000001,196862.28637546801,184348.17355236068,35
2024-10-16,2024,10,4,2,0,10796,750634.46,378327.4,0.0,748932.62,768485.02,708270.58,752182.98,901309.0,857344.0,0,0,0,44,327,70,296,135,165,47,0,0,0,0.9749279121818236,-0.22252093395631434,-0.8660254037844386,0.5000000000000001,199012.01662939583,183337.55117746082,36
2024-10-17,2024,10,4,3,0,10556,739059.0,371993.57,0.0,750634.46,745522.38,672273.75,744990.22,900386.0,859570.0,0,0,0,43,328,69,297,134,164,46,0,0,0,0.43388373911755823,-0.900968867902419,-0.8660254037844386,0.5000000000000001,199868.42499734098,181408.16196889285,37
2024-10-18,2024,10,4,4,0,14094,994227.25,501556.47,0.0,739059.0,991253.58,693609.65,744443.34,900811.0,869591.0,0,0,0,42,329,68,298,133,163,45,0,0,0,-0.433883739117558,-0.9009688679024191,-0.8660254037844386,0.5000000000000001,200096.77827953972,180223.603498639,38
2024-10-19,2024,10,4,5,1,16797,1169581.05,590305.66,0.0,994227.25,1162840.07,689693.77,1001505.54,901774.0,885587.0,0,0,0,41,330,67,299,132,162,44,0,0,0,-0.9749279121818236,-0.2225209339563146,-0.8660254037844386,0.5000000000000001,201578.74478994362,184940.86129366522,39
2024-10-20,2024,10,4,6,1,16849,1157123.28,583469.74,0.0,1169581.05,1161378.7,933599.32,1156268.23,901166.0,893038.0,0,0,0,40,331,66,300,131,161,43,0,0,0,-0.7818314824680299,0.6234898018587334,-0.8660254037844386,0.5000000000000001,200669.71519160774,191333.9555667175,40
2024-10-21,2024,10,4,0,0,10766,745988.55,376523.4,0.0,1157123.28,748603.17,1049965.8,1156807.56,900792.0,882905.0,0,0,0,39,332,65,301,130,160,42,0,0,0,0.0,1.0,-0.8660254037844386,0.5000000000000001,201003.17326763656,190785.031763084,41
2024-10-22,2024,10,4,1,0,10667,743431.36,375515.25,0.0,745988.55,748932.62,1077739.55,738261.55,900006.0,871762.0,0,0,0,38,333,64,302,129,159,41,0,0,0,0.7818314824680298,0.6234898018587336,-0.8660254037844386,0.5000000000000001,201705.4096837088,188765.15193752965,42
2024-10-23,2024,10,4,2,0,10735,753145.78,379231.51,0.0,743431.36,750634.46,677161.05,759185.69,900365.0,874295.0,0,0,0,37,334,63,303,128,158,40,0,0,0,0.9749279121818236,-0.22252093395631434,-0.8660254037844386,0.5000000000000001,201397.45031184252,186560.89382178022,43
2024-10-24,2024,10,4,3,0,10792,744699.41,376059.88,0.0,753145.78,739059.0,705031.87,739187.41,901171.0,875617.0,0,0,0,36,335,62,304,127,157,39,0,0,0,0.43388373911755823,-0.900968867902419,-0.8660254037844386,0.5000000000000001,200654.42984177644,185457.18294139986,44
2024-10-25,2024,10,4,4,0,14312,993680.72,500733.08,0.0,744699.41,994227.25,679314.51,736094.81,901093.0,886096.0,0,0,0,35,336,61,305,126,156,38,0,0,0,-0.433883739117558,-0.9009688679024191,-0.8660254037844386,0.5000000000000001,200612.28825793034,182845.9760484312,45
2024-10-26,2024,10,4,5,1,16824,1168873.22,589910.6,0.0,993680.72,1169581.05,678604.61,972838.23,900992.0,902438.0,0,0,0,34,337,60,306,125,155,37,0,0,0,-0.9749279121818236,-0.2225209339563146,-0.8660254037844386,0.5000000000000001,200454.5179852874,185550.93026473033,46
2024-10-27,2024,10,4,6,1,16592,1144101.75,576628.17,0.0,1168873.22,1157123.28,929021.99,1155247.11,899132.0,909607.0,0,0,0,33,338,59,307,124,154,36,0,0,0,-0.7818314824680299,0.6234898018587334,-0.8660254037844386,0.5000000000000001,197723.27948113022,190697.26390381242,47
2024-10-28,2024,10,4,0,0,10828,752615.03,378769.1,0.0,1144101.75,745988.55,1086094.24,1173599.23,900078.0,898491.0,0,0,0,32,339,58,308,123,153,35,0,0,0,0.0,1.0,-0.8660254037844386,0.5000000000000001,196881.94893519263,189772.09389281718,48
2024-10-29,2024,10,4,1,0,10703,734224.56,369749.67,0.0,752615.03,743431.36,1078847.83,761553.01,898763.0,887004.0,0,0,0,31,340,57,309,122,152,34,0,0,0,0.7818314824680298,0.6234898018587336,-0.8660254037844386,0.5000000000000001,198129.62872277712,188906.68117977545,49
2024-10-30,2024,10,4,2,0,10942,752559.38,380185.5,0.0,734224.56,753145.78,679413.81,742987.23,898679.0,889442.0,0,0,0,30,341,56,310,121,151,33,0,0,0,0.9749279121818236,-0.22252093395631434,-0.8660254037844386,0.5000000000000001,198201.56961839195,186592.82840002794,50
2024-10-31,2024,10,4,3,0,10781,743356.13,375089.62,0.0,752559.38,744699.41,744102.03,1013238.11,898487.0,889417.0,0,0,0,29,342,55,311,120,150,32,0,0,0,0.43388373911755823,-0.900968867902419,-0.8660254037844386,0.5000000000000001,198376.0719957174,186612.9112671739,51
2024-11-01,2024,11,4,4,0,17078,1401578.55,707626.85,0.0,743356.13,993680.72,726867.13,1044301.92,956758.0,911908.0,0,1,0,28,343,54,312,119,149,31,0,0,0,-0.433883739117558,-0.9009688679024191,-0.5000000000000004,0.8660254037844384,275798.4733971232,205997.9146146386,52
2024-11-02,2024,11,4,5,1,19308,1581992.35,798183.51,0.0,1401578.55,1168873.22,748262.46,1375407.7,1015775.0,939699.0,0,1,0,27,344,53,313,118,148,30,0,0,0,-0.9749279121818236,-0.2225209339563146,-0.5000000000000004,0.8660254037844384,360076.96973859565,237056.8565847733,53
2024-11-03,2024,11,4,6,1,19849,1641979.15,828931.61,0.0,1581992.35,1144101.75,995774.85,1635576.9,1086901.0,961239.0,0,1,0,26,345,52,314,117,147,29,0,0,0,-0.7818314824680299,0.6234898018587334,-0.5000000000000004,0.8660254037844384,431699.0339660315,269470.5323824613,54
2024-11-04,2024,11,4,0,0,12607,1046651.72,528289.99,0.0,1641979.15,752615.03,1161484.44,1601447.81,1128906.0,957411.0,0,1,0,25,346,51,315,116,146,28,0,0,0,0.0,1.0,-0.5000000000000004,0.8660254037844384,407370.9005382344,267335.1354632169,55
2024-11-05,2024,11,4,1,0,12769,1029298.6,518571.88,0.0,1046651.72,734224.56,1164659.72,1041217.74,1171059.0,952899.0,0,1,0,24,347,50,316,115,145,27,0,0,0,0.7818314824680298,0.6234898018587336,-0.5000000000000004,0.8660254037844384,373589.8214220194,264847.3350978666,56
2024-11-06,2024,11,4,2,0,12696,1020857.46,514763.7,0.0,1029298.6,752559.38,740246.96,1016080.43,1209388.0,962253.0,0,1,0,23,348,49,317,114,144,26,0,0,0,0.9749279121818236,-0.22252093395631434,-0.5000000000000004,0.8660254037844384,335298.64036779606,262018.15779719883,57
2024-11-07,2024,11,4,3,0,12458,1023539.62,515893.18,0.0,1020857.46,743356.13,730906.27,1047190.91,1249414.0,972007.0,0,1,0,22,349,48,318,113,143,25,0,0,0,0.43388373911755823,-0.900968867902419,-0.5000000000000004,0.8660254037844384,283046.06962619914,258532.4887079406,58
2024-11-08,2024,11,4,4,0,16853,1388249.55,700982.78,0.0,1023539.62,1401578.55,768485.02,1072606.64,1247510.0,992666.0,0,1,0,21,350,47,319,112,142,24,0,0,0,-0.433883739117558,-0.9009688679024191,-0.5000000000000004,0.8660254037844384,281894.28941757436,266352.45534032927,59
2024-11-09,2024,11,4,5,1,19732,1608623.17,810880.87,0.0,1388249.55,1581992.35,745522.38,1391603.5,1251314.0,1021436.0,0,1,0,20,351,46,320,111,141,23,0,0,0,-0.9749279121818236,-0.2225209339563146,-0.5000000000000004,0.8660254037844384,287288.85549487016,284717.47682068683,60
2024-11-10,2024,11,4,6,1,20006,1647602.44,832524.2,0.0,1608623.17,1641979.15,991253.58,1627350.04,1252118.0,1043314.0,0,1,0,19,352,45,321,110,140,22,0,0,0,-0.7818314824680299,0.6234898018587334,-0.5000000000000004,0.8660254037844384,288568.3246132203,306688.1420510186,61
2024-11-11,2024,11,4,0,0,12241,1030258.93,519236.16,0.0,1647602.44,1046651.72,1162840.07,1637281.7,1249776.0,1038895.0,0,1,0,18,353,44,322,109,139,21,0,0,0,0.0,1.0,-0.5000000000000004,0.8660254037844384,290573.2028687355,305860.51460924227,62
2024-11-12,2024,11,4,1,0,12751,1023853.49,516737.05,0.0,1030258.93,1029298.6,1161378.7,1025206.97,1248998.0,1034311.0,0,1,0,17,354,43,323,108,138,20,0,0,0,0.7818314824680298,0.6234898018587336,-0.5000000000000004,0.8660254037844384,291268.254047057,304990.8139065103,63
2024-11-13,2024,11,4,2,0,12937,1064870.49,537203.21,0.0,1023853.49,1020857.46,748603.17,1036708.84,1255285.0,1044853.0,0,1,0,16,355,42,324,107,137,19,0,0,0,0.9749279121818236,-0.22252093395631434,-0.5000000000000004,0.8660254037844384,285949.0894177951,300203.0017452803,64
2024-11-14,2024,11,4,3,0,12818,1034398.86,522654.03,0.0,1064870.49,1023539.62,748932.62,1024731.34,1256837.0,1054369.0,0,1,0,15,356,41,325,106,136,18,0,0,0,0.43388373911755823,-0.900968867902419,-0.5000000000000004,0.8660254037844384,284508.11400955805,294978.52026336326,65
2024-11-15,2024,11,4,4,0,16569,1368977.23,690087.79,0.0,1034398.86,1388249.55,750634.46,1052325.68,1254084.0,1074980.0,0,1,0,14,357,40,326,105,135,17,0,0,0,-0.433883739117558,-0.9009688679024191,-0.5000000000000004,0.8660254037844384,283114.318129984,294626.40529439255,66
2024-11-16,2024,11,4,5,1,19680,1602070.65,809730.39,0.0,1368977.23,1608623.17,739059.0,1384911.7,1253147.0,1103747.0,0,1,0,13,358,39,327,104,134,16,0,0,0,-0.9749279121818236,-0.2225209339563146,-0.5000000000000004,0.8660254037844384,281754.2807433178,302717.13689600385,67
2024-11-17,2024,11,4,6,1,19412,1621757.52,818879.92,0.0,1602070.65,1647602.44,994227.25,1626392.57,1249455.0,1124665.0,0,1,0,12,359,38,328,103,133,15,0,0,0,-0.7818314824680299,0.6234898018587334,-0.5000000000000004,0.8660254037844384,275830.8870752011,316266.2640752952,68
2024-11-18,2024,11,4,0,0,12714,1030358.21,519398.5,0.0,1621757.52,1030258.93,1169581.05,1653910.61,1249469.0,1120024.0,0,1,0,11,360,37,329,102,132,14,0,0,0,0.0,1.0,-0.5000000000000004,0.8660254037844384,275817.7400637921,316605.7196793596,69
2024-11-19,2024,11,4,1,0,12448,1034056.3,521281.08,0.0,1030358.21,1023853.49,1157123.28,1046417.54,1250927.0,1115922.0,0,1,0,10,361,36,330,101,131,13,0,0,0,0.7818314824680298,0.6234898018587336,-0.5000000000000004,0.8660254037844384,274450.34349515336,316905.59273295914,70
2024-11-20,2024,11,4,2,0,12897,1042310.89,525605.03,0.0,1034056.3,1064870.49,745988.55,1049396.64,1247704.0,1125799.0,0,1,0,9,362,35,331,100,130,12,0,0,0,0.9749279121818236,-0.22252093395631434,-0.5000000000000004,0.8660254037844384,277118.7769720095,309509.43503511196,71
2024-11-21,2024,11,4,3,0,12868,1072655.94,542287.43,0.0,1042310.89,1034398.86,743431.36,1056573.44,1253170.0,1136773.0,0,1,0,8,363,34,332,99,129,11,0,0,0,0.43388373911755823,-0.900968867902419,-0.5000000000000004,0.8660254037844384,272550.46487067116,301209.78927465604,72
2024-11-22,2024,11,4,4,0,16893,1409424.99,710248.28,0.0,1072655.94,1368977.23,753145.78,1032212.74,1258948.0,1158649.0,0,1,0,7,364,33,333,98,128,10,1,0,0,-0.433883739117558,-0.9009688679024191,-0.5000000000000004,0.8660254037844384,275823.9665481524,296177.0779660585,73
2024-11-23,2024,11,4,5,1,20022,1647229.91,828812.41,0.0,1409424.99,1602070.65,744699.41,3845702.54,1265399.0,1188734.0,0,1,0,6,365,32,334,97,127,9,1,0,0,-0.9749279121818236,-0.2225209339563146,-0.5000000000000004,0.8660254037844384,285543.78946496756,298508.3377398454,74
2024-11-24,2024,11,4,6,1,19601,1590426.1,802063.25,0.0,1647229.91,1621757.52,993680.72,4457216.55,1260923.0,1208625.0,0,1,0,5,365,31,335,96,126,8,1,0,0,-0.7818314824680299,0.6234898018587334,-0.5000000000000004,0.8660254037844384,279201.99531683384,304877.0651580776,75
2024-11-25,2024,11,4,0,0,12764,1025628.12,516395.66,0.0,1590426.1,1030358.21,1168873.22,4326387.63,1260247.0,1203850.0,0,1,0,4,365,30,336,95,125,7,1,0,0,0.0,1.0,-0.5000000000000004,0.8660254037844384,279857.96661301417,306637.7411121912,76
2024-11-26,2024,11,4,1,0,12850,1066537.04,538097.38,0.0,1025628.12,1034056.3,1144101.75,4636323.71,1264888.0,1201265.0,0,1,0,3,365,29,337,94,124,6,1,0,0,0.7818314824680298,0.6234898018587336,-0.5000000000000004,0.8660254037844384,275721.3147574231,307484.729837696,77
2024-11-27,2024,11,4,2,0,12693,1040263.2,524883.8,0.0,1066537.04,1042310.89,752615.03,1658327.0,1264595.0,1210853.0,0,1,0,2,365,28,338,93,123,5,1,0,0,0.9749279121818236,-0.22252093395631434,-0.5000000000000004,0.8660254037844384,275997.7628479808,297329.24943830527,78
2024-11-28,2024,11,4,3,0,12691,1021289.32,517079.32,0.0,1040263.2,1072655.94,734224.56,1028244.01,1257257.0,1220422.0,0,1,0,1,365,27,339,92,122,4,1,0,0,0.43388373911755823,-0.900968867902419,-0.5000000000000004,0.8660254037844384,282556.3994865445,285859.1786454472,79
2024-11-29,2024,11,4,4,0,35076,3855798.6,1945194.53,17111.5,1021289.32,1409424.99,752559.38,1035637.27,1606739.0,1323863.0,1,1,0,0,0,26,340,91,121,3,1,0,0,-0.433883739117558,-0.9009688679024191,-0.5000000000000004,0.8660254037844384,1029022.9088064644,550080.2722452409,0
2024-11-30,2024,11,4,5,1,40375,4587709.36,2317215.29,17111.5,3855798.6,1647229.91,743356.13,1448445.58,2026807.0,1452008.0,1,1,0,363,1,25,341,90,120,2,1,0,0,-0.9749279121818236,-0.2225209339563146,-0.5000000000000004,0.8660254037844384,1527670.9658908541,800821.3345769563,0
2024-12-01,2024,12,4,6,1,42270,4850672.68,2450181.64,17111.5,4587709.36,1590426.1,1401578.55,1706132.17,2492557.0,1566978.0,1,1,1,362,2,24,342,89,119,1,1,0,0,-0.7818314824680299,0.6234898018587334,-2.4492935982947064e-16,1.0,1837933.6116444028,1012847.8883575896,0
2024-12-02,2024,12,4,0,0,32337,5227095.73,2652530.88,34222.5,4850672.68,1025628.12,1581992.35,1732637.41,3092767.0,1688482.0,1,1,1,361,3,23,343,88,118,0,1,0,0,0.0,1.0,-2.4492935982947064e-16,1.0,1960954.7363615814,1213477.5872692273,0
2024-12-03,2024,12,4,1,0,15163,1805821.65,915478.97,22000.0,5227095.73,1066537.04,1641979.15,1097829.85,3198379.0,1693943.0,1,1,1,360,4,22,344,87,117,363,0,0,0,0.7818314824680298,0.6234898018587336,-2.4492935982947064e-16,1.0,1850432.5894792846,1213629.7682412036,0
2024-12-04,2024,12,4,2,0,13453,1113979.84,560163.1,0.0,1805821.65,1040263.2,1046651.72,1089527.36,3208910.0,1696187.0,0,1,1,359,5,21,345,86,116,362,0,0,0,0.9749279121818236,-0.22252093395631434,-2.4492935982947064e-16,1.0,1836259.0778949056,1212453.1898500968,1
2024-12-05,2024,12,4,3,0,13588,1109967.36,559042.06,0.0,1113979.84,1021289.32,1029298.6,1081140.26,3221578.0,1698876.0,0,1,1,358,6,20,346,85,115,361,0,0,0,0.43388373911755823,-0.900968867902419,-2.4492935982947064e-16,1.0,1818874.974883757,1211011.7709411483,2
2024-12-06,2024,12,4,4,0,18394,1466200.09,736183.46,0.0,1109967.36,3855798.6,1020857.46,1108644.97,2880207.0,1713721.0,0,1,1,357,7,19,347,84,114,360,0,0,0,-0.433883739117558,-0.9009688679024191,-2.4492935982947064e-16,1.0,1902332.4368624906,1205129.1756473926,3
2024-12-07,2024,12,4,5,1,21511,1714917.29,861093.05,0.0,1466200.09,4587709.36,1023539.62,1477272.16,2469808.0,1736767.0,0,1,1,356,8,18,348,83,113,359,0,0,0,-0.9749279121818236,-0.2225209339563146,-2.4492935982947064e-16,1.0,1778414.8142924737,1198065.5579465479,4
2024-12-08,2024,12,4,6,1,21204,1712174.97,861148.54,0.0,1714917.29,4850672.68,1388249.55,1715565.62,2021451.0,1747564.0,0,1,1,355,9,17,349,82,112,358,0,0,0,-0.7818314824680299,0.6234898018587334,-2.4492935982947064e-16,1.0,1441924.560840613,1196274.5940653156,5
2024-12-09,2024,12,4,0,0,13418,1089973.9,548334.71,0.0,1712174.97,5227095.73,1608623.17,3600566.39,1430434.0,1730276.0,0,1,1,354,10,16,350,81,111,357,0,0,0,0.0,1.0,-2.4492935982947064e-16,1.0,321781.24035261205,1202085.3748278015,6
2024-12-10,2024,12,4,1,0,24053,2430066.5,1217807.34,2600.0,1089973.9,1805821.65,1647602.44,2367261.81,1519611.0,1756358.0,1,1,1,353,11,15,351,80,110,356,0,0,0,0.7818314824680298,0.6234898018587336,-2.4492935982947064e-16,1.0,487158.4204502644,1208700.2371934287,0
2024-12-11,2024,12,4,2,0,24592,2459589.28,1235452.82,2600.0,2430066.5,1113979.84,1030258.93,2267572.17,1711841.0,1804003.0,1,1,1,352,12,14,352,79,109,355,0,1,0,0.9749279121818236,-0.22252093395631434,-2.4492935982947064e-16,1.0,560400.8921363677,1207261.7350714433,0
2024-12-12,2024,12,4,3,0,23749,2422472.4,1218064.22,2600.0,2459589.28,1109967.36,1023853.49,2328896.72,1899342.0,1850623.0,1,1,1,351,13,13,353,78,108,354,0,1,0,0.43388373911755823,-0.900968867902419,-2.4492935982947064e-16,1.0,544815.4934356926,1203093.9139644734,0
2024-12-13,2024,12,4,4,0,32735,3263375.51,1640749.98,2600.0,2422472.4,1466200.09,1064870.49,2311624.19,2156081.0,1923907.0,1,1,1,350,14,12,354,77,107,353,0,1,0,-0.433883739117558,-0.9009688679024191,-2.4492935982947064e-16,1.0,706223.8987825206,1220414.879490144,0
2024-12-14,2024,12,4,5,1,37774,3761632.4,1885510.83,2600.0,3263375.51,1714917.29,1034398.86,3114212.08,2448469.0,2014814.0,1,1,1,349,15,11,355,76,106,352,0,1,0,-0.9749279121818236,-0.2225209339563146,-2.4492935982947064e-16,1.0,892304.759814171,1253010.8145446375,0
2024-12-15,2024,12,4,6,1,37872,3804203.77,1905086.86,2600.0,3761632.4,1712174.97,1368977.23,3684857.57,2747331.0,2095989.0,1,1,1,348,16,10,356,75,105,351,0,1,0,-0.7818314824680299,0.6234898018587334,-2.4492935982947064e-16,1.0,952882.2107700647,1288117.8174560615,0
2024-12-16,2024,12,4,0,0,24281,2453573.22,1232791.16,2600.0,3804203.77,1089973.9,1602070.65,3655387.72,2942130.0,2124372.0,1,1,1,347,17,9,357,74,104,350,0,1,0,0.0,1.0,-2.4492935982947064e-16,1.0,648297.818551744,1286239.1183334368,0
2024-12-17,2024,12,4,1,0,24655,2472825.69,1241051.14,2600.0,2453573.22,2430066.5,1621757.52,2310328.06,2948239.0,2152741.0,1,1,1,346,18,8,358,73,103,349,0,1,0,0.7818314824680298,0.6234898018587336,-2.4492935982947064e-16,1.0,642847.3958801634,1284155.1047067984,0
2024-12-18,2024,12,4,2,0,24207,2452302.4,1231574.64,2600.0,2472825.69,2459589.28,1030358.21,2309554.77,2947198.0,2200139.0,1,1,1,345,19,7,359,72,102,348,0,1,0,0.9749279121818236,-0.22252093395631434,-2.4492935982947064e-16,1.0,643775.7919319854,1267432.5395434098,0
2024-12-19,2024,12,4,3,0,24656,2456934.75,1234261.1,2600.0,2452302.4,2422472.4,1034056.3,2343687.12,2952121.0,2247568.0,1,1,1,344,20,6,360,71,101,347,0,1,0,0.43388373911755823,-0.900968867902419,-2.4492935982947064e-16,1.0,639209.8066991342,1248777.066540204,0
2024-12-20,2024,12,4,4,0,32772,3254534.51,1628578.8,2600.0,2456934.75,3263375.51,1042310.89,2344651.41,2950858.0,2321309.0,1,1,1,343,21,5,361,70,100,346,0,1,0,-0.433883739117558,-0.9009688679024191,-2.4492935982947064e-16,1.0,638500.6471679684,1240440.4742230922,0
2024-12-21,2024,12,4,5,1,36898,3679702.59,1847759.03,2600.0,3254534.51,3761632.4,1072655.94,3097567.42,2939154.0,2408211.0,1,1,1,342,22,4,362,69,99,345,0,1,0,-0.9749279121818236,-0.2225209339563146,-2.4492935982947064e-16,1.0,621691.0884731726,1241267.78450572,0
2024-12-22,2024,12,4,6,1,37996,3832606.03,1923851.22,2600.0,3679702.59,3804203.77,1409424.99,3666959.78,2943211.0,2488983.0,1,1,1,341,23,3,363,68,98,344,0,1,0,-0.7818314824680299,0.6234898018587334,-2.4492935982947064e-16,1.0,628334.9756489547,1252820.646620395,0
2024-12-23,2024,12,4,0,0,24076,2352364.07,1178870.05,2600.0,3832606.03,2453573.22,1647229.91,3663118.22,2928753.0,2512488.0,1,1,1,340,24,2,364,67,97,343,0,1,0,0.0,1.0,-2.4492935982947064e-16,1.0,642484.8538711406,1243060.3169922421,0
2024-12-24,2024,12,4,1,0,23970,2432995.02,1218833.98,2600.0,2352364.07,2472825.69,1590426.1,2341923.16,2923063.0,2540574.0,1,1,1,339,25,1,365,66,96,342,0,1,0,0.7818314824680298,0.6234898018587336,-2.4492935982947064e-16,1.0,647353.6303292972,1230968.5925185129,0
2024-12-25,2024,12,4,2,0,24611,2496103.76,1253648.62,2600.0,2432995.02,2452302.4,1025628.12,1113748.72,2929320.0,2589589.0,1,1,1,338,26,0,0,65,95,341,0,1,0,0.9749279121818236,-0.22252093395631434,-2.4492935982947064e-16,1.0,642236.3177255735,1197383.1784624718,0
2024-12-26,2024,12,4,3,0,13681,1101962.83,555179.31,0.0,2496103.76,2456934.75,1066537.04,1100909.34,2735753.0,2590770.0,0,1,1,337,27,364,1,64,94,340,0,0,0,0.43388373911755823,-0.900968867902419,-2.4492935982947064e-16,1.0,942391.7441736565,1195845.8309594132,1
2024-12-27,2024,12,4,4,0,18611,1484637.35,746370.85,0.0,1101962.83,3254534.51,1040263.2,1087981.04,2482910.0,2605583.0,0,1,1,336,28,363,2,63,93,339,0,0,0,-0.433883739117558,-0.9009688679024191,-2.4492935982947064e-16,1.0,1014664.3999632123,1178605.9248401562,2
2024-12-28,2024,12,4,5,1,21053,1676606.24,842413.14,0.0,1484637.35,3679702.59,1021289.32,1464228.38,2196754.0,2627427.0,0,1,1,335,29,362,3,62,92,338,0,0,0,-0.9749279121818236,-0.2225209339563146,-2.4492935982947064e-16,1.0,896463.2338280259,1154047.492719102,3
2024-12-29,2024,12,4,6,1,20882,1708019.6,859065.85,0.0,1676606.24,3832606.03,3855798.6,1722042.19,1893241.0,2555834.0,0,1,1,334,30,361,4,61,91,337,0,0,0,-0.7818314824680299,0.6234898018587334,-2.4492935982947064e-16,1.0,538499.0829885121,1141770.9990099426,4
2024-12-30,2024,12,4,0,0,13648,1103237.8,554522.02,0.0,1708019.6,2352364.07,4587709.36,1707128.69,1714795.0,2439685.0,0,1,1,333,31,360,5,60,90,336,0,0,0,0.0,1.0,-2.4492935982947064e-16,1.0,567200.2814890731,1104573.404438682,5
2024-12-31,2024,12,4,1,0,13498,1103736.36,553978.77,0.0,1103237.8,2432995.02,4850672.68,740475.8,1524901.0,2314787.0,0,1,1,332,32,359,6,59,89,335,0,0,0,0.7818314824680298,0.6234898018587336,-2.4492935982947064e-16,1.0,505875.32520614803,1032010.1302362446,6
2025-01-01,2025,1,1,2,0,11076,760358.24,383789.25,982.5,1103736.36,2496103.76,5227095.73,744848.14,1276937.0,2165896.0,1,0,0,331,33,358,7,58,88,334,0,0,0,0.9749279121818236,-0.22252093395631434,0.49999999999999994,0.8660254037844387,352691.22332015535,912668.533878115,0
2025-01-02,2025,1,1,3,0,11091,747184.03,376669.92,982.5,760358.24,1101962.83,1805821.65,748970.33,1226254.0,2130608.0,1,0,0,330,34,357,8,57,87,333,0,0,0,0.43388373911755823,-0.900968867902419,0.49999999999999994,0.8660254037844387,403812.58893382526,946894.8236010657,0
2025-01-03,2025,1,1,4,0,14765,987864.77,497958.67,982.5,747184.03,1484637.35,1113979.84,733370.36,1155287.0,2126404.0,1,0,0,329,35,356,9,56,86,332,0,0,0,-0.433883739117558,-0.9009688679024191,0.49999999999999994,0.8660254037844387,394377.27865112183,951830.9667813181,0
2025-01-04,2025,1,1,5,1,16998,1130217.02,569524.81,982.5,987864.77,1676606.24,1109967.36,971750.01,1077231.0,2127079.0,1,0,0,328,36,355,10,55,85,331,0,0,0,-0.9749279121818236,-0.2225209339563146,0.49999999999999994,0.8660254037844387,321301.0881455023,951092.2010927206,0
2025-01-05,2025,1,1,6,1,16919,1163004.58,586449.06,982.5,1130217.02,1708019.6,1466200.09,1139869.6,999372.0,2116973.0,1,0,0,327,37,354,11,54,84,330,0,0,0,-0.7818314824680299,0.6234898018587334,0.49999999999999994,0.8660254037844387,176273.85444635552,959926.8870461823,0
2025-01-06,2025,1,1,0,0,10972,736386.17,371966.51,982.5,1163004.58,1103237.8,1714917.29,1162519.6,946964.0,2084355.0,1,0,0,326,38,353,12,53,83,329,0,0,0,0.0,1.0,0.49999999999999994,0.8660254037844387,193899.63725120295,990206.9120706345,0
2025-01-07,2025,1,1,1,0,10991,743548.44,374576.7,982.5,736386.17,1103736.36,1712174.97,750617.6,895509.0,2052067.0,1,0,0,325,39,352,13,52,82,328,0,0,0,0.7818314824680298,0.6234898018587336,0.49999999999999994,0.8660254037844387,193153.41040261197,1018158.4379278015,0
2025-01-08,2025,1,1,2,0,10969,737980.01,372938.19,982.5,743548.44,760358.24,1089973.9,732942.85,892312.0,2040334.0,1,0,0,324,40,351,14,51,81,327,0,0,0,0.9749279121818236,-0.22252093395631434,0.49999999999999994,0.8660254037844387,195928.3692754157,1031567.6595030234,0
2025-01-09,2025,1,1,3,0,10932,732865.18,369010.8,982.5,737980.01,747184.03,2430066.5,729618.63,890267.0,1983761.0,1,0,0,323,41,350,15,50,80,326,0,0,0,0.43388373911755823,-0.900968867902419,0.49999999999999994,0.8660254037844387,197762.2437434397,1055713.3678241626,0
2025-01-10,2025,1,1,4,0,15161,1003087.6,505940.94,982.5,732865.18,987864.77,2459589.28,752238.17,892441.0,1935211.0,1,0,0,322,42,349,16,49,79,325,0,0,0,-0.433883739117558,-0.9009688679024191,0.49999999999999994,0.8660254037844387,199093.5712801888,1066511.9538219692,0
2025-01-11,2025,1,1,5,1,16675,1112401.38,559735.37,982.5,1003087.6,1130217.02,2422472.4,995414.59,889896.0,1891542.0,1,0,0,321,43,348,17,48,78,324,0,0,0,-0.9749279121818236,-0.2225209339563146,0.49999999999999994,0.8660254037844387,195631.15872350568,1072675.7789497743,0
2025-01-12,2025,1,1,6,1,17623,1160134.65,585319.78,982.5,1112401.38,1163004.58,3263375.51,1159500.56,889486.0,1821434.0,1,0,0,320,44,347,18,47,77,323,0,0,0,-0.7818314824680299,0.6234898018587334,0.49999999999999994,0.8660254037844387,194965.27790771145,1048380.3718859109,0
2025-01-13,2025,1,1,0,0,11006,753256.43,379546.82,982.5,1160134.65,736386.17,3761632.4,1146677.09,891896.0,1721154.0,1,0,0,319,45,346,19,46,76,322,0,0,0,0.0,1.0,0.49999999999999994,0.8660254037844387,192850.1276847849,999118.4867139313,0
2025-01-14,2025,1,1,1,0,11062,739880.45,373427.15,982.5,753256.43,743548.44,3804203.77,756562.45,891372.0,1619010.0,1,0,0,318,46,345,20,45,75,321,0,0,0,0.7818314824680298,0.6234898018587336,0.49999999999999994,0.8660254037844387,193324.7867888264,933286.6762104195,0
2025-01-15,2025,1,1,2,0,10901,753843.34,379651.83,982.5,739880.45,737980.01,2453573.22,626137.82,893638.0,1562353.0,1,0,0,317,47,344,21,44,74,320,0,0,0,0.9749279121818236,-0.22252093395631434,0.49999999999999994,0.8660254037844387,191309.48391809536,932468.2245622571,0
2025-01-16,2025,1,1,3,0,9717,624638.82,316237.99,0.0,753843.34,732865.18,2472825.69,633914.69,878178.0,1500746.0,0,0,0,316,48,343,22,43,73,319,0,0,0,0.43388373911755823,-0.900968867902419,0.49999999999999994,0.8660254037844387,209934.6671578626,931293.116051437,1
2025-01-17,2025,1,1,4,0,13178,845894.43,427112.99,0.0,624638.82,1003087.6,2452302.4,622388.25,855721.0,1447200.0,0,0,0,315,49,342,23,42,72,318,0,0,0,-0.433883739117558,-0.9009688679024191,0.49999999999999994,0.8660254037844387,202626.54560815875,920817.7305490909,2
2025-01-18,2025,1,1,5,1,15061,989482.06,500198.38,0.0,845894.43,1112401.38,2456934.75,859027.6,838161.0,1398284.0,0,0,0,314,50,341,24,41,71,317,0,0,0,-0.9749279121818236,-0.2225209339563146,0.49999999999999994,0.8660254037844387,180828.6214840813,904155.4076756055,3
2025-01-19,2025,1,1,6,1,15564,993261.88,502657.01,0.0,989482.06,1160134.65,3254534.51,1000474.51,814322.0,1322909.0,0,0,0,313,51,340,25,40,70,316,0,0,0,-0.7818314824680299,0.6234898018587334,0.49999999999999994,0.8660254037844387,136994.6902281339,835739.3369729869,4
2025-01-20,2025,1,1,0,0,9815,639314.81,323102.03,0.0,993261.88,753256.43,3679702.59,974651.46,798045.0,1221562.0,0,0,0,312,52,339,26,39,69,315,0,0,0,0.0,1.0,0.49999999999999994,0.8660254037844387,151464.64066612892,715831.7613456589,5
2025-01-21,2025,1,1,1,0,9993,641822.23,324524.62,0.0,639314.81,739880.45,3832606.03,624066.49,784037.0,1115203.0,0,0,0,311,53,338,27,38,68,314,0,0,0,0.7818314824680298,0.6234898018587336,0.49999999999999994,0.8660254037844387,161914.61469521764,526511.5605424148,6
2025-01-22,2025,1,1,2,0,10052,631855.52,319621.72,0.0,641822.23,753843.34,2352364.07,643187.65,766610.0,1057853.0,0,0,0,310,54,337,28,37,67,313,0,0,0,0.9749279121818236,-0.22252093395631434,0.49999999999999994,0.8660254037844387,171959.14701171644,478633.2497116161,7
2025-01-23,2025,1,1,3,0,9681,626165.01,316218.99,0.0,631855.52,624638.82,2432995.02,635972.5,766828.0,997625.0,0,0,0,309,55,336,29,36,66,312,0,0,0,0.43388373911755823,-0.900968867902419,0.49999999999999994,0.8660254037844387,171749.9811109445,408112.58374967484,8
2025-01-24,2025,1,1,4,0,13467,865762.14,437896.26,0.0,626165.01,845894.43,2496103.76,642023.48,769666.0,943280.0,0,0,0,308,56,335,30,35,65,311,0,0,0,-0.433883739117558,-0.9009688679024191,0.49999999999999994,0.8660254037844387,173430.29853539867,294399.99864006677,9
2025-01-25,2025,1,1,5,1,15360,993417.69,501572.65,0.0,865762.14,989482.06,1101962.83,841720.39,770228.0,939662.0,0,0,0,307,57,334,31,34,64,310,0,0,0,-0.9749279121818236,-0.2225209339563146,0.49999999999999994,0.8660254037844387,174266.0392658925,293046.44195259566,10
2025-01-26,2025,1,1,6,1,15414,985337.89,497891.83,0.0,993417.69,993261.88,1484637.35,999015.67,769096.0,923019.0,0,0,0,306,58,333,32,33,63,309,0,0,0,-0.7818314824680299,0.6234898018587334,0.49999999999999994,0.8660254037844387,172593.50377743936,274627.5593545944,11
2025-01-27,2025,1,1,0,0,9869,634401.24,320689.79,0.0,985337.89,639314.81,1676606.24,1013707.41,768395.0,888279.0,0,0,0,305,59,332,33,32,62,308,0,0,0,0.0,1.0,0.49999999999999994,0.8660254037844387,173218.15819226764,239711.63269777782,12
2025-01-28,2025,1,1,1,0,9992,648038.18,327798.48,0.0,634401.24,641822.23,1708019.6,634597.73,769283.0,852946.0,0,0,0,304,60,331,34,31,61,307,0,0,0,0.7818314824680298,0.6234898018587336,0.49999999999999994,0.8660254037844387,172475.48912149854,187053.06233229573,13
2025-01-29,2025,1,1,2,0,9843,630287.11,318809.66,0.0,648038.18,631855.52,1103237.8,635042.58,769058.0,837181.0,0,0,0,303,61,330,35,30,60,306,0,0,0,0.9749279121818236,-0.22252093395631434,0.49999999999999994,0.8660254037844387,172684.6636483239,185151.5186903828,14
2025-01-30,2025,1,1,3,0,9973,643503.35,325153.33,0.0,630287.11,626165.01,1103736.36,629401.11,771535.0,821840.0,0,0,0,302,62,329,36,29,59,305,0,0,0,0.43388373911755823,-0.900968867902419,0.49999999999999994,0.8660254037844387,170402.7387879684,181331.3009966145,15
2025-01-31,2025,1,1,4,0,13298,860473.0,434848.38,0.0,643503.35,865762.14,760358.24,638062.1,770780.0,825177.0,0,0,0,301,63,328,37,28,58,304,0,0,0,-0.433883739117558,-0.9009688679024191,0.49999999999999994,0.8660254037844387,169926.34764817514,181081.86562203302,16
2025-02-01,2025,2,1,5,1,15236,1000502.32,505511.58,0.0,860473.0,993417.69,747184.03,846934.09,771792.0,833621.0,0,0,0,300,64,327,38,27,57,303,0,0,0,-0.9749279121818236,-0.2225209339563146,0.8660254037844386,0.5000000000000001,171487.32600496442,183213.24384475788,17
2025-02-02,2025,2,1,6,1,15415,1016016.18,513666.31,0.0,1000502.32,985337.89,987864.77,990288.13,776174.0,834559.0,0,0,0,299,65,326,39,26,56,302,0,0,0,-0.7818314824680299,0.6234898018587334,0.8660254037844386,0.5000000000000001,178118.20875986837,184100.43525524152,18
2025-02-03,2025,2,1,0,0,9620,633192.46,320241.45,0.0,1016016.18,634401.24,1130217.02,1009972.45,776002.0,817992.0,0,0,0,298,66,325,40,25,55,301,0,0,0,0.0,1.0,0.8660254037844386,0.5000000000000001,178279.07686426654,178865.85331361654,19
2025-02-04,2025,2,1,1,0,10102,646243.84,326961.9,0.0,633192.46,648038.18,1163004.58,633768.26,775745.0,800766.0,0,0,0,297,67,324,41,24,54,300,0,0,0,0.7818314824680298,0.6234898018587336,0.8660254037844386,0.5000000000000001,178494.89053118828,169111.16366099683,20
2025-02-05,2025,2,1,2,0,9737,630506.92,318456.05,0.0,646243.84,630287.11,736386.17,631592.19,775777.0,797237.0,0,0,0,296,68,323,42,23,53,299,0,0,0,0.9749279121818236,-0.22252093395631434,0.8660254037844386,0.5000000000000001,178465.0529217575,171587.79730548302,21
2025-02-06,2025,2,1,3,0,9950,647389.58,326937.94,0.0,630506.92,643503.35,743548.44,633894.84,776332.0,794032.0,0,0,0,295,69,322,43,22,52,298,0,0,0,0.43388373911755823,-0.900968867902419,0.8660254037844386,0.5000000000000001,177990.40484823842,173512.63422478904,22
2025-02-07,2025,2,1,4,0,13181,856685.24,433396.33,0.0,647389.58,860473.0,737980.01,636497.81,775791.0,797989.0,0,0,0,294,70,321,44,21,51,297,0,0,0,-0.433883739117558,-0.9009688679024191,0.8660254037844386,0.5000000000000001,177697.4917010175,173543.82652671778,23
2025-02-08,2025,2,1,5,1,15077,995166.47,504266.95,0.0,856685.24,1000502.32,732865.18,843826.59,775029.0,806732.0,0,0,0,293,71,320,45,20,50,296,0,0,0,-0.9749279121818236,-0.2225209339563146,0.8660254037844386,0.5000000000000001,176580.83267699505,176728.01375212794,24
2025-02-09,2025,2,1,6,1,15313,994502.8,503158.8,0.0,995166.47,1016016.18,1003087.6,982803.17,771955.0,806446.0,0,0,0,292,72,319,46,19,49,295,0,0,0,-0.7818314824680299,0.6234898018587334,0.8660254037844386,0.5000000000000001,171810.2338072314,176405.7656833812,25
2025-02-10,2025,2,1,0,0,9724,633923.46,320878.71,0.0,994502.8,633192.46,1112401.38,991178.29,772060.0,790497.0,0,0,0,291,73,318,47,18,48,294,0,0,0,0.0,1.0,0.8660254037844386,0.5000000000000001,171712.02896766213,169275.8114702576,26
2025-02-11,2025,2,1,1,0,10118,648449.81,327832.54,0.0,633923.46,646243.84,1160134.65,625464.41,772375.0,773440.0,0,0,0,290,74,317,48,17,47,293,0,0,0,0.7818314824680298,0.6234898018587336,0.8660254037844386,0.5000000000000001,171444.4536804714,156005.34745981102,27
2025-02-12,2025,2,1,2,0,9758,630965.56,318567.92,0.0,648449.81,630506.92,753256.43,636288.23,772440.0,769364.0,0,0,0,289,75,316,49,16,46,292,0,0,0,0.9749279121818236,-0.22252093395631434,0.8660254037844386,0.5000000000000001,171381.27660728435,158134.11939888544,28
2025-02-13,2025,2,1,3,0,9646,635938.73,321927.06,0.0,630965.56,647389.58,739880.45,636191.11,770805.0,765899.0,0,0,0,288,76,315,50,15,45,291,0,0,0,0.43388373911755823,-0.900968867902419,0.8660254037844386,0.5000000000000001,172822.41311173694,159930.85916328194,29
2025-02-14,2025,2,1,4,0,13331,856077.2,431984.25,0.0,635938.73,856685.24,753843.34,638912.1,770718.0,769307.0,0,0,0,287,77,314,51,14,44,290,0,0,0,-0.433883739117558,-0.9009688679024191,0.8660254037844386,0.5000000000000001,172772.19972546588,160752.1980490543,30
2025-02-15,2025,2,1,5,1,15602,995377.0,502290.65,0.0,856077.2,995166.47,624638.82,840245.18,770748.0,781665.0,0,0,0,286,78,313,52,13,43,289,0,0,0,-0.9749279121818236,-0.2225209339563146,0.8660254037844386,0.5000000000000001,172817.79536560795,163474.54323003694,31
2025-02-16,2025,2,1,6,1,15565,1014732.48,513008.77,0.0,995377.0,994502.8,845894.43,998217.19,773638.0,787293.0,0,0,0,285,79,312,53,12,42,288,0,0,0,-0.7818314824680299,0.6234898018587334,0.8660254037844386,0.5000000000000001,177294.34273765338,168588.32096076023,32
2025-02-17,2025,2,1,0,0,9881,623661.11,315517.87,0.0,1014732.48,633923.46,989482.06,999273.72,772172.0,775099.0,0,0,0,284,80,311,54,11,41,287,0,0,0,0.0,1.0,0.8660254037844386,0.5000000000000001,178679.2136617118,166678.79877151648,33
2025-02-18,2025,2,1,1,0,9713,622565.41,315213.23,0.0,623661.11,648449.81,993261.88,638332.32,768474.0,762742.0,0,0,0,283,81,310,55,10,40,286,0,0,0,0.7818314824680298,0.6234898018587336,0.8660254037844386,0.5000000000000001,181905.09872012786,163661.10817185126,34
2025-02-19,2025,2,1,2,0,9954,639552.28,323269.1,0.0,622565.41,630965.56,639314.81,641729.22,769701.0,762750.0,0,0,0,282,82,309,56,9,39,285,0,0,0,0.9749279121818236,-0.22252093395631434,0.8660254037844386,0.5000000000000001,180849.15288778968,163654.93821709653,35
2025-02-20,2025,2,1,3,0,9744,636423.58,321519.13,0.0,639552.28,635938.73,641822.23,643747.45,769770.0,762570.0,0,0,0,281,83,308,57,8,38,284,0,0,0,0.43388373911755823,-0.900968867902419,0.8660254037844386,0.5000000000000001,180789.46743445174,163795.4040233175,36
2025-02-21,2025,2,1,4,0,13161,859678.66,434521.44,0.0,636423.58,856077.2,631855.52,632938.1,770284.0,770165.0,0,0,0,280,84,307,58,7,37,283,0,0,0,-0.433883739117558,-0.9009688679024191,0.8660254037844386,0.5000000000000001,181080.90807666184,162804.36692845248,37
2025-02-22,2025,2,1,5,1,15547,1004601.5,507855.3,0.0,859678.66,995377.0,626165.01,848620.27,771602.0,782779.0,0,0,0,279,85,306,59,6,36,282,0,0,0,-0.9749279121818236,-0.2225209339563146,0.8660254037844386,0.5000000000000001,183015.2276089339,165893.98358473319,38
2025-02-23,2025,2,1,6,1,15369,978166.22,493932.33,0.0,1004601.5,1014732.48,865762.14,989105.96,766378.0,786526.0,0,0,0,278,86,305,60,5,35,281,0,0,0,-0.7818314824680299,0.6234898018587334,0.8660254037844386,0.5000000000000001,175277.29720988666,169071.74403525083,39
2025-02-24,2025,2,1,0,0,9787,633320.51,320207.68,0.0,978166.22,623661.11,993417.69,983835.75,767758.0,774523.0,0,0,0,277,87,304,61,4,34,280,0,0,0,0.0,1.0,0.8660254037844386,0.5000000000000001,173999.82456689782,166642.06292127815,40
2025-02-25,2025,2,1,1,0,10012,650128.68,328854.61,0.0,633320.51,622565.41,985337.89,637873.18,771696.0,763349.0,0,0,0,276,88,303,62,3,33,279,0,0,1,0.7818314824680298,0.6234898018587336,0.8660254037844386,0.5000000000000001,170441.99991520174,163222.19225561657,41
2025-02-26,2025,2,1,2,0,9736,646004.72,326431.24,0.0,650128.68,639552.28,634401.24,644502.84,772618.0,763736.0,0,0,0,275,89,302,63,2,32,278,0,0,1,0.9749279121818236,-0.22252093395631434,0.8660254037844386,0.5000000000000001,169623.72106237581,162919.55957075985,42
2025-02-27,2025,2,1,3,0,10005,653033.96,330395.59,0.0,646004.72,636423.58,648038.18,633250.81,774991.0,763902.0,0,0,0,274,90,301,64,1,31,277,0,0,1,0.43388373911755823,-0.900968867902419,0.8660254037844386,0.5000000000000001,167503.85976345596,162799.73204774855,43
2025-02-28,2025,2,1,4,0,22050,1240965.92,627672.81,777.0,653033.96,859678.66,630287.11,636298.51,829460.0,784258.0,1,0,0,273,91,300,65,0,30,276,0,0,1,-0.433883739117558,-0.9009688679024191,0.8660254037844386,0.5000000000000001,244109.8169212779,182503.14200168764,0
2025-03-01,2025,3,1,5,1,26748,1596372.52,803783.11,777.0,1240965.92,1004601.5,643503.35,958984.03,913999.0,816021.0,1,0,0,272,92,299,66,353,29,275,0,0,1,-0.9749279121818236,-0.2225209339563146,1.0,6.123233995736766e-17,379690.6781479047,233072.9307267558,0
2025-03-02,2025,3,1,6,1,27156,1617846.24,814928.95,777.0,1596372.52,978166.22,860473.0,1150047.14,1005382.0,841266.0,1,0,0,271,93,298,67,352,28,274,0,0,1,-0.7818314824680299,0.6234898018587334,1.0,6.123233995736766e-17,465083.8397097552,275255.0291419588,0
2025-03-03,2025,3,1,0,0,16801,998486.87,503745.66,777.0,1617846.24,633320.51,1000502.32,1160516.55,1057548.0,841199.0,1,0,0,270,94,297,68,351,27,273,0,0,1,0.0,1.0,1.0,6.123233995736766e-17,435963.7434719932,275215.0672155774,0
2025-03-04,2025,3,1,1,0,17146,1021768.28,515475.71,777.0,998486.87,650128.68,1016016.18,743505.9,1110640.0,841391.0,1,0,0,269,95,296,69,350,26,272,0,0,1,0.7818314824680298,0.6234898018587336,1.0,6.123233995736766e-17,399154.2798538247,275343.0322439521,0
2025-03-05,2025,3,1,2,0,16898,1015469.63,511640.74,777.0,1021768.28,646004.72,633192.46,720210.19,1163420.0,854134.0,1,0,0,268,96,295,70,349,25,271,0,0,1,0.9749279121818236,-0.22252093395631434,1.0,6.123233995736766e-17,348715.69863392,274218.9768291408,0
2025-03-06,2025,3,1,3,0,16935,999895.68,503444.83,777.0,1015469.63,653033.96,646243.84,728258.81,1212972.0,865922.0,1,0,0,267,97,294,71,348,24,270,0,0,1,0.43388373911755823,-0.900968867902419,1.0,6.123233995736766e-17,282451.82667196065,272570.4515709723,0
2025-03-07,2025,3,1,4,0,22755,1377645.27,693091.94,777.0,999895.68,1240965.92,630506.92,723462.71,1232498.0,890827.0,1,0,0,266,98,293,72,347,23,269,0,0,1,-0.433883739117558,-0.9009688679024191,1.0,6.123233995736766e-17,289349.56911259616,284203.5625580575,0
2025-03-08,2025,3,1,5,1,25945,1586406.23,797196.17,777.0,1377645.27,1596372.52,647389.58,969867.76,1231074.0,922127.0,1,0,0,265,99,292,73,346,22,268,0,0,1,-0.9749279121818236,-0.2225209339563146,1.0,6.123233995736766e-17,287277.80224267615,307243.36896725965,0
2025-03-09,2025,3,1,6,1,26407,1568332.47,791123.05,777.0,1586406.23,1617846.24,856685.24,1158108.44,1224001.0,945849.0,1,0,0,264,100,291,74,345,21,267,0,0,1,-0.7818314824680299,0.6234898018587334,1.0,6.123233995736766e-17,276577.7456283791,328737.05782635434,0
2025-03-10,2025,3,1,0,0,17024,1035110.72,520502.84,777.0,1568332.47,998486.87,995166.47,1151410.2,1229233.0,947180.0,1,0,0,263,101,290,75,344,20,266,0,0,1,0.0,1.0,1.0,6.123233995736766e-17,271907.711979649,329024.46340911934,0
2025-03-11,2025,3,1,1,0,17246,1027330.73,516565.9,777.0,1035110.72,1021768.28,994502.8,1026444.62,1230027.0,948274.0,1,0,0,262,102,289,76,343,19,265,0,0,1,0.7818314824680298,0.6234898018587336,1.0,6.123233995736766e-17,271207.5846382589,329241.7930354641,0
2025-03-12,2025,3,1,2,0,17087,1025621.68,515805.33,777.0,1027330.73,1015469.63,633923.46,1021139.29,1231478.0,961331.0,1,0,0,261,103,288,77,342,18,264,0,0,1,0.9749279121818236,-0.22252093395631434,1.0,6.123233995736766e-17,269892.9618544119,324071.9611142348,0
2025-03-13,2025,3,1,3,0,16641,1001383.19,504808.4,777.0,1025621.68,999895.68,648449.81,1031107.72,1231690.0,973095.0,1,0,0,260,104,287,78,341,17,263,0,0,1,0.43388373911755823,-0.900968867902419,1.0,6.123233995736766e-17,269680.73750089045,318683.3865401815,0
2025-03-14,2025,3,1,4,0,22953,1344796.66,677652.66,777.0,1001383.19,1377645.27,630965.56,1018291.76,1226997.0,996890.0,1,0,0,259,105,286,79,340,16,262,0,0,1,-0.433883739117558,-0.9009688679024191,1.0,6.123233995736766e-17,266990.08476601826,318906.4133493312,0
2025-03-15,2025,3,1,5,1,26666,1581729.28,796603.86,777.0,1344796.66,1586406.23,635938.73,1361278.32,1226329.0,1028416.0,1,0,0,258,106,285,80,339,15,261,0,0,1,-0.9749279121818236,-0.2225209339563146,1.0,6.123233995736766e-17,265944.5765533607,328595.33453873475,0
2025-03-16,2025,3,1,6,1,26554,1602291.0,808025.82,777.0,1581729.28,1568332.47,856077.2,1582561.21,1231180.0,1053290.0,1,0,0,257,107,284,81,338,14,260,0,0,1,-0.7818314824680299,0.6234898018587334,1.0,6.123233995736766e-17,273427.44366779353,343026.20667529595,0
2025-03-17,2025,3,1,0,0,17289,1017396.57,513144.61,777.0,1602291.0,1035110.72,995377.0,1597813.25,1228650.0,1054024.0,1,0,0,256,108,283,82,337,13,259,0,0,1,0.0,1.0,1.0,6.123233995736766e-17,275617.7253870168,342921.557253508,0
2025-03-18,2025,3,1,1,0,17144,1028696.89,518565.85,777.0,1017396.57,1027330.73,1014732.48,1034509.44,1228845.0,1054489.0,1,0,0,255,109,282,83,336,12,258,0,0,1,0.7818314824680298,0.6234898018587336,1.0,6.123233995736766e-17,275451.8453771971,342875.85865783854,0
2025-03-19,2025,3,1,2,0,17009,1023300.42,514998.67,777.0,1028696.89,1025621.68,623661.11,1018020.11,1228513.0,1067811.0,1,0,0,254,110,281,84,335,11,257,0,0,1,0.9749279121818236,-0.22252093395631434,1.0,6.123233995736766e-17,275738.52400874574,333186.69223247666,0
2025-03-20,2025,3,1,3,0,16899,1021535.37,513836.13,777.0,1023300.42,1001383.19,622565.41,1039334.98,1231392.0,1081110.0,1,0,0,253,111,280,85,334,10,256,0,0,1,0.43388373911755823,-0.900968867902419,1.0,6.123233995736766e-17,273064.143065477,322596.14450293744,0
2025-03-21,2025,3,1,4,0,22851,1383556.94,696171.26,777.0,1021535.37,1344796.66,639552.28,1024531.43,1236929.0,1105910.0,1,0,0,252,112,279,86,333,9,255,0,0,1,-0.433883739117558,-0.9009688679024191,1.0,6.123233995736766e-17,276122.8779647366,316011.229147836,0
2025-03-22,2025,3,1,5,1,26430,1606525.75,809147.21,777.0,1383556.94,1581729.28,636423.58,1334391.33,1240472.0,1138247.0,1,0,0,251,113,278,87,332,8,254,0,0,1,-0.9749279121818236,-0.2225209339563146,1.0,6.123233995736766e-17,281392.28978580085,315947.32946350734,0
2025-03-23,2025,3,1,6,1,25862,1544207.04,776691.16,777.0,1606525.75,1602291.0,859678.66,1617106.85,1232174.0,1161064.0,1,0,0,250,114,277,88,331,7,253,0,0,1,-0.7818314824680299,0.6234898018587334,1.0,6.123233995736766e-17,269552.0138131295,319829.8678941118,0
2025-03-24,2025,3,1,0,0,17114,1019747.24,513635.12,777.0,1544207.04,1017396.57,1004601.5,1563570.47,1232510.0,1161569.0,1,0,0,249,115,276,89,330,6,252,0,0,1,0.0,1.0,1.0,6.123233995736766e-17,269241.13194752083,319586.2328620102,0
2025-03-25,2025,3,1,1,0,17019,997734.75,502770.24,777.0,1019747.24,1028696.89,978166.22,997643.55,1228087.0,1162221.0,1,0,0,248,116,275,90,329,5,251,0,0,1,0.7818314824680298,0.6234898018587336,1.0,6.123233995736766e-17,273370.14080886275,319218.753275088,0
2025-03-26,2025,3,1,2,0,16884,1031352.72,519713.4,777.0,997734.75,1023300.42,633320.51,1054783.56,1229237.0,1175489.0,1,0,0,247,117,274,91,328,4,250,0,0,1,0.9749279121818236,-0.22252093395631434,1.0,6.123233995736766e-17,272379.9360976594,304405.9932886332,0
2025-03-27,2025,3,1,3,0,16884,1005226.99,505990.0,777.0,1031352.72,1021535.37,650128.68,1012366.0,1226907.0,1187326.0,1,0,0,246,118,273,92,327,3,249,0,0,1,0.43388373911755823,-0.900968867902419,1.0,6.123233995736766e-17,274513.965652625,289828.11188238685,0
2025-03-28,2025,3,1,4,0,22948,1354265.88,681940.14,777.0,1005226.99,1383556.94,646004.72,1019450.14,1222723.0,1210934.0,1,0,0,245,119,272,93,326,2,248,0,0,1,-0.433883739117558,-0.9009688679024191,1.0,6.123233995736766e-17,271939.3432304899,272544.1536830855,0
2025-03-29,2025,3,1,5,1,26540,1571560.93,791297.27,777.0,1354265.88,1606525.75,653033.96,1365897.94,1217728.0,1241552.0,1,0,0,244,120,271,94,325,1,247,0,0,1,-0.9749279121818236,-0.2225209339563146,1.0,6.123233995736766e-17,263917.5168521506,258963.75957117317,0
2025-03-30,2025,3,1,6,1,53996,2937727.01,1486781.94,4723.0,1571560.93,1544207.04,1240965.92,1571032.83,1416802.0,1298111.0,1,0,0,243,121,270,95,324,0,246,0,0,1,-0.7818314824680299,0.6234898018587334,1.0,6.123233995736766e-17,706199.8014647166,403683.3585317942,0
2025-03-31,2025,3,1,0,0,20854,1389682.76,706181.72,4501.0,2937727.01,1019747.24,1596372.52,1594383.23,1469650.0,1291221.0,1,0,0,242,122,269,96,323,354,245,0,0,0,0.0,1.0,1.0,6.123233995736766e-17,685059.7833547919,400165.8566070441,0
2025-04-01,2025,4,2,1,0,21385,1400481.26,711285.03,4501.0,1389682.76,997734.75,1617846.24,1033631.35,1527185.0,1283976.0,1,0,0,241,123,268,97,322,353,244,0,0,0,0.7818314824680298,0.6234898018587336,0.8660254037844387,-0.4999999999999998,655076.271008071,395994.0580999814,0
2025-04-02,2025,4,2,2,0,21329,1395086.01,707640.82,4501.0,1400481.26,1031352.72,998486.87,1007437.88,1579147.0,1297196.0,1,0,0,240,124,267,98,321,352,243,0,0,0,0.9749279121818236,-0.22252093395631434,0.8660254037844387,-0.4999999999999998,622822.8053211103,392741.30530043,0
2025-04-03,2025,4,2,3,0,20808,1401755.63,712034.66,4501.0,1395086.01,1005226.99,1021768.28,991163.93,1635794.0,1309862.0,1,0,0,239,125,266,99,320,351,242,0,0,0,0.43388373911755823,-0.900968867902419,0.8660254037844387,-0.4999999999999998,578369.9299615651,389667.6700469082,0
2025-04-04,2025,4,2,4,0,27487,1845638.17,938607.84,4501.0,1401755.63,1354265.88,1015469.63,1039444.44,1705990.0,1337534.0,1,0,0,238,126,265,100,319,350,241,0,0,0,-0.433883739117558,-0.9009688679024191,0.8660254037844387,-0.4999999999999998,568236.2406647367,397440.2093394859,0
2025-04-05,2025,4,2,5,1,32636,2183036.82,1107333.58,4501.0,1845638.17,1571560.93,999895.68,1364252.33,1793344.0,1376972.0,1,0,0,237,127,264,101,318,349,240,0,0,0,-0.9749279121818236,-0.2225209339563146,0.8660254037844387,-0.4999999999999998,590683.5101570828,420796.34686222125,0
2025-04-06,2025,4,2,6,1,32647,2144728.53,1087593.46,4501.0,2183036.82,2937727.01,1377645.27,1582028.53,1680058.0,1402542.0,1,0,0,236,128,263,102,317,348,239,0,0,0,-0.7818314824680299,0.6234898018587334,0.8660254037844387,-0.4999999999999998,369112.75723034964,443530.23548429995,0
2025-04-07,2025,4,2,0,0,10349,741035.99,373306.63,0.0,2144728.53,1389682.76,1586406.23,1591278.46,1587395.0,1374363.0,0,0,0,235,129,262,103,316,347,238,0,0,0,0.0,1.0,0.8660254037844387,-0.4999999999999998,509052.1288931146,458062.4361150356,1
2025-04-08,2025,4,2,1,0,10418,725737.9,365642.5,0.0,741035.99,1400481.26,1568332.47,1033534.56,1491003.0,1346276.0,0,0,0,234,130,261,104,315,346,237,0,0,0,0.7818314824680298,0.6234898018587336,0.8660254037844387,-0.4999999999999998,605155.6730554142,471396.99539037124,2
2025-04-09,2025,4,2,2,0,10690,737437.25,372575.09,0.0,725737.9,1395086.01,1035110.72,1017315.33,1397053.0,1336354.0,0,0,0,233,131,260,105,314,345,236,0,0,0,0.9749279121818236,-0.22252093395631434,0.8660254037844387,-0.4999999999999998,670093.9301671047,481203.442863957,3
2025-04-10,2025,4,2,3,0,10298,728366.65,367619.36,0.0,737437.25,1401755.63,1027330.73,1837996.04,1300854.0,1326388.0,0,0,0,232,132,259,106,313,344,235,0,0,0,0.43388373911755823,-0.900968867902419,0.8660254037844387,-0.4999999999999998,716065.1128513699,490823.3587856822,4
2025-04-11,2025,4,2,4,0,14152,969522.47,489726.62,0.0,728366.65,1845638.17,1025621.68,1279278.19,1175695.0,1324518.0,0,0,0,231,133,258,107,312,343,234,0,0,0,-0.433883739117558,-0.9009688679024191,0.8660254037844387,-0.4999999999999998,680665.4821661803,492113.9219046023,5
2025-04-12,2025,4,2,5,1,16412,1143181.67,576016.74,0.0,969522.47,2183036.82,1001383.19,1772205.75,1027144.0,1329245.0,0,0,0,230,134,257,108,311,342,233,0,0,0,-0.9749279121818236,-0.2225209339563146,0.8660254037844387,-0.4999999999999998,518279.4451588503,489577.71196531784,6
2025-04-13,2025,4,2,6,1,16316,1123898.57,568328.2,0.0,1143181.67,2144728.53,1344796.66,2037529.91,881312.0,1321881.0,0,0,0,229,135,256,109,310,341,232,0,0,0,-0.7818314824680299,0.6234898018587334,0.8660254037844387,-0.4999999999999998,192863.48296686873,490994.85234359757,7
2025-04-14,2025,4,2,0,0,10441,725604.99,365446.45,0.0,1123898.57,741035.99,1581729.28,2075234.44,879107.0,1293344.0,0,0,0,228,136,255,110,309,340,231,0,0,0,0.0,1.0,0.8660254037844387,-0.4999999999999998,194812.39710124722,500165.3366614274,8
2025-04-15,2025,4,2,1,0,10749,732328.88,369572.88,0.0,725604.99,725737.9,1602291.0,1347177.77,880049.0,1264345.0,0,0,0,227,137,254,111,308,339,230,0,0,0,0.7818314824680298,0.6234898018587336,0.8660254037844387,-0.4999999999999998,193961.65826469293,506810.7678836925,9
2025-04-16,2025,4,2,2,0,10547,721981.08,362923.81,0.0,732328.88,737437.25,1017396.57,1313428.62,877841.0,1254498.0,0,0,0,226,138,253,112,307,338,229,0,0,0,0.9749279121818236,-0.22252093395631434,0.8660254037844387,-0.4999999999999998,195933.6480498073,514584.65747763135,10
2025-04-17,2025,4,2,3,0,10878,738540.19,371963.51,0.0,721981.08,728366.65,1028696.89,1330105.2,879294.0,1244826.0,0,0,0,225,139,252,113,306,337,228,0,0,0,0.43388373911755823,-0.900968867902419,0.8660254037844387,-0.4999999999999998,194673.7967992006,521653.33077951305,11
2025-04-18,2025,4,2,4,0,14385,986036.79,498150.25,0.0,738540.19,969522.47,1023300.42,734119.85,881653.0,1243584.0,0,0,0,224,140,251,114,305,336,227,0,0,0,-0.433883739117558,-0.9009688679024191,0.8660254037844387,-0.4999999999999998,196044.72690880587,522243.0313206291,12
2025-04-19,2025,4,2,5,1,16578,1144545.8,576888.62,0.0,986036.79,1143181.67,1021535.37,990448.87,881848.0,1247684.0,0,0,0,223,141,250,115,304,335,226,0,0,0,-0.9749279121818236,-0.2225209339563146,0.8660254037844387,-0.4999999999999998,196348.4667882349,520920.74638063624,13
2025-04-20,2025,4,2,6,1,16602,1122923.5,564907.98,0.0,1144545.8,1123898.57,1383556.94,1101820.07,881709.0,1238997.0,0,0,0,222,142,249,116,303,334,225,0,0,0,-0.7818314824680299,0.6234898018587334,0.8660254037844387,-0.4999999999999998,196148.37283035423,520749.92067007424,14
2025-04-21,2025,4,2,0,0,10597,733806.88,369537.69,0.0,1122923.5,725604.99,1606525.75,1137983.58,882880.0,1209906.0,0,0,0,221,143,248,117,302,333,224,0,0,0,0.0,1.0,0.8660254037844387,-0.4999999999999998,195082.06570202069,523877.6187591311,15
2025-04-22,2025,4,2,1,0,10604,727104.26,365998.55,0.0,733806.88,732328.88,1544207.04,742395.86,882134.0,1182669.0,0,0,0,220,144,247,118,301,332,223,0,0,0,0.7818314824680298,0.6234898018587336,0.8660254037844387,-0.4999999999999998,195762.87557742454,527128.5306117968,16
2025-04-23,2025,4,2,2,0,10692,755278.2,380833.78,0.0,727104.26,721981.08,1019747.24,733639.79,886891.0,1173854.0,0,0,0,219,145,246,119,300,331,222,0,0,0,0.9749279121818236,-0.22252093395631434,0.8660254037844387,-0.4999999999999998,191582.73527001787,532134.8744262366,17
2025-04-24,2025,4,2,3,0,10538,731779.51,370216.39,0.0,755278.2,738540.19,997734.75,715865.25,885925.0,1164988.0,0,0,0,218,146,245,120,299,330,221,0,0,0,0.43388373911755823,-0.900968867902419,0.8660254037844387,-0.4999999999999998,192470.23406922177,537359.8336664543,18
2025-04-25,2025,4,2,4,0,14185,989864.93,499440.95,0.0,731779.51,986036.79,1031352.72,741061.22,886472.0,1163606.0,0,0,0,217,147,244,121,298,329,220,0,0,0,-0.433883739117558,-0.9009688679024191,0.8660254037844387,-0.4999999999999998,192807.24014358938,537768.8420876855,19
2025-04-26,2025,4,2,5,1,16451,1149925.91,580111.79,0.0,989864.93,1144545.8,1005226.99,966237.42,887240.0,1168429.0,0,0,0,216,148,243,122,297,328,219,0,0,0,-0.9749279121818236,-0.2225209339563146,0.8660254037844387,-0.4999999999999998,194014.4040569332,536947.6294409061,20
2025-04-27,2025,4,2,6,1,16380,1144214.67,577330.7,0.0,1149925.91,1122923.5,1354265.88,1125856.86,890282.0,1161427.0,0,0,0,215,149,242,123,296,327,218,0,0,0,-0.7818314824680299,0.6234898018587334,0.8660254037844387,-0.4999999999999998,198441.43728984453,535809.09295636,21
2025-04-28,2025,4,2,0,0,10521,719400.3,363172.19,0.0,1144214.67,733806.88,1571560.93,1133351.57,888224.0,1133022.0,0,0,0,214,150,241,124,295,326,217,0,0,0,0.0,1.0,0.8660254037844387,-0.4999999999999998,200399.79539424143,535904.7187391826,22
2025-04-29,2025,4,2,1,0,10556,743808.56,375945.24,0.0,719400.3,727104.26,2937727.01,750614.86,890610.0,1059891.0,0,0,0,213,151,240,125,294,325,216,0,0,0,0.7818314824680298,0.6234898018587336,0.8660254037844387,-0.4999999999999998,198249.36139396005,417822.98666695756,23
2025-04-30,2025,4,2,2,0,10759,728552.95,367669.57,0.0,743808.56,755278.2,1389682.76,706182.44,886792.0,1037853.0,0,0,0,212,152,239,126,293,324,215,0,0,0,0.9749279121818236,-0.22252093395631434,0.8660254037844387,-0.4999999999999998,201520.3169507127,417263.5867372233,24
2025-05-01,2025,5,2,3,0,10034,678414.41,343287.02,0.0,728552.95,731779.51,1400481.26,695204.41,879169.0,1013785.0,0,0,0,211,153,238,127,292,323,214,0,0,0,0.43388373911755823,-0.900968867902419,0.49999999999999994,-0.8660254037844387,209224.03724126113,416449.5377327013,25
2025-05-02,2025,5,2,4,0,13030,903028.59,457370.27,0.0,678414.41,989864.93,1395086.01,693296.78,866764.0,997383.0,0,0,0,210,154,237,128,291,322,213,0,0,0,-0.433883739117558,-0.9009688679024191,0.49999999999999994,-0.8660254037844387,204077.85472859614,410562.3449849561,26
2025-05-03,2025,5,2,5,1,15915,1092674.77,553177.56,0.0,903028.59,1149925.91,1401755.63,929271.9,858585.0,987080.0,0,0,0,209,155,236,129,290,321,212,0,0,0,-0.9749279121818236,-0.2225209339563146,0.49999999999999994,-0.8660254037844387,191604.34446896616,403888.8743140682,27
2025-05-04,2025,5,2,6,1,15777,1081669.23,547583.04,0.0,1092674.77,1144214.67,1845638.17,1072508.76,849650.0,961614.0,0,0,0,208,156,235,130,289,320,211,0,0,0,-0.7818314824680299,0.6234898018587334,0.49999999999999994,-0.8660254037844387,176963.62779125705,370602.04791168123,28
2025-05-05,2025,5,2,0,0,9844,701732.14,355441.45,0.0,1081669.23,719400.3,2183036.82,1061444.0,847126.0,912238.0,0,0,0,207,157,234,131,288,319,210,0,0,0,0.0,1.0,0.49999999999999994,-0.8660254037844387,179242.32269764808,292760.5959235077,29
2025-05-06,2025,5,2,1,0,10108,703416.58,356167.31,0.0,701732.14,743808.56,2144728.53,689822.91,841356.0,864194.0,0,0,0,206,158,233,132,287,318,209,0,0,0,0.7818314824680298,0.6234898018587336,0.49999999999999994,-0.8660254037844387,183717.02730709975,180122.59398325195,30
2025-05-07,2025,5,2,2,0,10060,701042.53,354567.62,0.0,703416.58,728552.95,741035.99,686864.43,837425.0,862861.0,0,0,0,205,159,232,133,286,317,208,0,0,0,0.9749279121818236,-0.22252093395631434,0.49999999999999994,-0.8660254037844387,186800.640048002,181210.2504203809,31
2025-05-08,2025,5,2,3,0,10004,692084.04,349893.47,0.0,701042.53,678414.41,725737.9,693133.5,839378.0,861739.0,0,0,0,204,160,231,134,285,316,207,0,0,0,0.43388373911755823,-0.900968867902419,0.49999999999999994,-0.8660254037844387,184923.31512023968,182189.9105384553,32
2025-05-09,2025,5,2,4,0,13528,942674.69,476698.62,0.0,692084.04,903028.59,737437.25,678292.74,845042.0,868580.0,0,0,0,203,161,230,135,284,315,206,0,0,0,-0.433883739117558,-0.9009688679024191,0.49999999999999994,-0.8660254037844387,187782.69238804988,181212.14209340434,33
2025-05-10,2025,5,2,5,1,15135,1092311.77,553490.21,0.0,942674.69,1092674.77,728366.65,926447.84,844990.0,880712.0,0,0,0,202,162,229,136,283,314,205,0,0,0,-0.9749279121818236,-0.2225209339563146,0.49999999999999994,-0.8660254037844387,187702.94302203177,183667.44702340153,34
2025-05-11,2025,5,2,6,1,15543,1085026.66,549330.76,0.0,1092311.77,1081669.23,969522.47,1057990.14,845470.0,884562.0,0,0,0,201,163,228,137,282,313,204,0,0,0,-0.7818314824680299,0.6234898018587334,0.49999999999999994,-0.8660254037844387,188411.4725238051,186777.64403378687,35
2025-05-12,2025,5,2,0,0,9830,700068.77,353320.23,0.0,1085026.66,701732.14,1143181.67,1084098.83,845232.0,869791.0,0,0,0,200,164,227,138,281,312,203,0,0,0,0.0,1.0,0.49999999999999994,-0.8660254037844387,188623.8970133032,183105.32166487718,36
2025-05-13,2025,5,2,1,0,10061,682612.84,345520.78,0.0,700068.77,703416.58,1123898.57,687770.44,842260.0,855082.0,0,0,0,199,165,226,139,280,311,202,0,0,0,0.7818314824680298,0.6234898018587336,0.49999999999999994,-0.8660254037844387,191374.59045693325,179681.07836094228,37
2025-05-14,2025,5,2,2,0,9913,688712.17,348286.8,0.0,682612.84,701042.53,725604.99,679169.17,840499.0,853852.0,0,0,0,198,166,225,140,279,310,201,0,0,0,0.9749279121818236,-0.22252093395631434,0.49999999999999994,-0.8660254037844387,192941.37727868566,180721.03181425142,38
2025-05-15,2025,5,2,3,0,10031,705765.99,357410.32,0.0,688712.17,692084.04,732328.88,690436.81,842453.0,852967.0,0,0,0,197,167,224,141,278,309,200,0,0,0,0.43388373911755823,-0.900968867902419,0.49999999999999994,-0.8660254037844387,191249.1829311571,181400.7498925633,39
2025-05-16,2025,5,2,4,0,13343,923600.05,467640.34,0.0,705765.99,942674.69,721981.08,699458.28,839728.0,859687.0,0,0,0,196,168,223,142,277,308,199,0,0,0,-0.433883739117558,-0.9009688679024191,0.49999999999999994,-0.8660254037844387,189712.93634310787,180110.8462416949,40
2025-05-17,2025,5,2,5,1,15752,1058332.8,535158.01,0.0,923600.05,1092311.77,738540.19,952256.77,834874.0,870347.0,0,0,0,195,169,222,143,276,307,198,0,0,0,-0.9749279121818236,-0.2225209339563146,0.49999999999999994,-0.8660254037844387,182469.43589996142,182145.46301265247,41
2025-05-18,2025,5,2,6,1,15538,1073460.12,543095.15,0.0,1058332.8,1085026.66,986036.79,1060004.62,833222.0,873261.0,0,0,0,194,170,221,144,275,306,197,0,0,0,-0.7818314824680299,0.6234898018587334,0.49999999999999994,-0.8660254037844387,179860.3373391175,184741.02751902875,42
2025-05-19,2025,5,2,0,0,10048,700345.35,354738.86,0.0,1073460.12,700068.77,1144545.8,1062804.43,833261.0,858454.0,0,0,0,193,171,220,145,274,305,196,0,0,0,0.0,1.0,0.49999999999999994,-0.8660254037844387,179826.23849785954,179988.07643072336,43
2025-05-20,2025,5,2,1,0,9780,692552.81,349968.56,0.0,700345.35,682612.84,1122923.5,698718.73,834681.0,844109.0,0,0,0,192,172,219,146,273,304,195,0,0,0,0.7818314824680298,0.6234898018587336,0.49999999999999994,-0.8660254037844387,178472.52899342083,175271.31913004402,44
2025-05-21,2025,5,2,2,0,10088,687167.07,347570.29,0.0,692552.81,688712.17,733806.88,690929.84,834461.0,842554.0,0,0,0,191,173,218,147,272,303,194,0,0,0,0.9749279121818236,-0.22252093395631434,0.49999999999999994,-0.8660254037844387,178683.976994554,176486.07479002944,45
2025-05-22,2025,5,2,3,0,9843,686932.62,347351.22,0.0,687167.07,705765.99,727104.26,692263.25,831770.0,841215.0,0,0,0,190,174,217,148,271,302,193,0,0,0,0.43388373911755823,-0.900968867902419,0.49999999999999994,-0.8660254037844387,181070.57241185365,177541.4754675401,46
2025-05-23,2025,5,2,4,0,13403,926453.87,468865.56,0.0,686932.62,923600.05,755278.2,703238.2,832178.0,846921.0,0,0,0,189,175,216,149,270,301,192,0,0,0,-0.433883739117558,-0.9009688679024191,0.49999999999999994,-0.8660254037844387,181314.83951867823,177434.99108400557,47
2025-05-24,2025,5,2,5,1,15447,1078095.59,546244.35,0.0,926453.87,1058332.8,731779.51,931775.08,835001.0,858465.0,0,0,0,188,176,215,150,269,300,191,0,0,0,-0.9749279121818236,-0.2225209339563146,0.49999999999999994,-0.8660254037844387,185528.12273611882,180917.0587946871,48
2025-05-25,2025,5,2,6,1,15592,1072677.99,542657.2,0.0,1078095.59,1073460.12,989864.93,1057527.15,834889.0,861225.0,0,0,0,187,177,214,151,268,299,190,0,0,0,-0.7818314824680299,0.6234898018587334,0.49999999999999994,-0.8660254037844387,185360.73762921788,183602.9435915734,49
2025-05-26,2025,5,2,0,0,10173,697096.16,353162.77,0.0,1072677.99,700345.35,1149925.91,1053827.89,834425.0,846131.0,0,0,0,186,178,213,152,267,298,189,0,0,0,0.0,1.0,0.49999999999999994,-0.8660254037844387,185757.45175061363,177564.58402893442,50
2025-05-27,2025,5,2,1,0,9829,670524.32,339122.27,0.0,697096.16,692552.81,1144214.67,688293.38,831278.0,830341.0,0,0,0,185,179,212,153,266,297,188,0,0,0,0.7818314824680298,0.6234898018587336,0.49999999999999994,-0.8660254037844387,188724.3955381483,171086.84561661395,51
2025-05-28,2025,5,2,2,0,10127,702194.32,356053.27,0.0,670524.32,687167.07,719400.3,692519.45,833425.0,829768.0,0,0,0,184,180,211,154,265,296,187,0,0,0,0.9749279121818236,-0.22252093395631434,0.49999999999999994,-0.8660254037844387,186888.44909013982,171499.91702213185,52
2025-05-29,2025,5,2,3,0,9935,701929.37,355754.94,0.0,702194.32,686932.62,743808.56,683429.26,835567.0,828372.0,0,0,0,183,181,210,155,264,295,186,0,0,0,0.43388373911755823,-0.900968867902419,0.49999999999999994,-0.8660254037844387,185005.7248474044,172391.85753698176,53
2025-05-30,2025,5,2,4,0,13480,904089.77,456525.42,0.0,701929.37,926453.87,728552.95,690590.78,832373.0,834223.0,0,0,0,182,182,209,156,263,294,185,0,0,0,-0.433883739117558,-0.9009688679024191,0.49999999999999994,-0.8660254037844387,183360.4021887712,171865.22047636608,54
2025-05-31,2025,5,2,5,1,15321,1078889.42,548073.51,0.0,904089.77,1078095.59,678414.41,933191.09,832486.0,847572.0,0,0,0,181,183,208,157,262,293,184,0,0,0,-0.9749279121818236,-0.2225209339563146,0.49999999999999994,-0.8660254037844387,183537.86503237122,174872.50217830847,55
2025-06-01,2025,6,2,6,1,15086,1069238.66,540258.02,0.0,1078889.42,1072677.99,903028.59,1064610.08,831995.0,853112.0,0,0,0,180,184,207,158,261,292,183,0,0,0,-0.7818314824680299,0.6234898018587334,1.2246467991473532e-16,-1.0,182790.7851735569,179267.7786242682,56
2025-06-02,2025,6,2,0,0,10184,701475.31,356090.27,0.0,1069238.66,697096.16,1092674.77,1062418.52,832620.0,840072.0,0,0,0,179,185,206,159,260,291,182,0,0,0,0.0,1.0,1.2246467991473532e-16,-1.0,182258.87425770532,175427.91165269352,57
2025-06-03,2025,6,2,1,0,10023,696560.53,352556.81,0.0,701475.31,670524.32,1081669.23,692791.01,836340.0,827235.0,0,0,0,178,186,205,160,259,290,181,0,0,0,0.7818314824680298,0.6234898018587336,1.2246467991473532e-16,-1.0,178629.08687564,171178.13309225818,58
2025-06-04,2025,6,2,2,0,9795,677330.14,342472.1,0.0,696560.53,702194.32,701732.14,692264.73,832788.0,826422.0,0,0,0,177,187,204,161,258,289,180,0,0,0,0.9749279121818236,-0.22252093395631434,1.2246467991473532e-16,-1.0,181957.33903096052,171851.71214980088,59
2025-06-05,2025,6,2,3,0,10113,701759.38,354510.32,0.0,677330.14,701929.37,703416.58,706053.15,832763.0,826367.0,0,0,0,176,188,203,162,257,288,179,0,0,0,0.43388373911755823,-0.900968867902419,1.2246467991473532e-16,-1.0,181977.72451269836,171892.87585116047,60
2025-06-06,2025,6,2,4,0,13424,939210.12,475922.71,0.0,701759.38,904089.77,701042.53,690597.16,837781.0,834306.0,0,0,0,175,189,202,163,256,287,178,0,0,0,-0.433883739117558,-0.9009688679024191,1.2246467991473532e-16,-1.0,184735.21898717005,171404.37099726428,61
2025-06-07,2025,6,2,5,1,15454,1078020.45,545183.83,0.0,939210.12,1078889.42,692084.04,928972.01,837656.0,847170.0,0,0,0,174,190,201,164,255,286,177,0,0,0,-0.9749279121818236,-0.2225209339563146,1.2246467991473532e-16,-1.0,184546.39038286297,174811.15243772484,62
2025-06-08,2025,6,2,6,1,15255,1072168.99,542900.26,0.0,1078020.45,1069238.66,942674.69,1106280.45,838075.0,851487.0,0,0,0,173,191,200,165,254,285,176,0,0,0,-0.7818314824680299,0.6234898018587334,1.2246467991473532e-16,-1.0,185161.55397702762,178803.8410256221,63
2025-06-09,2025,6,2,0,0,9815,684903.56,346283.52,0.0,1072168.99,701475.31,1092311.77,1078752.27,835708.0,837907.0,0,0,0,172,192,199,166,253,284,175,0,0,0,0.0,1.0,1.2246467991473532e-16,-1.0,187292.81394354158,175319.82322589247,64
2025-06-10,2025,6,2,1,0,10082,696714.71,352949.33,0.0,684903.56,696560.53,1085026.66,691476.7,835730.0,824963.0,0,0,0,171,193,198,167,252,283,174,0,0,0,0.7818314824680298,0.6234898018587336,1.2246467991473532e-16,-1.0,187273.7309909858,170720.0490863672,65
2025-06-11,2025,6,2,2,0,9683,682364.6,345947.65,0.0,696714.71,677330.14,700068.77,701129.37,836449.0,824373.0,0,0,0,170,194,197,168,251,282,173,0,0,0,0.9749279121818236,-0.22252093395631434,1.2246467991473532e-16,-1.0,186572.37879255062,171196.5999046738,66
2025-06-12,2025,6,2,3,0,9727,687684.89,348008.49,0.0,682364.6,701759.38,682612.84,697803.35,834438.0,824542.0,0,0,0,169,195,196,169,250,281,172,0,0,0,0.43388373911755823,-0.900968867902419,1.2246467991473532e-16,-1.0,188333.33848976705,171054.2202172958,67
2025-06-13,2025,6,2,4,0,13275,925158.15,468624.77,0.0,687684.89,939210.12,688712.17,699272.36,832431.0,832423.0,0,0,0,168,196,195,170,249,280,171,0,0,0,-0.433883739117558,-0.9009688679024191,1.2246467991473532e-16,-1.0,187101.3200740422,170024.06436132532,68
2025-06-14,2025,6,2,5,1,15541,1065653.58,540356.55,0.0,925158.15,1078020.45,705765.99,923366.86,830664.0,844419.0,0,0,0,167,197,194,171,248,279,170,0,0,0,-0.9749279121818236,-0.2225209339563146,1.2246467991473532e-16,-1.0,184435.24761865387,173441.2673613531,69
2025-06-15,2025,6,2,6,1,18465,1319266.3,666287.77,667.5,1065653.58,1072168.99,923600.05,1334898.41,865964.0,857608.0,1,0,0,166,198,193,172,247,278,169,0,0,0,-0.7818314824680299,0.6234898018587334,1.2246467991473532e-16,-1.0,250260.94274465163,193548.1640730815,0
2025-06-16,2025,6,2,0,0,12008,859436.99,434127.03,667.5,1319266.3,684903.56,1058332.8,1353778.9,890897.0,850979.0,1,0,0,165,199,192,173,246,277,168,0,0,0,0.0,1.0,1.2246467991473532e-16,-1.0,237589.0581495595,189805.73156273537,0
2025-06-17,2025,6,2,1,0,11963,865149.24,436999.89,667.5,859436.99,696714.71,1073460.12,859114.06,914959.0,844035.0,1,0,0,164,200,191,174,245,276,167,0,0,0,0.7818314824680298,0.6234898018587336,1.2246467991473532e-16,-1.0,222708.57404115552,185138.95521847202,0
2025-06-18,2025,6,2,2,0,11892,854557.57,430683.4,667.5,865149.24,682364.6,700345.35,859181.34,939558.0,849175.0,1,0,0,163,201,190,175,244,275,166,0,0,0,0.9749279121818236,-0.22252093395631434,1.2246467991473532e-16,-1.0,201207.61272617592,183141.9181936479,0
2025-06-19,2025,6,2,3,0,11952,885179.28,446627.39,667.5,854557.57,687684.89,692552.81,855274.11,967772.0,855596.0,1,0,0,162,202,189,176,243,274,165,0,0,0,0.43388373911755823,-0.900968867902419,1.2246467991473532e-16,-1.0,171683.79687930582,180823.47902695605,0
2025-06-20,2025,6,2,4,0,15848,1142812.74,575870.48,667.5,885179.28,925158.15,687167.07,874542.8,998865.0,870784.0,1,0,0,161,203,188,177,242,273,164,0,0,0,-0.433883739117558,-0.9009688679024191,1.2246467991473532e-16,-1.0,182074.98960648847,185269.73956601636,0
2025-06-21,2025,6,2,5,1,18865,1361679.85,686754.27,667.5,1142812.74,1065653.58,686932.62,1173691.5,1041155.0,893276.0,1,0,0,160,204,187,178,241,272,163,0,0,0,-0.9749279121818236,-0.2225209339563146,1.2246467991473532e-16,-1.0,228605.50430070676,202350.18348634354,0
2025-06-22,2025,6,2,6,1,18374,1309401.73,660469.54,667.5,1361679.85,1319266.3,926453.87,1344440.11,1039745.0,906041.0,1,0,0,159,205,186,179,240,271,162,0,0,0,-0.7818314824680299,0.6234898018587334,1.2246467991473532e-16,-1.0,226627.21321440866,216125.27991206644,0
2025-06-23,2025,6,2,0,0,11996,854344.66,431197.8,667.5,1309401.73,859436.99,1078095.59,1316350.78,1039018.0,898582.0,1,0,0,158,206,185,180,239,270,161,0,0,0,0.0,1.0,1.2246467991473532e-16,-1.0,227309.6160025678,213831.6112999008,0
2025-06-24,2025,6,2,1,0,12009,870761.44,439135.19,667.5,854344.66,865149.24,1072677.99,859854.44,1039820.0,891852.0,1,0,0,157,207,184,181,238,269,160,0,0,0,0.7818314824680298,0.6234898018587336,1.2246467991473532e-16,-1.0,226602.95503827976,211325.9056714295,0
2025-06-25,2025,6,2,2,0,11538,852123.42,430220.31,667.5,870761.44,854557.57,697096.16,871642.42,1039472.0,897019.0,1,0,0,156,208,183,182,237,268,159,0,0,0,0.9749279121818236,-0.22252093395631434,1.2246467991473532e-16,-1.0,226936.25581763018,208272.69596084068,0
2025-06-26,2025,6,2,3,0,11664,853666.72,430419.23,667.5,852123.42,885179.28,670524.32,858794.71,1034970.0,903124.0,1,0,0,155,209,182,183,236,267,158,0,0,0,0.43388373911755823,-0.900968867902419,1.2246467991473532e-16,-1.0,230787.0132367125,204046.08489361967,0
2025-06-27,2025,6,2,4,0,15936,1141944.73,575141.27,667.5,853666.72,1142812.74,702194.32,872921.74,1034846.0,917783.0,1,0,0,154,210,181,184,235,266,157,0,0,0,-0.433883739117558,-0.9009688679024191,1.2246467991473532e-16,-1.0,230719.63565642535,204907.5280122253,0
2025-06-28,2025,6,2,5,1,18392,1339179.49,674872.37,667.5,1141944.73,1361679.85,701929.37,1151593.18,1031632.0,939024.0,1,0,0,153,211,180,185,234,265,156,0,0,0,-0.9749279121818236,-0.2225209339563146,1.2246467991473532e-16,-1.0,225505.16959604816,214562.2884471719,0
2025-06-29,2025,6,2,6,1,18392,1324383.81,668721.6,667.5,1339179.49,1309401.73,904089.77,1359318.57,1033772.0,953034.0,1,0,0,152,212,179,186,233,264,155,0,0,0,-0.7818314824680299,0.6234898018587334,1.2246467991473532e-16,-1.0,228630.3530760645,225638.22584689106,0
2025-06-30,2025,6,2,0,0,11850,868945.97,438583.52,667.5,1324383.81,854344.66,1078889.42,1344080.75,1035858.0,946036.0,1,0,0,151,213,178,187,232,263,154,0,0,0,0.0,1.0,1.2246467991473532e-16,-1.0,226779.63675942706,224854.56357190304,0
2025-07-01,2025,7,3,1,0,11251,811459.24,408907.2,667.5,868945.97,870761.44,1069238.66,809479.36,1027386.0,937443.0,1,0,0,150,214,177,188,231,262,153,0,0,0,0.7818314824680298,0.6234898018587336,-0.4999999999999997,-0.8660254037844388,234936.002332764,224909.5310751872,0
2025-07-02,2025,7,3,2,0,11431,803297.47,405734.47,667.5,811459.24,852123.42,701475.31,809917.61,1020411.0,940837.0,1,0,0,149,215,176,189,230,261,152,0,0,0,0.9749279121818236,-0.22252093395631434,-0.4999999999999997,-0.8660254037844388,241635.9865947306,221974.93234645258,0
2025-07-03,2025,7,3,3,0,11393,818976.79,413931.33,667.5,803297.47,853666.72,696560.53,820609.03,1015455.0,944918.0,1,0,0,148,216,175,190,229,260,151,0,0,0,0.43388373911755823,-0.900968867902419,-0.4999999999999997,-0.8660254037844388,245943.04129831636,218426.39096586034,0
2025-07-04,2025,7,3,4,0,15028,1084648.7,546728.67,667.5,818976.79,1141944.73,677330.14,831545.83,1007270.0,958495.0,1,0,0,147,217,174,191,228,259,150,0,0,0,-0.433883739117558,-0.9009688679024191,-0.4999999999999997,-0.8660254037844388,241952.83913471413,213830.72531552345,0
2025-07-05,2025,7,3,5,1,17723,1257475.26,634483.71,667.5,1084648.7,1339179.49,701759.38,1094209.22,995598.0,977019.0,1,0,0,146,218,173,192,227,258,149,0,0,0,-0.9749279121818236,-0.2225209339563146,-0.4999999999999997,-0.8660254037844388,224622.72096055845,214890.96167847523,0
2025-07-06,2025,7,3,6,1,17742,1249157.23,629302.54,667.5,1257475.26,1324383.81,939210.12,1242163.65,984852.0,987351.0,1,0,0,145,219,172,193,226,257,148,0,0,0,-0.7818314824680299,0.6234898018587334,-0.4999999999999997,-0.8660254037844388,207411.0120407191,220390.9607694523,0
2025-07-07,2025,7,3,0,0,11354,798646.5,403038.84,667.5,1249157.23,868945.97,1078020.45,1228692.36,974809.0,978038.0,1,0,0,144,220,171,194,225,256,147,0,0,0,0.0,1.0,-0.4999999999999997,-0.8660254037844388,215502.58259739657,222321.57816450417,0
2025-07-08,2025,7,3,1,0,11322,821194.31,414699.81,667.5,798646.5,811459.24,1072168.99,813202.32,976199.0,969672.0,1,0,0,143,221,170,195,224,255,146,0,0,0,0.7818314824680298,0.6234898018587336,-0.4999999999999997,-0.8660254037844388,214300.79085434048,223376.85722424855,0
2025-07-09,2025,7,3,2,0,11638,810662.25,408663.82,667.5,821194.31,803297.47,684903.56,805364.81,977252.0,973864.0,1,0,0,142,222,169,196,223,254,145,0,0,0,0.9749279121818236,-0.22252093395631434,-0.4999999999999997,-0.8660254037844388,213326.31298085055,218985.37002997284,0
2025-07-10,2025,7,3,3,0,11262,806574.45,407374.58,667.5,810662.25,818976.79,696714.71,801864.32,975480.0,977526.0,1,0,0,141,223,168,197,222,253,144,0,0,0,0.43388373911755823,-0.900968867902419,-0.4999999999999997,-0.8660254037844388,214905.5972356589,215074.55641490273,0
2025-07-11,2025,7,3,4,0,15221,1068801.27,539753.14,667.5,806574.45,1084648.7,682364.6,810226.82,973216.0,990407.0,1,0,0,140,224,167,198,221,252,143,0,0,0,-0.433883739117558,-0.9009688679024191,-0.4999999999999997,-0.8660254037844388,213643.6540662744,208251.1610501183,0
2025-07-12,2025,7,3,5,1,17773,1260675.07,635542.62,667.5,1068801.27,1257475.26,687684.89,1104375.82,973673.0,1009507.0,1,0,0,139,225,166,199,220,251,142,0,0,0,-0.9749279121818236,-0.2225209339563146,-0.4999999999999997,-0.8660254037844388,214355.4655046193,205790.9492703024,0
2025-07-13,2025,7,3,6,1,17565,1259735.12,636093.07,667.5,1260675.07,1249157.23,925158.15,1282391.37,975184.0,1020660.0,1,0,0,138,226,165,200,219,250,141,0,0,0,-0.7818314824680299,0.6234898018587334,-0.4999999999999997,-0.8660254037844388,216646.2494067,210083.35186998616,0
2025-07-14,2025,7,3,0,0,11024,802581.56,405165.1,667.5,1259735.12,798646.5,1065653.58,1275064.14,975746.0,1011891.0,1,0,0,137,227,164,201,218,249,140,0,0,0,0.0,1.0,-0.4999999999999997,-0.8660254037844388,216116.2821605804,213601.47875499495,0
2025-07-15,2025,7,3,1,0,11609,812308.86,409554.89,667.5,802581.56,821194.31,1319266.3,801509.99,974477.0,994992.0,1,0,0,136,228,163,202,217,248,139,0,0,0,0.7818314824680298,0.6234898018587336,-0.4999999999999997,-0.8660254037844388,217198.7126828781,208436.5766206347,0
2025-07-16,2025,7,3,2,0,9418,669976.38,339706.57,0.0,812308.86,810662.25,859436.99,652086.07,954379.0,988677.0,0,0,0,135,229,162,203,216,247,138,0,0,0,0.9749279121818236,-0.22252093395631434,-0.4999999999999997,-0.8660254037844388,240176.85189757956,215437.95740235026,1
2025-07-17,2025,7,3,3,0,9525,658127.45,333512.88,0.0,669976.38,806574.45,865149.24,660998.57,933172.0,981776.0,0,0,0,134,230,161,204,215,246,137,0,0,0,0.43388373911755823,-0.900968867902419,-0.4999999999999997,-0.8660254037844388,261049.23915672337,222723.50767828498,2
2025-07-18,2025,7,3,4,0,12628,890377.43,451335.2,0.0,658127.45,1068801.27,854557.57,668607.57,907683.0,982970.0,0,0,0,133,231,160,205,214,245,136,0,0,0,-0.433883739117558,-0.9009688679024191,-0.4999999999999997,-0.8660254037844388,254220.5500579978,222113.16375214176,3
2025-07-19,2025,7,3,5,1,14921,1018859.28,517071.53,0.0,890377.43,1260675.07,885179.28,866640.67,873138.0,987426.0,0,0,0,132,232,159,206,213,244,135,0,0,0,-0.9749279121818236,-0.2225209339563146,-0.4999999999999997,-0.8660254037844388,211018.08711372176,221423.51466692984,4
2025-07-20,2025,7,3,6,1,14754,1016760.24,515405.7,0.0,1018859.28,1259735.12,1142812.74,1060637.81,838427.0,983224.0,0,0,0,131,233,158,207,212,243,134,0,0,0,-0.7818314824680299,0.6234898018587334,-0.4999999999999997,-0.8660254037844388,147143.91551914817,219561.3670607543,5
2025-07-21,2025,7,3,0,0,9445,645502.37,327024.54,0.0,1016760.24,802581.56,1361679.85,1034343.06,815987.0,959352.0,0,0,0,130,234,157,208,211,242,133,0,0,0,0.0,1.0,-0.4999999999999997,-0.8660254037844388,164478.09804848238,215897.40579769493,6
2025-07-22,2025,7,3,1,0,9607,657947.46,333526.98,0.0,645502.37,812308.86,1309401.73,661471.2,793936.0,937636.0,0,0,0,129,235,156,209,210,241,132,0,0,0,0.7818314824680298,0.6234898018587336,-0.4999999999999997,-0.8660254037844388,175060.67919803638,212205.3329866127,7
2025-07-23,2025,7,3,2,0,9532,651478.72,330500.11,0.0,657947.46,669976.38,854344.66,658210.93,791293.0,930874.0,0,0,0,128,236,155,210,209,240,131,0,0,0,0.9749279121818236,-0.22252093395631434,-0.4999999999999997,-0.8660254037844388,177368.09643908794,218101.44119860232,8
2025-07-24,2025,7,3,3,0,9737,664775.29,337334.98,0.0,651478.72,658127.45,870761.44,659315.52,792243.0,924008.0,0,0,0,127,237,154,211,208,239,130,0,0,0,0.43388373911755823,-0.900968867902419,-0.4999999999999997,-0.8660254037844388,176552.16412481427,223240.99432347878,9
2025-07-25,2025,7,3,4,0,12774,879302.67,446173.64,0.0,664775.29,890377.43,852123.42,655999.15,790661.0,924914.0,0,0,0,126,238,153,212,207,238,129,0,0,0,-0.433883739117558,-0.9009688679024191,-0.4999999999999997,-0.8660254037844388,175573.1080370833,222994.2205584157,10
2025-07-26,2025,7,3,5,1,14743,1036245.4,524910.05,0.0,879302.67,1018859.28,853666.72,867690.89,793145.0,931000.0,0,0,0,125,239,152,213,206,237,128,0,0,0,-0.9749279121818236,-0.2225209339563146,-0.4999999999999997,-0.8660254037844388,179420.159815345,223473.63989714245,11
2025-07-27,2025,7,3,6,1,15404,1047044.79,530534.35,0.0,1036245.4,1016760.24,1141944.73,1033937.61,797471.0,927837.0,0,0,0,124,240,151,214,205,236,127,0,0,0,-0.7818314824680299,0.6234898018587334,-0.4999999999999997,-0.8660254037844388,185956.9363031478,221043.14473740352,12
2025-07-28,2025,7,3,0,0,9536,651342.65,330156.82,0.0,1047044.79,645502.37,1339179.49,1024090.44,798305.0,904909.0,0,0,0,123,241,150,215,204,235,126,0,0,0,0.0,1.0,-0.4999999999999997,-0.8660254037844388,185172.91510458375,212409.61514831305,13
2025-07-29,2025,7,3,1,0,9608,652809.92,330888.37,0.0,651342.65,657947.46,1324383.81,669424.3,797571.0,882523.0,0,0,0,122,242,149,216,203,234,125,0,0,0,0.7818314824680298,0.6234898018587336,-0.4999999999999997,-0.8660254037844388,185830.95476308596,201800.3740578614,14
2025-07-30,2025,7,3,2,0,9702,664457.06,336138.44,0.0,652809.92,651478.72,868945.97,654249.97,799425.0,875707.0,0,0,0,121,243,148,217,202,233,124,0,0,0,0.9749279121818236,-0.22252093395631434,-0.4999999999999997,-0.8660254037844388,184187.92835724071,205690.83770777372,15
2025-07-31,2025,7,3,3,0,9613,655256.38,332502.79,0.0,664457.06,664775.29,811459.24,662269.63,798066.0,870500.0,0,0,0,120,244,147,218,201,232,123,0,0,0,0.43388373911755823,-0.900968867902419,-0.4999999999999997,-0.8660254037844388,185379.01159074844,209318.28586491203,16
2025-08-01,2025,8,3,4,0,12663,875422.23,442701.24,0.0,655256.38,879302.67,803297.47,660965.07,797511.0,872904.0,0,0,0,119,245,146,219,200,231,122,0,0,0,-0.433883739117558,-0.9009688679024191,-0.8660254037844385,-0.5000000000000004,185101.1898083084,208933.65190877294,17
2025-08-02,2025,8,3,5,1,14826,1029056.72,521149.73,0.0,875422.23,1036245.4,818976.79,886921.82,796484.0,879907.0,0,0,0,118,246,145,220,199,230,121,0,0,0,-0.9749279121818236,-0.2225209339563146,-0.8660254037844385,-0.5000000000000004,183569.52815805306,210577.95849991307,18
2025-08-03,2025,8,3,6,1,15074,1040746.87,527388.86,0.0,1029056.72,1047044.79,1084648.7,1001981.12,795585.0,878443.0,0,0,0,117,247,144,221,198,229,120,0,0,0,-0.7818314824680299,0.6234898018587334,-0.8660254037844385,-0.5000000000000004,182146.7389572558,209254.4446459315,19
2025-08-04,2025,8,3,0,0,9513,652603.14,330260.65,0.0,1040746.87,651342.65,1257475.26,1023074.17,795765.0,858281.0,0,0,0,116,248,143,222,197,228,119,0,0,0,0.0,1.0,-0.8660254037844385,-0.5000000000000004,181980.92299163426,200428.69735206926,20
2025-08-05,2025,8,3,1,0,9621,657063.62,333120.69,0.0,652603.14,652809.92,1249157.23,650737.06,796372.0,838545.0,0,0,0,115,249,142,223,196,227,118,0,0,0,0.7818314824680298,0.6234898018587336,-0.8660254037844385,-0.5000000000000004,181430.27784734272,189463.5403894579,21
2025-08-06,2025,8,3,2,0,9556,655887.66,331831.34,0.0,657063.62,664457.06,798646.5,673642.9,795148.0,833786.0,0,0,0,114,250,141,224,195,226,117,0,0,0,0.9749279121818236,-0.22252093395631434,-0.8660254037844385,-0.5000000000000004,182494.51452710564,192272.15803698456,22
2025-08-07,2025,8,3,3,0,9529,662304.03,335184.32,0.0,655887.66,655256.38,821194.31,661125.41,796155.0,828490.0,0,0,0,113,251,140,225,194,225,116,0,0,0,0.43388373911755823,-0.900968867902419,-0.8660254037844385,-0.5000000000000004,181611.41903399097,194802.71559879108,23
2025-08-08,2025,8,3,4,0,12931,889677.42,451397.06,0.0,662304.03,875422.23,810662.25,668492.72,798191.0,831123.0,0,0,0,112,252,139,226,193,224,115,0,0,0,-0.433883739117558,-0.9009688679024191,-0.8660254037844385,-0.5000000000000004,182724.9149870347,195087.32550000297,24
2025-08-09,2025,8,3,5,1,14865,1018147.51,515303.06,0.0,889677.42,1029056.72,806574.45,871670.18,796633.0,838176.0,0,0,0,111,253,138,227,192,223,114,0,0,0,-0.9749279121818236,-0.2225209339563146,-0.8660254037844385,-0.5000000000000004,180460.17985424565,197972.14545575037,25
2025-08-10,2025,8,3,6,1,14959,1036053.92,525090.63,0.0,1018147.51,1040746.87,1068801.27,1030453.08,795962.0,837084.0,0,0,0,110,254,137,228,191,222,113,0,0,0,-0.7818314824680299,0.6234898018587334,-0.8660254037844385,-0.5000000000000004,179407.77910742626,196743.14068776713,26
2025-08-11,2025,8,3,0,0,9408,656107.09,332224.49,0.0,1036053.92,652603.14,1260675.07,1040665.28,796463.0,816932.0,0,0,0,109,255,136,229,190,221,112,0,0,0,0.0,1.0,-0.8660254037844385,-0.5000000000000004,178945.4214186594,182290.80238993166,27
2025-08-12,2025,8,3,1,0,9535,655674.66,331406.08,0.0,656107.09,657063.62,1259735.12,652695.22,796265.0,796797.0,0,0,0,108,256,135,230,189,220,111,0,0,0,0.7818314824680298,0.6234898018587336,-0.8660254037844385,-0.5000000000000004,179126.43445044648,164152.41976028527,28
2025-08-13,2025,8,3,2,0,9565,670401.37,339792.56,0.0,655674.66,655887.66,802581.56,668711.78,798338.0,792391.0,0,0,0,107,257,134,231,188,219,110,0,0,0,0.9749279121818236,-0.22252093395631434,-0.8660254037844385,-0.5000000000000004,177305.50451265895,165757.86235112176,29
2025-08-14,2025,8,3,3,0,9636,653698.3,331172.76,0.0,670401.37,662304.03,812308.86,653075.7,797109.0,787104.0,0,0,0,106,258,133,232,187,218,109,0,0,0,0.43388373911755823,-0.900968867902419,-0.8660254037844385,-0.5000000000000004,178432.18768234964,167619.70969309055,30
2025-08-15,2025,8,3,4,0,14960,1247094.38,631646.62,817.5,653698.3,889677.42,669976.38,936195.06,848168.0,806341.0,1,0,0,105,259,132,233,186,217,108,0,0,0,-0.433883739117558,-0.9009688679024191,-0.8660254037844385,-0.5000000000000004,247216.8169400474,185840.60682913338,0
2025-08-16,2025,8,3,5,1,17685,1460335.93,742486.89,817.5,1247094.38,1018147.51,658127.45,1257437.46,911338.0,833081.0,1,0,0,104,260,131,234,185,216,107,0,0,0,-0.9749279121818236,-0.2225209339563146,-0.8660254037844385,-0.5000000000000004,337791.9404228138,218605.00089865664,0
2025-08-17,2025,8,3,6,1,18189,1448491.52,733296.73,817.5,1460335.93,1036053.92,890377.43,1481652.59,970258.0,851685.0,1,0,0,103,261,130,235,184,215,106,0,0,0,-0.7818314824680299,0.6234898018587334,-0.8660254037844385,-0.5000000000000004,394398.18557170994,245716.4233888247,0
2025-08-18,2025,8,3,0,0,11694,907532.8,458284.05,817.5,1448491.52,656107.09,1018859.28,1450184.49,1006176.0,847974.0,1,0,0,102,262,129,236,183,214,105,0,0,0,0.0,1.0,-0.8660254037844385,-0.5000000000000004,371822.7015814469,243938.860905956,0
2025-08-19,2025,8,3,1,0,11464,928185.3,470606.94,817.5,907532.8,655674.66,1016760.24,921160.67,1045106.0,845022.0,1,0,0,101,263,128,237,182,213,104,0,0,0,0.7818314824680298,0.6234898018587336,-0.8660254037844385,-0.5000000000000004,342085.6279201518,242356.42183693784,0
2025-08-20,2025,8,3,2,0,11608,947882.94,480581.95,817.5,928185.3,670401.37,645502.37,921535.98,1084746.0,855101.0,1,0,0,100,264,127,238,181,212,103,0,0,0,0.9749279121818236,-0.22252093395631434,-0.8660254037844385,-0.5000000000000004,305555.50047757267,240049.36053579408,0
2025-08-21,2025,8,3,3,0,11446,939974.72,477154.82,817.5,947882.94,653698.3,657947.46,928001.98,1125643.0,864502.0,1,0,0,99,265,126,239,180,211,102,0,0,0,0.43388373911755823,-0.900968867902419,-0.8660254037844385,-0.5000000000000004,252861.59380285707,237571.76259694036,0
2025-08-22,2025,8,3,4,0,15371,1252329.06,635557.31,817.5,939974.72,1247094.38,651478.72,942940.46,1126390.0,884530.0,1,0,0,98,266,125,240,179,210,101,0,0,0,-0.433883739117558,-0.9009688679024191,-0.8660254037844385,-0.5000000000000004,253288.01931269557,244227.63561506724,0
2025-08-23,2025,8,3,5,1,18235,1421338.21,722256.64,817.5,1252329.06,1460335.93,664775.29,1255672.45,1120819.0,909749.0,1,0,0,97,267,124,241,178,209,100,0,0,0,-0.9749279121818236,-0.2225209339563146,-0.8660254037844385,-0.5000000000000004,245012.33022245456,259346.53106782216,0
2025-08-24,2025,8,3,6,1,17948,1443344.85,732725.76,817.5,1421338.21,1448491.52,879302.67,1422479.72,1120084.0,928550.0,1,0,0,96,268,123,242,177,208,99,0,0,0,-0.7818314824680299,0.6234898018587334,-0.8660254037844385,-0.5000000000000004,243870.22285436845,276913.46234959573,0
2025-08-25,2025,8,3,0,0,11603,930416.58,471236.76,817.5,1443344.85,907532.8,1036245.4,1486638.39,1123353.0,925023.0,1,0,0,95,269,122,243,176,207,98,0,0,0,0.0,1.0,-0.8660254037844385,-0.5000000000000004,240678.5623731759,276167.2929591927,0
2025-08-26,2025,8,3,1,0,11313,924628.97,469289.35,817.5,930416.58,928185.3,1047044.79,925493.37,1122845.0,920942.0,1,0,0,94,270,121,244,175,206,97,0,0,0,0.7818314824680298,0.6234898018587336,-0.8660254037844385,-0.5000000000000004,241162.47123035468,275204.88204427616,0
2025-08-27,2025,8,3,2,0,11548,942124.13,477973.29,817.5,924628.97,947882.94,651342.65,942283.78,1122022.0,930635.0,1,0,0,93,271,120,245,174,205,96,0,0,0,0.9749279121818236,-0.22252093395631434,-0.8660254037844385,-0.5000000000000004,241867.59409427975,270461.95373375854,0
2025-08-28,2025,8,3,3,0,11513,950609.34,481845.83,817.5,942124.13,939974.72,652809.92,942879.92,1123542.0,940562.0,1,0,0,92,272,119,246,173,204,95,0,0,0,0.43388373911755823,-0.900968867902419,-0.8660254037844385,-0.5000000000000004,240563.40889141458,265329.75496815785,0
2025-08-29,2025,8,3,4,0,15133,1261204.26,639194.64,817.5,950609.34,1252329.06,664457.06,963854.93,1124809.0,960453.0,1,0,0,91,273,118,247,172,203,94,0,0,0,-0.433883739117558,-0.9009688679024191,-0.8660254037844385,-0.5000000000000004,241377.32139488801,266283.7672487678,0
2025-08-30,2025,8,3,5,1,17788,1471718.51,746772.18,817.5,1261204.26,1421338.21,655256.38,1201719.86,1132007.0,987669.0,1,0,0,90,274,117,248,171,202,93,0,0,0,-0.9749279121818236,-0.2225209339563146,-0.8660254037844385,-0.5000000000000004,252200.99755129195,275576.585596802,0
2025-08-31,2025,8,3,6,1,18085,1468017.65,743549.53,817.5,1471718.51,1443344.85,875422.23,1487558.91,1135531.0,1007422.0,1,0,0,89,275,116,249,170,201,92,0,0,0,-0.7818314824680299,0.6234898018587334,-0.8660254037844385,-0.5000000000000004,257396.2612512808,288202.60932576767,0
2025-09-01,2025,9,3,0,0,12251,980585.03,496752.17,817.5,1468017.65,930416.58,1029056.72,1538203.23,1142698.0,1005806.0,1,0,0,88,276,115,250,169,200,91,0,0,0,0.0,1.0,-1.0,-1.8369701987210297e-16,251360.87996153077,288213.0075597,0
2025-09-02,2025,9,3,1,0,11934,973806.54,493437.92,817.5,980585.03,924628.97,1040746.87,977547.46,1149724.0,1003575.0,1,0,0,87,277,114,251,168,199,90,0,0,0,0.7818314824680298,0.6234898018587336,-1.0,-1.8369701987210297e-16,244853.17308735245,288192.2925554802,0
2025-09-03,2025,9,3,2,0,12135,986841.11,499282.11,817.5,973806.54,942124.13,652603.14,959176.89,1156112.0,1014716.0,1,0,0,86,278,113,252,167,198,89,0,0,0,0.9749279121818236,-0.22252093395631434,-1.0,-1.8369701987210297e-16,239048.79633648696,280514.57058534096,0
2025-09-04,2025,9,3,3,0,12047,974766.3,494394.7,817.5,986841.11,950609.34,657063.62,984993.89,1159563.0,1025306.0,1,0,0,85,279,112,253,166,197,88,0,0,0,0.43388373911755823,-0.900968867902419,-1.0,-1.8369701987210297e-16,235739.09556157477,272427.1882296144,0
2025-09-05,2025,9,3,4,0,16068,1311542.95,663642.75,817.5,974766.3,1261204.26,655887.66,983665.06,1166754.0,1047161.0,1,0,0,84,280,111,254,165,196,87,0,0,0,-0.433883739117558,-0.9009688679024191,-1.0,-1.8369701987210297e-16,240084.1907414061,268033.24738574575,0
2025-09-06,2025,9,3,5,1,19226,1533612.49,777094.52,817.5,1311542.95,1471718.51,662304.03,1287507.25,1175596.0,1076205.0,1,0,0,83,281,110,255,164,195,86,0,0,0,-0.9749279121818236,-0.2225209339563146,-1.0,-1.8369701987210297e-16,253928.1536194165,272069.13002902246,0
2025-09-07,2025,9,3,6,1,18832,1528316.05,773933.2,817.5,1533612.49,1468017.65,889677.42,1515562.99,1184210.0,1097493.0,1,0,0,82,282,109,256,163,194,85,0,0,0,-0.7818314824680299,0.6234898018587334,-1.0,-1.8369701987210297e-16,266226.2948500408,281782.72074699734,0
2025-09-08,2025,9,3,0,0,12069,998814.01,506689.73,817.5,1528316.05,980585.03,1018147.51,1523387.05,1186814.0,1096848.0,1,0,0,81,283,108,257,162,193,84,0,0,0,0.0,1.0,-1.0,-1.8369701987210297e-16,263982.23167926655,281992.4746330468,0
2025-09-09,2025,9,3,1,0,12132,981914.32,496958.11,817.5,998814.01,973806.54,1036053.92,972261.17,1187972.0,1095044.0,1,0,0,80,284,107,258,161,192,83,0,0,0,0.7818314824680298,0.6234898018587336,-1.0,-1.8369701987210297e-16,262907.4673951454,282567.60415027617,0
2025-09-10,2025,9,3,2,0,12158,1005326.72,508623.23,817.5,981914.32,986841.11,656107.09,987154.92,1190613.0,1106684.0,1,0,0,79,285,106,259,160,191,82,0,0,0,0.9749279121818236,-0.22252093395631434,-1.0,-1.8369701987210297e-16,260633.47443680037,270810.2630353447,0
2025-09-11,2025,9,3,3,0,9675,686718.6,347681.85,0.0,1005326.72,974766.3,655674.66,722764.96,1149464.0,1107719.0,0,0,0,78,286,105,260,159,190,81,0,0,0,0.43388373911755823,-0.900968867902419,-1.0,-1.8369701987210297e-16,317029.3623763405,269081.2675593752,1
2025-09-12,2025,9,3,4,0,13534,931116.15,470330.7,0.0,686718.6,1311542.95,670401.37,695572.46,1095117.0,1116410.0,0,0,0,77,287,104,261,158,189,80,0,0,0,-0.433883739117558,-0.9009688679024191,-1.0,-1.8369701987210297e-16,317221.4396440547,258471.18122055827,2
2025-09-13,2025,9,3,5,1,15534,1095983.35,554646.35,0.0,931116.15,1533612.49,653698.3,931429.59,1032598.0,1131152.0,0,0,0,76,288,103,262,157,188,79,0,0,0,-0.9749279121818236,-0.2225209339563146,-1.0,-1.8369701987210297e-16,253028.03830941362,243339.42176814604,3
2025-09-14,2025,9,3,6,1,15417,1084626.73,548457.01,0.0,1095983.35,1528316.05,1247094.38,1087486.06,969214.0,1125737.0,0,0,0,75,289,102,263,156,187,78,0,0,0,-0.7818314824680299,0.6234898018587334,-1.0,-1.8369701987210297e-16,137226.85038933883,242476.4757221192,4
2025-09-15,2025,9,3,0,0,9784,680321.96,344656.2,0.0,1084626.73,998814.01,1460335.93,1085114.78,923715.0,1099736.0,0,0,0,74,290,101,264,155,186,77,0,0,0,0.0,1.0,-1.0,-1.8369701987210297e-16,173723.36510802142,247135.83663784692,5
2025-09-16,2025,9,3,1,0,9954,676550.4,342124.48,0.0,680321.96,981914.32,1448491.52,708270.58,880092.0,1074005.0,0,0,0,73,291,100,265,154,185,76,0,0,0,0.7818314824680298,0.6234898018587336,-1.0,-1.8369701987210297e-16,193847.5575451964,249744.7414658069,6
2025-09-17,2025,9,3,2,0,9829,686776.25,347355.99,0.0,676550.4,1005326.72,907532.8,672273.75,834585.0,1066646.0,0,0,0,72,292,99,266,153,184,75,0,0,0,0.9749279121818236,-0.22252093395631434,-1.0,-1.8369701987210297e-16,196914.59492921727,257936.7273537663,7
2025-09-18,2025,9,3,3,0,10023,669335.14,338365.71,0.0,686776.25,686718.6,928185.3,693609.65,832101.0,1058018.0,0,0,0,71,293,98,267,152,183,74,0,0,0,0.43388373911755823,-0.900968867902419,-1.0,-1.8369701987210297e-16,199186.68511792523,266901.805786208,8
2025-09-19,2025,9,3,4,0,13208,930086.61,469668.29,0.0,669335.14,931116.15,947882.94,689693.77,831954.0,1057425.0,0,0,0,70,294,97,268,151,182,73,0,0,0,-0.433883739117558,-0.9009688679024191,-1.0,-1.8369701987210297e-16,199101.7505623413,267174.66843147285,9
2025-09-20,2025,9,3,5,1,15520,1085366.97,549307.27,0.0,930086.61,1095983.35,939974.72,933599.32,830438.0,1062271.0,0,0,0,69,295,96,269,150,181,72,0,0,0,-0.9749279121818236,-0.2225209339563146,-1.0,-1.8369701987210297e-16,196782.27583252336,266287.9168061191,10
2025-09-21,2025,9,3,6,1,15966,1083641.44,549422.45,0.0,1085366.97,1084626.73,1252329.06,1049965.8,830297.0,1056648.0,0,0,0,68,296,95,270,149,180,71,0,0,0,-0.7818314824680299,0.6234898018587334,-1.0,-1.8369701987210297e-16,196570.3931710193,263906.6319228509,11
2025-09-22,2025,9,3,0,0,10038,671818.1,340458.82,0.0,1083641.44,680321.96,1421338.21,1077739.55,829082.0,1031664.0,0,0,0,67,297,94,271,148,179,70,0,0,0,0.0,1.0,-1.0,-1.8369701987210297e-16,197674.9160392943,263669.3508615614,12
2025-09-23,2025,9,3,1,0,9762,666127.1,336941.35,0.0,671818.1,676550.4,1443344.85,677161.05,827593.0,1005757.0,0,0,0,66,298,93,272,147,178,69,0,0,0,0.7818314824680298,0.6234898018587336,-1.0,-1.8369701987210297e-16,199049.8794238718,259981.78910284885,13
2025-09-24,2025,9,3,2,0,9871,703034.88,356043.85,0.0,666127.1,686776.25,930416.58,705031.87,829916.0,998178.0,0,0,0,65,299,92,273,146,177,68,0,0,0,0.9749279121818236,-0.22252093395631434,-1.0,-1.8369701987210297e-16,197219.3064597928,265509.69426770625,14
2025-09-25,2025,9,3,3,0,10182,706345.37,357641.05,0.0,703034.88,669335.14,924628.97,679314.51,835203.0,990902.0,0,0,0,64,300,91,274,145,176,67,0,0,0,0.43388373911755823,-0.900968867902419,-1.0,-1.8369701987210297e-16,192639.8003462982,270538.0963459453,15
2025-09-26,2025,9,3,4,0,13351,903777.44,458248.92,0.0,706345.37,930086.61,942124.13,678604.61,831444.0,989623.0,0,0,0,63,301,90,275,144,175,66,0,0,0,-0.433883739117558,-0.9009688679024191,-1.0,-1.8369701987210297e-16,190727.21562497562,270866.8936944727,16
2025-09-27,2025,9,3,5,1,15796,1066987.38,540767.09,0.0,903777.44,1085366.97,950609.34,929021.99,828819.0,993503.0,0,0,0,62,302,89,276,143,174,65,0,0,0,-0.9749279121818236,-0.2225209339563146,-1.0,-1.8369701987210297e-16,186733.67519114717,271122.1240029867,17
2025-09-28,2025,9,3,6,1,15960,1082377.13,546664.13,0.0,1066987.38,1083641.44,1261204.26,1086094.24,828638.0,987542.0,0,0,0,61,303,88,277,142,173,64,0,0,0,-0.7818314824680299,0.6234898018587334,-1.0,-1.8369701987210297e-16,186446.51299307356,266967.4867891632,18
2025-09-29,2025,9,3,0,0,9988,693833.86,351526.28,0.0,1082377.13,671818.1,1471718.51,1078847.83,831783.0,961612.0,0,0,0,60,304,87,278,141,172,63,0,0,0,0.0,1.0,-1.0,-1.8369701987210297e-16,183523.04015527188,255865.30529618933,19
2025-09-30,2025,9,3,1,0,9797,692017.6,350024.14,0.0,693833.86,666127.1,1468017.65,679413.81,835482.0,935746.0,0,0,0,59,305,86,279,140,171,62,0,0,0,0.7818314824680298,0.6234898018587336,-1.0,-1.8369701987210297e-16,179852.2318220902,241739.87992462429,20
2025-10-01,2025,10,4,2,0,10882,753760.21,379704.24,0.0,692017.6,703034.88,980585.03,744102.03,842728.0,928185.0,0,0,0,58,306,85,280,139,170,61,0,0,0,0.9749279121818236,-0.22252093395631434,-0.8660254037844386,0.5000000000000001,174570.70590856607,243827.24529685586,21
2025-10-02,2025,10,4,3,0,10542,734110.09,370531.72,0.0,753760.21,706345.37,973806.54,726867.13,846695.0,920195.0,0,0,0,57,307,84,281,138,169,60,0,0,0,0.43388373911755823,-0.900968867902419,-0.8660254037844386,0.5000000000000001,171239.1443704978,246196.48244840562,22
2025-10-03,2025,10,4,4,0,13740,981159.09,493991.51,0.0,734110.09,903777.44,986841.11,748262.46,857749.0,920005.0,0,0,0,56,308,83,282,137,168,59,0,0,0,-0.433883739117558,-0.9009688679024191,-0.8660254037844386,0.5000000000000001,177906.27932714918,246145.62342420587,23
2025-10-04,2025,10,4,5,1,16961,1156414.66,582503.57,0.0,981159.09,1066987.38,974766.3,995774.85,870525.0,926060.0,0,0,0,55,309,82,283,136,167,58,0,0,0,-0.9749279121818236,-0.2225209339563146,-0.8660254037844386,0.5000000000000001,197560.88479804105,249746.97875881204,24
2025-10-05,2025,10,4,6,1,16829,1153641.1,580769.97,0.0,1156414.66,1082377.13,1311542.95,1161484.44,880705.0,920797.0,0,0,0,54,310,81,284,135,166,57,0,0,0,-0.7818314824680299,0.6234898018587334,-0.8660254037844386,0.5000000000000001,211632.44896423916,242913.21981592214,25
2025-10-06,2025,10,4,0,0,10558,740141.18,373291.11,0.0,1153641.1,693833.86,1533612.49,1164659.72,887321.0,894348.0,0,0,0,53,311,80,285,134,165,56,0,0,0,0.0,1.0,-0.8660254037844386,0.5000000000000001,205451.0345901445,215543.04675640774,26
2025-10-07,2025,10,4,1,0,10564,748905.63,377339.59,0.0,740141.18,692017.6,1528316.05,740246.96,895447.0,868368.0,0,0,0,52,312,79,286,133,164,55,0,0,0,0.7818314824680298,0.6234898018587336,-0.8660254037844386,0.5000000000000001,197405.62768397134,180640.04793052518,27
2025-10-08,2025,10,4,2,0,10821,737000.26,370655.88,0.0,748905.63,753760.21,998814.01,730906.27,893053.0,859641.0,0,0,0,51,313,78,287,132,163,54,0,0,0,0.9749279121818236,-0.22252093395631434,-0.8660254037844386,0.5000000000000001,199501.04435354285,180444.87524329647,28
2025-10-09,2025,10,4,3,0,10897,727171.6,365324.59,0.0,737000.26,734110.09,981914.32,768485.02,892062.0,851149.0,0,0,0,50,314,77,288,131,162,53,0,0,0,0.43388373911755823,-0.900968867902419,-0.8660254037844386,0.5000000000000001,200437.40290398663,180486.3394617281,29
2025-10-10,2025,10,4,4,0,14207,987013.63,497768.06,0.0,727171.6,981159.09,1005326.72,745522.38,892898.0,850539.0,0,0,0,49,315,76,289,130,161,52,0,0,0,-0.433883739117558,-0.9009688679024191,-0.8660254037844386,0.5000000000000001,200882.85963618444,179977.15336467253,30
2025-10-11,2025,10,4,5,1,16794,1114491.67,559535.01,0.0,987013.63,1156414.66,686718.6,991253.58,886909.0,864798.0,0,0,0,48,316,75,290,129,160,51,0,0,0,-0.9749279121818236,-0.2225209339563146,-0.8660254037844386,0.5000000000000001,192152.37538979025,183462.48442743855,31
2025-10-12,2025,10,4,6,1,16633,1166760.12,587125.26,0.0,1114491.67,1153641.1,931116.15,1162840.07,888783.0,872653.0,0,0,0,47,317,74,291,128,159,50,0,0,0,-0.7818314824680299,0.6234898018587334,-0.8660254037844386,0.5000000000000001,195226.89948211788,191277.75541066242,32
2025-10-13,2025,10,4,0,0,10705,725391.86,365660.59,0.0,1166760.12,740141.18,1095983.35,1161378.7,886676.0,860300.0,0,0,0,46,318,73,292,127,158,49,0,0,0,0.0,1.0,-0.8660254037844386,0.5000000000000001,197168.48260478518,188300.8737284159,33
2025-10-14,2025,10,4,1,0,10652,737520.03,371625.51,0.0,725391.86,748905.63,1084626.73,748603.17,885050.0,848729.0,0,0,0,45,319,72,293,126,157,48,0,0,0,0.7818314824680298,0.6234898018587336,-0.8660254037844386,0.5000000000000001,198536.63889510106,184670.75577331902,34
2025-10-15,2025,10,4,2,0,10687,724560.71,365304.34,0.0,737520.03,737000.26,680321.96,748932.62,883273.0,850204.0,0,0,0,44,320,71,294,125,156,47,0,0,0,0.9749279121818236,-0.22252093395631434,-0.8660254037844386,0.5000000000000001,200131.93964046377,183452.23232601903,35
2025-10-16,2025,10,4,3,0,10479,734234.88,370147.28,0.0,724560.71,727171.6,676550.4,750634.46,884282.0,852127.0,0,0,0,43,321,70,295,124,155,46,0,0,0,0.43388373911755823,-0.900968867902419,-0.8660254037844386,0.5000000000000001,199229.49470798703,181864.79268683444,36
2025-10-17,2025,10,4,4,0,14206,981147.07,495353.31,0.0,734234.88,987013.63,686776.25,739059.0,883444.0,861939.0,0,0,0,42,322,69,296,123,154,45,0,0,0,-0.433883739117558,-0.9009688679024191,-0.8660254037844386,0.5000000000000001,198737.04773849045,180572.48752016763,37
2025-10-18,2025,10,4,5,1,16419,1143908.58,576052.58,0.0,981147.07,1114491.67,669335.14,994227.25,887646.0,877758.0,0,0,0,41,323,68,297,122,153,44,0,0,0,-0.9749279121818236,-0.2225209339563146,-0.8660254037844386,0.5000000000000001,204659.73726822133,183874.90601674627,38
2025-10-19,2025,10,4,6,1,16875,1131275.16,570181.78,0.0,1143908.58,1166760.12,930086.61,1169581.05,882577.0,884464.0,0,0,0,40,324,67,298,121,152,43,0,0,0,-0.7818314824680299,0.6234898018587334,-0.8660254037844386,0.5000000000000001,196885.86094752402,189434.07607958792,39
2025-10-20,2025,10,4,0,0,10828,749642.95,377128.53,0.0,1131275.16,725391.86,1085366.97,1157123.28,886041.0,873274.0,0,0,0,39,325,66,299,120,151,42,0,0,0,0.0,1.0,-0.8660254037844386,0.5000000000000001,193848.96839958176,187058.06115535673,40
2025-10-21,2025,10,4,1,0,11109,760809.14,383648.77,0.0,749642.95,737520.03,1083641.44,745988.55,889368.0,862513.0,0,0,0,38,326,65,300,119,150,41,0,0,0,0.7818314824680298,0.6234898018587336,-0.8660254037844386,0.5000000000000001,191054.78117339124,183796.22265549956,41
2025-10-22,2025,10,4,2,0,10934,757254.27,382193.12,0.0,760809.14,724560.71,671818.1,743431.36,894039.0,865360.0,0,0,0,37,327,64,301,118,149,40,0,0,0,0.9749279121818236,-0.22252093395631434,-0.8660254037844386,0.5000000000000001,186704.51363107612,181385.6723684268,42
2025-10-23,2025,10,4,3,0,10714,737713.68,371770.94,0.0,757254.27,734234.88,666127.1,753145.78,894536.0,867747.0,0,0,0,36,328,63,302,117,148,39,0,0,0,0.43388373911755823,-0.900968867902419,-0.8660254037844386,0.5000000000000001,186212.23261172904,179131.14493110665,43
2025-10-24,2025,10,4,4,0,14142,989217.77,498971.44,0.0,737713.68,981147.07,703034.88,744699.41,895689.0,877286.0,0,0,0,35,329,62,303,116,147,38,0,0,0,-0.433883739117558,-0.9009688679024191,-0.8660254037844386,0.5000000000000001,186861.72742157264,177671.36038257807,44
2025-10-25,2025,10,4,5,1,16769,1156115.68,582659.46,0.0,989217.77,1143908.58,706345.37,993680.72,897433.0,892278.0,0,0,0,34,330,61,304,115,146,37,0,0,0,-0.9749279121818236,-0.2225209339563146,-0.8660254037844386,0.5000000000000001,189601.1797847445,181680.68934774605,45
2025-10-26,2025,10,4,6,1,16750,1157460.04,583684.11,0.0,1156115.68,1131275.16,903777.44,1168873.22,901173.0,900735.0,0,0,0,33,331,60,305,114,145,36,0,0,0,-0.7818314824680299,0.6234898018587334,-0.8660254037844386,0.5000000000000001,195160.45444188252,188027.16097804595,46
2025-10-27,2025,10,4,0,0,10566,742931.89,374769.93,0.0,1157460.04,749642.95,1066987.38,1144101.75,900215.0,889933.0,0,0,0,32,332,59,306,113,144,35,0,0,0,0.0,1.0,-0.8660254037844386,0.5000000000000001,196043.3971995836,187454.2218582377,47
2025-10-28,2025,10,4,1,0,10586,739498.18,374108.23,0.0,742931.89,760809.14,1082377.13,752615.03,897170.0,878503.0,0,0,0,31,333,58,307,112,143,34,0,0,0,0.7818314824680298,0.6234898018587336,-0.8660254037844386,0.5000000000000001,198716.33424028652,185761.27674344808,48
2025-10-29,2025,10,4,2,0,10929,750531.81,378544.99,0.0,739498.18,757254.27,693833.86,734224.56,896210.0,880393.0,0,0,0,30,334,57,308,111,142,33,0,0,0,0.9749279121818236,-0.22252093395631434,-0.8660254037844386,0.5000000000000001,199519.83326836774,184098.64649012443,49
2025-10-30,2025,10,4,3,0,10723,752841.06,379342.88,0.0,750531.81,737713.68,692017.6,752559.38,898371.0,882421.0,0,0,0,29,335,56,309,110,141,32,0,0,0,0.43388373911755823,-0.900968867902419,-0.8660254037844386,0.5000000000000001,197589.58547303182,182278.48005432042,50
2025-10-31,2025,10,4,4,0,14300,983099.54,495990.71,0.0,752841.06,989217.77,753760.21,743356.13,897497.0,890065.0,0,0,0,28,336,55,310,109,140,31,0,0,0,-0.433883739117558,-0.9009688679024191,-0.8660254037844386,0.5000000000000001,197133.75622703528,181503.99711527498,51
2025-11-01,2025,11,4,5,1,19690,1653155.56,834772.73,0.0,983099.54,1156115.68,734110.09,1401578.55,968503.0,920700.0,0,1,0,27,337,54,311,108,139,30,0,0,0,-0.9749279121818236,-0.2225209339563146,-0.5000000000000004,0.8660254037844384,342056.03711071634,226304.41513522418,52
2025-11-02,2025,11,4,6,1,19505,1621485.41,817792.12,0.0,1653155.56,1157460.04,981159.09,1581992.35,1034792.0,942045.0,0,1,0,26,338,53,312,107,138,29,0,0,0,-0.7818314824680299,0.6234898018587334,-0.5000000000000004,0.8660254037844384,420700.94529234746,259905.4347097874,53
2025-11-03,2025,11,4,0,0,12647,1048931.0,529605.29,0.0,1621485.41,742931.89,1156414.66,1641979.15,1078506.0,938462.0,0,1,0,25,339,52,313,106,137,28,0,0,0,0.0,1.0,-0.5000000000000004,0.8660254037844384,400744.48513555265,257578.8652421527,54
2025-11-04,2025,11,4,1,0,12515,1024949.35,517450.56,0.0,1048931.0,739498.18,1153641.1,1046651.72,1119285.0,934172.0,0,1,0,24,340,51,314,105,136,27,0,0,0,0.7818314824680298,0.6234898018587336,-0.5000000000000004,0.8660254037844384,374138.6736289322,254929.68428170047,55
2025-11-05,2025,11,4,2,0,12736,1036433.86,522902.93,0.0,1024949.35,750531.81,740141.18,1029298.6,1160128.0,944048.0,0,1,0,23,341,50,315,104,135,26,0,0,0,0.9749279121818236,-0.22252093395631434,-0.5000000000000004,0.8660254037844384,341342.1651659732,252884.62660350642,56
2025-11-06,2025,11,4,3,0,12885,1054869.63,531522.83,0.0,1036433.86,752841.06,748905.63,1020857.46,1203275.0,954247.0,0,1,0,22,342,49,316,103,134,25,0,0,0,0.43388373911755823,-0.900968867902419,-0.5000000000000004,0.8660254037844384,297560.05727407575,250905.15913502732,57
2025-11-07,2025,11,4,4,0,17096,1390904.06,700758.93,0.0,1054869.63,983099.54,737000.26,1023539.62,1261533.0,976044.0,0,1,0,21,343,48,317,102,133,24,0,0,0,-0.433883739117558,-0.9009688679024191,-0.5000000000000004,0.8660254037844384,287002.21930340305,259632.9321994702,58
2025-11-08,2025,11,4,5,1,19844,1609791.75,812290.34,0.0,1390904.06,1653155.56,727171.6,1388249.55,1255338.0,1005465.0,0,1,0,20,344,47,318,101,132,23,0,0,0,-0.9749279121818236,-0.2225209339563146,-0.5000000000000004,0.8660254037844384,277449.36863627407,279691.9472489431,59
2025-11-09,2025,11,4,6,1,19297,1602398.58,808056.06,0.0,1609791.75,1621485.41,987013.63,1608623.17,1252611.0,1025978.0,0,1,0,19,345,46,319,100,131,22,0,0,0,-0.7818314824680299,0.6234898018587334,-0.5000000000000004,0.8660254037844384,273314.2221831742,300112.9861727574,60
2025-11-10,2025,11,4,0,0,12864,1036302.51,522458.86,0.0,1602398.58,1048931.0,1114491.67,1647602.44,1250807.0,1023371.0,0,1,0,18,346,45,320,99,130,21,0,0,0,0.0,1.0,-0.5000000000000004,0.8660254037844384,274919.6932711136,299656.9529360148,61
2025-11-11,2025,11,4,1,0,12482,1054279.68,532051.0,0.0,1036302.51,1024949.35,1166760.12,1030258.93,1254997.0,1019622.0,0,1,0,17,347,44,321,98,129,20,0,0,0,0.7818314824680298,0.6234898018587336,-0.5000000000000004,0.8660254037844384,271100.66834599583,298502.4471835939,62
2025-11-12,2025,11,4,2,0,12798,1058104.16,534263.13,0.0,1054279.68,1036433.86,725391.86,1023853.49,1258093.0,1030712.0,0,1,0,16,348,43,322,97,128,19,0,0,0,0.9749279121818236,-0.22252093395631434,-0.5000000000000004,0.8660254037844384,268298.1196143408,293329.7132390015,63
2025-11-13,2025,11,4,3,0,12624,1055385.55,532168.58,0.0,1058104.16,1054869.63,737520.03,1064870.49,1258167.0,1041308.0,0,1,0,15,349,42,323,96,127,18,0,0,0,0.43388373911755823,-0.900968867902419,-0.5000000000000004,0.8660254037844384,268233.05170783226,288067.6664551947,64
2025-11-14,2025,11,4,4,0,17027,1415260.96,714348.28,0.0,1055385.55,1390904.06,724560.71,1034398.86,1261646.0,1064331.0,0,1,0,14,350,41,324,95,126,17,0,0,0,-0.433883739117558,-0.9009688679024191,-0.5000000000000004,0.8660254037844384,270391.2205724157,289477.32177386305,65
2025-11-15,2025,11,4,5,1,19929,1626394.25,821873.13,0.0,1415260.96,1609791.75,734234.88,1368977.23,1264018.0,1094070.0,0,1,0,13,351,40,325,94,125,16,0,0,0,-0.9749279121818236,-0.2225209339563146,-0.5000000000000004,0.8660254037844384,274002.7105686101,300030.81958726427,66
2025-11-16,2025,11,4,6,1,19928,1646860.95,832552.95,0.0,1626394.25,1602398.58,981147.07,1602070.65,1270370.0,1116260.0,0,1,0,12,352,39,326,93,124,15,0,0,0,-0.7818314824680299,0.6234898018587334,-0.5000000000000004,0.8660254037844384,283504.793949613,315605.0751603544,67
2025-11-17,2025,11,4,0,0,12903,1077147.41,543735.59,0.0,1646860.95,1036302.51,1143908.58,1621757.52,1276205.0,1114035.0,0,1,0,11,353,38,327,92,123,14,0,0,0,0.0,1.0,-0.5000000000000004,0.8660254037844384,278256.14153079246,315638.769634867,68
2025-11-18,2025,11,4,1,0,12829,1050407.14,529616.58,0.0,1077147.41,1054279.68,1131275.16,1030358.21,1275651.0,1111339.0,0,1,0,10,354,37,328,91,122,13,0,0,0,0.7818314824680298,0.6234898018587336,-0.5000000000000004,0.8660254037844384,278774.2704224415,315831.71125191625,69
2025-11-19,2025,11,4,2,0,12402,1040059.91,525225.93,0.0,1050407.14,1058104.16,749642.95,1034056.3,1273074.0,1121020.0,0,1,0,9,355,36,329,90,121,12,0,0,0,0.9749279121818236,-0.22252093395631434,-0.5000000000000004,0.8660254037844384,281194.06147628196,308734.0977037492,70
2025-11-20,2025,11,4,3,0,12522,1011958.36,511307.22,0.0,1040059.91,1055385.55,760809.14,1042310.89,1266870.0,1129391.0,0,1,0,8,356,35,330,89,120,11,0,0,0,0.43388373911755823,-0.900968867902419,-0.5000000000000004,0.8660254037844384,287211.9651287004,301960.5868034266,71
2025-11-21,2025,11,4,4,0,16928,1407184.11,709417.19,0.0,1011958.36,1415260.96,757254.27,1072655.94,1265716.0,1151056.0,0,1,0,7,357,34,331,88,119,10,1,0,0,-0.433883739117558,-0.9009688679024191,-0.5000000000000004,0.8660254037844384,286531.88543397625,297624.3900956182,72
2025-11-22,2025,11,4,5,1,19297,1611502.01,812045.22,0.0,1407184.11,1626394.25,737713.68,1409424.99,1263589.0,1180182.0,0,1,0,6,358,33,332,87,118,9,1,0,0,-0.9749279121818236,-0.2225209339563146,-0.5000000000000004,0.8660254037844384,283446.2355769415,298533.0145059384,73
2025-11-23,2025,11,4,6,1,20022,1641752.29,828291.75,0.0,1611502.01,1646860.95,989217.77,1647229.91,1262859.0,1201933.0,0,1,0,5,359,32,333,86,117,8,1,0,0,-0.7818314824680299,0.6234898018587334,-0.5000000000000004,0.8660254037844384,282299.18058093084,307768.5643108874,74
2025-11-24,2025,11,4,0,0,12605,1042996.25,526912.97,0.0,1641752.29,1077147.41,1156115.68,1590426.1,1257980.0,1198163.0,0,1,0,4,360,31,334,85,116,7,1,0,0,0.0,1.0,-0.5000000000000004,0.8660254037844384,286310.1949848949,309039.5782479594,75
2025-11-25,2025,11,4,1,0,12771,1030644.49,519225.14,0.0,1042996.25,1050407.14,1157460.04,1025628.12,1255157.0,1193935.0,0,1,0,3,361,30,335,84,115,6,1,0,0,0.7818314824680298,0.6234898018587336,-0.5000000000000004,0.8660254037844384,288784.90097535565,310479.490495226,76
2025-11-26,2025,11,4,2,0,12660,1040468.85,524787.01,0.0,1030644.49,1040059.91,742931.89,1066537.04,1255215.0,1203853.0,0,1,0,2,362,29,336,83,114,5,1,0,0,0.9749279121818236,-0.22252093395631434,-0.5000000000000004,0.8660254037844384,288734.17246848426,300156.5560926828,77
2025-11-27,2025,11,4,3,0,12222,1048644.09,529474.48,0.0,1040468.85,1011958.36,739498.18,1040263.2,1260456.0,1214158.0,0,1,0,1,363,28,337,82,113,4,1,0,0,0.43388373911755823,-0.900968867902419,-0.5000000000000004,0.8660254037844384,283874.97381487745,288754.9556846773,78
2025-11-28,2025,11,4,4,0,36182,4159062.43,2105019.74,17888.5,1048644.09,1407184.11,750531.81,1021289.32,1653581.0,1327776.0,1,1,0,0,0,27,338,81,112,3,1,0,0,-0.433883739117558,-0.9009688679024191,-0.5000000000000004,0.8660254037844384,1138863.9486958338,601384.7743945459,0
2025-11-29,2025,11,4,5,1,42141,4870564.86,2456911.44,17888.5,4159062.43,1611502.01,752841.06,3855798.6,2119162.0,1465033.0,1,1,0,363,1,26,339,80,111,2,1,0,0,-0.9749279121818236,-0.2225209339563146,-0.5000000000000004,0.8660254037844384,1663927.186511374,873831.4658098663,0
2025-11-30,2025,11,4,6,1,43244,5040066.38,2544405.78,17888.5,4870564.86,1641752.29,983099.54,4587709.36,2604635.0,1600266.0,1,1,0,362,2,25,340,79,110,1,1,0,0,-0.7818314824680299,0.6234898018587334,-0.5000000000000004,0.8660254037844384,1969174.6976903814,1085068.4103320385,0
2025-12-01,2025,12,4,0,0,33353,5563704.35,2831309.06,35777.5,5040066.38,1042996.25,1653155.56,4850672.68,3250451.0,1730617.0,1,1,1,361,3,24,341,78,109,0,1,0,0,0.0,1.0,-2.4492935982947064e-16,1.0,2108068.76998,1304371.083009288,0
2025-12-02,2025,12,4,1,0,14966,1804434.46,914290.24,23000.0,5563704.35,1030644.49,1621485.41,5227095.73,3360992.0,1736715.0,1,1,1,360,4,23,342,77,108,363,0,0,0,0.7818314824680298,0.6234898018587336,-2.4492935982947064e-16,1.0,1989204.6577799942,1304270.9328498296,0
2025-12-03,2025,12,4,2,0,13524,1102902.85,554668.02,0.0,1804434.46,1040468.85,1048931.0,1805821.65,3369911.0,1738515.0,0,1,1,359,5,22,343,76,107,362,0,0,0,0.9749279121818236,-0.22252093395631434,-2.4492935982947064e-16,1.0,1977169.4017697806,1303326.3965841122,1
2025-12-04,2025,12,4,3,0,13769,1132530.45,569998.84,0.0,1102902.85,1048644.09,1024949.35,1113979.84,3381895.0,1742101.0,0,1,1,358,6,21,344,75,106,361,0,0,0,0.43388373911755823,-0.900968867902419,-2.4492935982947064e-16,1.0,1960942.7743366666,1301441.9964944494,2
2025-12-05,2025,12,4,4,0,18187,1478217.11,743332.55,0.0,1132530.45,4159062.43,1036433.86,1109967.36,2998917.0,1756827.0,0,1,1,357,7,20,345,74,105,360,0,0,0,-0.433883739117558,-0.9009688679024191,-2.4492935982947064e-16,1.0,2043896.4324246263,1295668.5144083735,3
2025-12-06,2025,12,4,5,1,21044,1707743.72,856846.32,0.0,1478217.11,4870564.86,1054869.63,1466200.09,2547086.0,1778589.0,0,1,1,356,8,19,346,73,104,359,0,0,0,-0.9749279121818236,-0.2225209339563146,-2.4492935982947064e-16,1.0,1906133.8400136097,1288937.1106968892,4
2025-12-07,2025,12,4,6,1,21155,1707599.78,859005.19,0.0,1707743.72,5040066.38,1390904.06,1714917.29,2071019.0,1789146.0,0,1,1,355,9,18,347,72,103,358,0,0,0,-0.7818314824680299,0.6234898018587334,-2.4492935982947064e-16,1.0,1565427.7609626716,1286947.7918768383,5
2025-12-08,2025,12,4,0,0,13657,1097564.11,551772.24,0.0,1707599.78,5563704.35,1609791.75,1712174.97,1432999.0,1772071.0,0,1,1,354,10,17,348,71,102,357,0,0,0,0.0,1.0,-2.4492935982947064e-16,1.0,316928.12307500734,1292794.023888097,6
2025-12-09,2025,12,4,1,0,13679,1113238.51,560330.58,0.0,1097564.11,1804434.46,1602398.58,1089973.9,1334257.0,1755766.0,0,1,1,353,11,16,349,70,101,356,0,0,0,0.7818314824680298,0.6234898018587336,-2.4492935982947064e-16,1.0,288297.5070595182,1298081.7578445617,7
2025-12-10,2025,12,4,2,0,25357,2525054.73,1267791.04,2800.0,1113238.51,1102902.85,1036302.51,2430066.5,1537421.0,1805391.0,1,1,1,352,12,15,350,69,100,355,0,0,0,0.9749279121818236,-0.22252093395631434,-2.4492935982947064e-16,1.0,512223.4794366998,1298085.7132912877,0
2025-12-11,2025,12,4,3,0,25120,2587713.8,1298988.26,2800.0,2525054.73,1132530.45,1054279.68,2459589.28,1745305.0,1856506.0,1,1,1,351,13,14,351,68,99,354,0,1,0,0.43388373911755823,-0.900968867902419,-2.4492935982947064e-16,1.0,607029.2429069455,1297680.2738114006,0
2025-12-12,2025,12,4,4,0,32966,3296445.01,1652832.47,2800.0,2587713.8,1478217.11,1058104.16,2422472.4,2005051.0,1931117.0,1,1,1,350,14,13,352,67,98,353,0,1,0,-0.433883739117558,-0.9009688679024191,-2.4492935982947064e-16,1.0,823946.7141592545,1314432.139573521,0
2025-12-13,2025,12,4,5,1,38739,3869777.07,1944438.25,2800.0,3296445.01,1707743.72,1055385.55,3263375.51,2313913.0,2024930.0,1,1,1,349,15,12,353,66,97,352,0,1,0,-0.9749279121818236,-0.2225209339563146,-2.4492935982947064e-16,1.0,1064140.454162171,1349734.257787784,0
2025-12-14,2025,12,4,6,1,39327,3872417.78,1944340.56,2800.0,3869777.07,1707599.78,1415260.96,3761632.4,2623173.0,2106835.0,1,1,1,348,16,11,354,65,96,351,0,1,0,-0.7818314824680299,0.6234898018587334,-2.4492935982947064e-16,1.0,1168060.9734554593,1385540.5404873097,0
2025-12-15,2025,12,4,0,0,24737,2521530.33,1264250.84,2800.0,3872417.78,1097564.11,1626394.25,3804203.77,2826597.0,2136673.0,1,1,1,347,17,10,355,64,95,350,0,1,0,0.0,1.0,-2.4492935982947064e-16,1.0,964311.3974113427,1384475.4339807574,0
2025-12-16,2025,12,4,1,0,25231,2548316.53,1280769.16,2800.0,2521530.33,1113238.51,1646860.95,2453573.22,3031608.0,2166722.0,1,1,1,346,18,9,356,63,94,349,0,1,0,0.7818314824680298,0.6234898018587336,-2.4492935982947064e-16,1.0,636005.1452180124,1383260.036414271,0
2025-12-17,2025,12,4,2,0,25621,2610131.12,1309717.33,2800.0,2548316.53,2525054.73,1077147.41,2472825.69,3043762.0,2217821.0,1,1,1,345,19,8,357,62,93,348,0,1,0,0.9749279121818236,-0.22252093395631434,-2.4492935982947064e-16,1.0,625436.8916796903,1369872.2172228505,0
2025-12-18,2025,12,4,3,0,25266,2528620.47,1269853.04,2800.0,2610131.12,2587713.8,1050407.14,2452302.4,3035320.0,2267095.0,1,1,1,344,20,7,358,61,92,347,0,1,0,0.43388373911755823,-0.900968867902419,-2.4492935982947064e-16,1.0,632971.7961028022,1352913.2118519258,0
2025-12-19,2025,12,4,4,0,33803,3416841.04,1719398.4,2800.0,2528620.47,3296445.01,1040059.91,2456934.75,3052519.0,2346321.0,1,1,1,343,21,6,359,60,91,346,0,1,0,-0.433883739117558,-0.9009688679024191,-2.4492935982947064e-16,1.0,642809.0846413443,1348164.1297156697,0
2025-12-20,2025,12,4,5,1,38384,3821742.79,1913488.69,2800.0,3416841.04,3869777.07,1011958.36,3254534.51,3045657.0,2439980.0,1,1,1,342,22,5,360,59,90,345,0,1,0,-0.9749279121818236,-0.2225209339563146,-2.4492935982947064e-16,1.0,632809.3455833851,1349866.3081837613,0
2025-12-21,2025,12,4,6,1,39182,3943078.44,1976799.33,2800.0,3821742.79,3872417.78,1407184.11,3679702.59,3055752.0,2524510.0,1,1,1,341,23,4,361,58,89,344,0,1,0,-0.7818314824680299,0.6234898018587334,-2.4492935982947064e-16,1.0,648563.0994511793,1362304.2011896102,0
2025-12-22,2025,12,4,0,0,24994,2570679.01,1289892.53,2800.0,3943078.44,2521530.33,1611502.01,3832606.03,3062773.0,2556483.0,1,1,1,340,24,3,362,57,88,343,0,1,0,0.0,1.0,-2.4492935982947064e-16,1.0,642049.133391109,1351349.1292909211,0
2025-12-23,2025,12,4,1,0,25158,2534521.77,1272098.34,2800.0,2570679.01,2548316.53,1641752.29,2352364.07,3060802.0,2586242.0,1,1,1,339,25,2,363,56,87,342,0,1,0,0.7818314824680298,0.6234898018587336,-2.4492935982947064e-16,1.0,643909.8344278599,1340295.5429464814,0
2025-12-24,2025,12,4,2,0,24952,2527029.89,1268991.35,2800.0,2534521.77,2610131.12,1042996.25,2432995.02,3048930.0,2635710.0,1,1,1,338,26,1,364,55,86,341,0,1,0,0.9749279121818236,-0.22252093395631434,-2.4492935982947064e-16,1.0,654286.0158025691,1308379.6194940584,0
2025-12-25,2025,12,4,3,0,25017,2483331.4,1244611.88,2800.0,2527029.89,2528620.47,1030644.49,2496103.76,3042461.0,2684132.0,1,1,1,337,27,0,0,54,85,340,0,1,0,0.43388373911755823,-0.900968867902419,-2.4492935982947064e-16,1.0,660483.1491694177,1273340.7270096217,0
2025-12-26,2025,12,4,4,0,18307,1482048.71,746160.29,0.0,2483331.4,3416841.04,1040468.85,1101962.83,2766062.0,2698852.0,0,1,1,336,28,364,1,53,84,339,0,0,0,-0.433883739117558,-0.9009688679024191,-2.4492935982947064e-16,1.0,854144.6103147652,1256121.248603293,1
2025-12-27,2025,12,4,5,1,20966,1715149.08,863330.17,0.0,1482048.71,3821742.79,1048644.09,1484637.35,2465120.0,2721069.0,0,1,1,335,29,363,2,52,83,338,0,0,0,-0.9749279121818236,-0.2225209339563146,-2.4492935982947064e-16,1.0,788814.5633666408,1231582.3171642977,2
2025-12-28,2025,12,4,6,1,21827,1730843.16,870616.98,0.0,1715149.08,3943078.44,4159062.43,1676606.24,2149086.0,2640128.0,0,1,1,334,30,362,3,51,82,337,0,0,0,-0.7818314824680299,0.6234898018587334,-2.4492935982947064e-16,1.0,481149.6718427988,1213476.5338911393,3
2025-12-29,2025,12,4,0,0,13914,1121558.54,564031.08,0.0,1730843.16,2570679.01,4870564.86,1708019.6,1942069.0,2515161.0,0,1,1,333,31,361,4,50,81,336,0,0,0,0.0,1.0,-2.4492935982947064e-16,1.0,572583.2691876363,1168050.7832296607,4
2025-12-30,2025,12,4,1,0,13521,1101691.03,553627.1,0.0,1121558.54,2534521.77,5040066.38,1103237.8,1737379.0,2383882.0,0,1,1,332,32,360,5,49,80,335,0,0,0,0.7818314824680298,0.6234898018587336,-2.4492935982947064e-16,1.0,581529.3040538139,1093423.2934267267,5
2025-12-31,2025,12,4,2,0,13534,1098036.51,550923.48,0.0,1101691.03,2527029.89,5563704.35,1103736.36,1533237.0,2235026.0,0,1,1,331,33,359,6,48,79,334,0,0,0,0.9749279121818236,-0.22252093395631434,-2.4492935982947064e-16,1.0,503744.3720796888,938616.8911663003,6
